X,Y,name,healthcare,healthcare:speciality,addr:full,addr:city,osm_id
101.7423423,3.0777114,Majestic Maxim Clinic,clinic,,"Lot S-G-25 Block D, Majestic Maxim Residence, 45, Jalan 9, Taman Bukit Cheras, 56000 Cheras, Wilayah Persekutuan Kuala Lumpur, Malaysia",Cheras,11549314648
101.6771025,3.1193737,Nazirin Skin Clinic,doctor,dermatology,"59-1, The Boulevard Office Mid Valley City, Lingkaran Syed Putra, Mid Valley City, 59200 Kuala Lumpur, Wilayah Persekutuan Kuala Lumpur, Malaysia",Kuala Lumpur,6195318772
103.620268,1.438619,Guardian,pharmacy,,"B0125,Blok B, Eko Galleria, 3, Persiaran Eko Botani, Taman Eko Botani, 79100 Iskandar Puteri, Johor, Malaysia",Iskandar Puteri,9849115511
101.7373528,3.081415,AA Pharmacy,pharmacy,,"64, Jalan Cerdas, Taman Connaught, 56000 Kuala Lumpur, Wilayah Persekutuan Kuala Lumpur, Malaysia",Kuala Lumpur,7377403285
101.6945336,2.8213255,Big Pharmacy,pharmacy,,"No. G-70, Ground Floor, Jalan Warisan Sentral 2, Kota Warisan, 43900 Sepang, Selangor, Malaysia",Sepang,10938676307
101.6481369,3.0638081,Klinik Reddy,clinic,,"28B, Jalan TK 1/11a, Taman Kinrara, 47100 Puchong, Selangor, Malaysia",Puchong,4733564785
101.6478103,3.063453,Klinik Pergigian Lim,dentist,,"No. 36B, Jalan TK 1/11a, Taman Kinrara, 47180 Puchong, Selangor, Malaysia",Puchong,4733564790
101.6482914,3.0638902,Klinik Selva,clinic,,"Jalan Kenari 1, Bandar Puchong Jaya, 47170 Puchong, Selangor, Malaysia",Puchong,1866862784
100.384037,5.430387,Klinik Pergigian Eow,dentist,,"7373, Jalan Raja Uda, Taman Sin Tat, 12300 Butterworth, Pulau Pinang, Malaysia",Butterworth,6183208976
110.3671714,1.5172156,Pronature Pharmacy,pharmacy,,"1551, Jln Urat Mata, Tabuan Heights, 93350 Kuching, Sarawak, Malaysia",Kuching,7977209586
103.7629057,1.5447699,Guardian,pharmacy,,"NO 36 GROUND FLOOR, Jalan Sagu 8, Taman Daya, 81100 Johor Bahru, Johor Darul Ta'zim, Malaysia",Johor Bahru,9878204960
103.7438123,1.5487104,Pusat Rawatan Pakar Kanak-kanak Adda,clinic,,"9 & 11, Jln Adda 3/1, Adda Heights, 81100 Johor Bahru, Johor Darul Ta'zim, Malaysia",Johor Bahru,9878376542
100.2845291,5.3893002,Healthy Pharmacy,pharmacy,,"Medan Angsana 3, Bandar Baru Ayer Itam, 11500 Penang, Pulau Pinang, Malaysia",Penang,6681655238
101.5953668,3.0587892,Guardian,pharmacy,,"Lot G0.7,G0.8 & G0.9, GF,GF, The Summit Persiaran Kewajipan USJ 1, Usj 2, 47600 Subang Jaya, Selangor, Malaysia",Subang Jaya,4749100377
102.0302533,3.4183232,Klinik Kesihatan Karak,clinic,,"Jalan Besar Karak, 28700 Karak, Pahang, Malaysia",Karak,6039650763
102.0949991,3.4639805,Klinik Desa Jambu Rias,clinic,,"Kampung Jambu Rias, Jalan Ponsoi Karak, 28600 Karak, Pahang, Malaysia",Karak,6044439073
100.3086595,5.4037303,Boston Eyecare,optometrist,,"73-J, Jln Trengganu, Taman Free School, 10460 George Town, Pulau Pinang, Malaysia",George Town,9848448680
110.350163,1.50468,Lee And Chim Chinese Physician And Accupunturist,alternative,traditional_chinese_medicine,"lot 12628 SL16 CHA YI GOLDLAND, JALAN TUNJUGAH, Jalan Stutong, Pelita Heights, 93250 Kuching, Sarawak, Malaysia",Kuching,12298832967
110.3751585,1.5058011,Da Shi Xiong Chinese Physician,alternative,traditional_chinese_medicine,"1st Floor, Lot 4598, Block 218, Kuching North Land District, 3rd Mile Bazaar, 93250 Kuching, Sarawak, Malaysia",Kuching,12298905524
100.3999272,5.3970928,ALPRO Pharmacy Sunway Perdana,pharmacy,,"37, Jln Todak 6, Pusat Komersial Sunway Perdana, 13700 Seberang Jaya, Pulau Pinang, Malaysia",Seberang Jaya,12060334680
100.3998276,5.396366,Pusat Pakar Perubatan Anwar,clinic,,"57, Jln Todak 6, Seberang Jaya, 13700 Seberang Jaya, Pulau Pinang, Malaysia",Seberang Jaya,12285665665
100.3999108,5.3970052,Big Pharmacy,pharmacy,,"No 39 & 41 Ground Floor, Jln Todak 6, Pusat Komersial Sunway Perdana, 13700 Seberang Jaya, Pulau Pinang, Malaysia",Seberang Jaya,12060325354
118.0726566,5.854784,Makmal Pathlab,laboratory,,"G/F, Lot 2, Block 14, Bandar Indah, 90000 Sandakan, Sabah, Malaysia",Sandakan,6176370990
118.0760983,5.8529526,Berkat Physiotherapy,physiotherapist,physiotherapy,"Jalan Borehole 4, 90000 Sandakan, Sabah, Malaysia",Sandakan,6176476621
101.6469666,3.04924,Klinik Mediviron,clinic,,"Giant Hypermarket Bandar Kinrara, S14, Jalan BK 5a/1, Bandar Kinrara 5, 47180 Puchong, Selangor, Malaysia",Puchong,4707456601
102.7844333,2.3625188,Klinik Kesihatan Bukit Serampang,clinic,,"Bukit Kepong, 84700, Johor Darul Ta'zim, Malaysia",Bukit Kepong,303182662
101.6412441,3.2205957,United Health Clinic,clinic,,"G-02, Residensi Henge Jalan Metro Perdana Barat Taman Metropolitan, Kepong, 52100 Kuala Lumpur, Federal Territory of Kuala Lumpur, Malaysia",Kuala Lumpur,7317774153
101.6441046,3.2180881,Klinik Medipulse Kepong,clinic,,"no g, 25, Jln Metro Perdana 1, Taman Usahawan Kepong, 52100 Kuala Lumpur, Wilayah Persekutuan Kuala Lumpur, Malaysia",Kuala Lumpur,7317774154
118.0738371,5.8580864,Klinik Dr Agnes Lim,doctor,general,"90000 Sandakan, Sabah, Malaysia",Sandakan,6169968134
101.5472311,3.0785403,Klinik Dr Bazilah,clinic,dermatology,"R-02-01, EMIRA, JALAN AKUATIK A 13/64A, Seksyen 13, 40100 Shah Alam, Selangor, Malaysia",Shah Alam,8663780117
101.5472311,3.0785403,Klinik Dr Bazilah,clinic,general,"R-02-01, EMIRA, JALAN AKUATIK A 13/64A, Seksyen 13, 40100 Shah Alam, Selangor, Malaysia",Shah Alam,8663780117
118.0776158,5.856155,Farmasi Walgreene,pharmacy,,"Grd. Flr. Lot 8, Blok F, Peti Surat 1103, Bandar Kim Fung, Sandakan, Bandar Kim Fung, 90000 Sandakan, Sabah, Malaysia",Sandakan,6172547239
118.0785077,5.8559887,World Pharmacy,pharmacy,,"Lot 7 Block C Ground Floor, Batu 4, Bandar Kim Fung, 90000 Sandakan, Sabah, Malaysia",Sandakan,6172547230
118.0779688,5.8556763,Lau Kee Oon Specialist Clinic,doctor,surgery,"Lor Prima 6, Bandar Indah, 90000 Sandakan, Sabah, Malaysia",Sandakan,6172547226
118.0775322,5.8553982,Tan Specialist Clinic for Women,doctor,gynaecology,"Ground Floor, Blok A, Jalan Utara, Taman Kim Fung, 90000 Sandakan, Sabah, Malaysia",Sandakan,6172547224
100.3281207,5.3977234,Northern Care Clinic,clinic,,"Lbh Sungai Pinang 1, Bandar Sri Pinang, 11600 Jelutong, Pulau Pinang, Malaysia",Jelutong,4210864590
101.6991407,3.17061,Komples Rawatan & Rawatan Harian (SCACC),hospital,,"Persiaran Hospital, 50586 Kuala Lumpur, Wilayah Persekutuan Kuala Lumpur, Malaysia",Kuala Lumpur,6113367174
101.6998563,3.1729603,Kompleks Dewan Bedah (IUN),hospital,,"103, Jalan Utama Hospital, 50586 Kuala Lumpur, Wilayah Persekutuan Kuala Lumpur, Malaysia",Kuala Lumpur,5993435846
101.9202718,2.7159011,ROPHEKA(M) SDN. BHD. Myhighst,psychotherapist,,"D07-1, Jalan Dataran Sentral 3, Dataran Sentral, 70200 Seremban, Negeri Sembilan, Malaysia",Seremban,9777969327
114.0378173,4.4498498,Guardian,pharmacy,,"Lot 102, 103 & 104,Ground Floor, Permy Mall, Bandar Baru Permyjaya, 98000 Miri, Sarawak, Malaysia",Miri,11539179369
101.6164338,3.0224633,Watsons,pharmacy,,"No. 6 Ground Floor, 1/2, Lebuh Puteri, Bandar Puteri, 47100 Puchong, Selangor, Malaysia",Puchong,11158356656
102.5640848,2.0447204,Klinik Pakar Ortodontik Muar,clinic,orthodontics,"216, Jalan Meriam, Taman Sri Tanjung, 84000 Muar, Johor Darul Ta'zim, Malaysia",Muar,8370639208
102.5658651,2.044384,Tey Specialist Maternity & Gynae,doctor,,"21, Jalan Sulaiman, Pekan Muar, 84000 Muar, Johor Darul Ta'zim, Malaysia",Muar,6572413684
101.6872093,3.090961,Klinik Famili Soo,clinic,general,"65, Jalan Kuchai Maju 1, Kuchai Entrepreneurs Park, 58200 Kuala Lumpur, Wilayah Persekutuan Kuala Lumpur, Malaysia",Kuala Lumpur,4705755159
102.9293531,1.8525195,Klinik Kee,clinic,,"49, Jalan Abu Bakar, Kampung Pegawai, 83000 Batu Pahat, Johor Darul Ta'zim, Malaysia",Batu Pahat,12537874908
100.4267831,5.0880915,Klinik Desa Parit Haji Wahab,clinic,,"34250 Tanjung Piandang, Perak, Malaysia",Tanjung Piandang,12422703470
100.3116101,5.4320421,Klinik Koay,clinic,,"28GF, Lorong Seri Jaya, Taman Sri Jaya, 14000 Bukit Mertajam, Pulau Pinang, Malaysia",Bukit Mertajam,9472075290
101.9381489,2.7268865,Farmasi Alpro,pharmacy,,"37 & 38, Jalan Dato Bandar Tunggal, Bandar Seremban, 70000 Seremban, Negeri Sembilan, Malaysia",Seremban,10255816087
102.2304706,2.4628037,Klinik Tampin,clinic,,"Lot 19G, Pekan Besar Pekan, 73000 Tampin, Negeri Sembilan, Malaysia",Tampin,7802951217
101.3847676,4.4146507,Klinik Edina,doctor,,"NO45-B, Jalan Besar, Taman Ringlet, 39200 Ringlet, Pahang, Malaysia",Cameron Highlands,4674753736
102.0528882,4.1888433,Farmasi Pahang,pharmacy,,"No.63A, Pusat Perniagaan, 4/4, Jalan Bukit Residen, 27200 Kuala Lipis, Pahang, Malaysia",Kuala Lipis,6604180685
101.6456923,3.0989029,Wellcome Pharmacy,pharmacy,,"98, Jln Imbi, Bukit Bintang, 55100 Kuala Lumpur, Wilayah Persekutuan Kuala Lumpur, Malaysia",Petaling Jaya,1541931632
100.3101844,5.4327057,Wellings Pharmacy,pharmacy,,"368-1-12,12A&14, Bellisa Row, 306G, Jalan Burma, Pulau Tikus, 10350 George Town, Penang, Malaysia",George Town,1691647722
100.3114528,5.4317425,Betterlife Pharmacy,pharmacy,,"1000 Washington St, Hoboken, NJ 07030, Amerika Syarikat",Hoboken,9801595053
101.6705641,3.1316897,Urban Smile Dental Clinic,dentist,,"Lot L1-17 & 18, Damansara City Mall, 6, Jalan Damanlela, Bukit Damansara, 50490 Kuala Lumpur, Wilayah Persekutuan Kuala Lumpur, Malaysia",Kuala Lumpur,7249570086
101.6705669,3.1318075,Poliklinik Bangsar,doctor,,"28, Jalan Telawi, Bangsar, 59100 Kuala Lumpur, Wilayah Persekutuan Kuala Lumpur, Malaysia",Kuala Lumpur,7249557986
101.4282599,3.0285805,Jaspal Clinic,clinic,,"2980, Persiaran Raja Muda Musa, Taman Sri Pesona, 41200 Klang, Selangor, Malaysia",Klang,4269778697
101.6710502,3.1324295,ProCare (Bangsar) Dental Surgery,dentist,,"9A, Jln Telawi 3, Bangsar, 59100 Kuala Lumpur, Wilayah Persekutuan Kuala Lumpur, Malaysia",Kuala Lumpur,7250130085
101.6709807,3.1310416,Bangsar Dental Specialist Center,dentist,,"43-1, Jln Telawi 3, Bangsar, 59100 Kuala Lumpur, Wilayah Persekutuan Kuala Lumpur, Malaysia",Kuala Lumpur,7249576986
102.2694193,6.1507306,Poliklinik Maya 24 Jam,clinic,general,"PT 1965 TINGKAT BAWAH KAMPUNG BAUNG PENGKALAN CHEPA, 16100 Kota Bharu, Kelantan, Malaysia",Kota Bharu,11921552633
102.3661737,3.7684264,Klinik Desa Kuala Mai,clinic,,"Kampung Kuala Mai, 28050 Kuala Krau, Pahang, Malaysia",Kuala Krau,7296201063
101.960455,4.0132713,Benta Health Clinic,clinic,,"Kampung Empau, Benta, Pahang, 27300 Benta, Pahang, Malaysia",Benta,9808393614
101.6835519,3.1302379,Farmasi Health Point,pharmacy,,"Lot LG-03, Shopping Centre, Nu Sentral, 201, Jalan Tun Sambanthan, Kuala Lumpur Sentral, 50470 Kuala Lumpur, Federal Territory of Kuala Lumpur, Malaysia",Kuala Lumpur,1822560064
102.3718345,4.1675855,Klinik Desa Kampung Labu,clinic,,"Kampung Labu Jerantut, Kampung Labu, 27040 Jerantut, Pahang, Malaysia",Jerantut,9810551649
100.3288378,5.3986364,Klinik Sri Pinang dan Surgeri,clinic,,"42-G, 42-G, Lbh Sungai Pinang 1, 10300 George Town, Penang, Malaysia",George Town,6604160785
101.6713954,3.1327538,PATHLAB Laboratory,laboratory,,"5, Jalan Telawi 5, Bangsar, 59100 Kuala Lumpur, Wilayah Persekutuan Kuala Lumpur, Malaysia",Kuala Lumpur,8335670005
101.7962273,2.5244102,Klinik Asia,doctor,,"PT 82, Jalan Bandar, Kampung Bahasa Kapor, 71000 Port Dickson, Negeri Sembilan, Malaysia",Port Dickson,4861632629
101.7962529,2.5222857,Ang Kelinik,doctor,,"62, Jalan Baharu, Kampung Bahasa Kapor, 71010 Port Dickson, Negeri Sembilan, Malaysia",Port Dickson,4861632601
101.7962059,2.523258,Klinik Pergigian Lim,dentist,,"18, Tingkat Bawah, Jalan Mahajaya, Kampung Bahasa Kapor, 71000 Port Dickson, Negeri Sembilan, Malaysia",Port Dickson,4861632592
101.8017959,2.5238651,Alpro,pharmacy,,"Centre Point, 2, Jalan Mahajaya, Kampung Bahasa Kapor, 71000 Port Dickson, Negeri Sembilan, Malaysia",Port Dickson,4859539437
100.3128541,5.4300103,Penang Dental Surgery,dentist,,"287, Jalan Burma, Pulau Tikus, 10350 George Town, Pulau Pinang, Malaysia",George Town,9796039232
100.3127054,5.4301386,Prestige Orthodontic (Braces) Clinic,dentist,orthodontics,"275, Jalan Burma, Pulau Tikus, 10350 George Town, Pulau Pinang, Malaysia",George Town,9796039230
110.302293,1.4951766,Wee Care Pharmacy,pharmacy,,"Grd Flr, SL. 10, Survey Lot 5506, Kuching City Mall Phase 5, Batu 4 1/2, Jalan Penrissen, 93250 Kuching, Sarawak, Malaysia",Kuching,12284691664
101.9656168,4.0170087,Kien San Trading,pharmacy,,"Kampung Baharu Benta, 27300 Benta, Pahang, Malaysia",Benta,9809114495
100.3111167,5.4317691,BIG Pharmacy,pharmacy,,"368-1-7, 368-1-8 & 368-1-9, Bellisa Row, Jalan Burma, Georgetown, 10350 George Town, Pulau Pinang, Malaysia",George Town,9472075246
100.3105922,5.4320592,Goh Dental,dentist,implantology,"407, Jalan Burma, Pulau Tikus, 10350 George Town, Pulau Pinang, Malaysia",George Town,9801595041
100.3105922,5.4320592,Goh Dental,dentist,orthodontics,"407, Jalan Burma, Pulau Tikus, 10350 George Town, Pulau Pinang, Malaysia",George Town,9801595041
100.311076,5.4323793,Luke Klinik,clinic,,"306, Jalan Burma, 10350 George Town, Pulau Pinang, Malaysia",George Town,9472075259
110.348202,1.5012646,Tan Specialist Child & Family Clinic,clinic,,"2, Lot 7879, Airport Perimeter Rd, Green Heights, 93250 Kuching, Sarawak, Malaysia",Kuching,12284972697
110.3481989,1.5022014,Klinik Pergigian Life Dental,dentist,,"No.16, Lot 8702, Commercial Centre, Kuching Central Land District, Green Heights, 93250 Kuching, Sarawak, Malaysia",Kuching,12284993303
100.3112072,5.4323121,Chan May May Optometrist,optometrist,,"306, Jalan Burma, Pulau Tikus, 10350 George Town, Pulau Pinang, Malaysia",George Town,9801595049
100.1904707,6.4398406,Klinik Kesihatan Kangar,clinic,,"Jalan Tun Abdul Razak, Pusat Bandar Kangar, 01000 Kangar, Perlis, Malaysia",Kangar,9779695040
102.7671097,1.8918785,Klinik Desa Sarang Buaya,clinic,,"Sarang Buaya, 83600 Semerah, Johor Darul Ta'zim, Malaysia",Semerah,6038600188
102.8673381,1.9099433,Klinik Desa Separap,doctor,,"Kampung Peserai Pantai, 83000 Batu Pahat, Johor Darul Ta'zim, Malaysia",Batu Pahat,341292181
101.1313909,4.5775052,Mediklinik Keluarga,clinic,,"81, Jalan Wira Jaya, Taman Ipoh Jaya Timur 1, 31350 Ipoh, Perak, Malaysia",Ipoh,8276891550
101.1303701,4.5774851,Poliklinik Teoh & Ding,clinic,,"51, Jalan Wira Jaya, Taman Ipoh Jaya Timur 1, 31350 Ipoh, Perak, Malaysia",Ipoh,8276891547
101.1275605,4.5791577,Poliklinik Ar-Ridzuan,clinic,,"37, Jalan Sri Ampang, Taman Ipoh Jaya, 31350 Ipoh, Perak, Malaysia",Ipoh,8276891544
101.1275591,4.5787558,Poliklinik Taqwa,clinic,,"Jalan Sri Ampang, Taman Ipoh Jaya, 31350 Ipoh, Perak, Malaysia",Ipoh,8276891543
101.1284974,4.5775021,i-Health Pharmacy Sdn. Bhd.,pharmacy,,"9, Jalan Wira Jaya, Taman Ipoh Jaya Timur 1, 31350 Ipoh, Perak, Malaysia",Ipoh,8276891545
101.9117923,2.6986028,Multicare Pharmacy,pharmacy,,"Biz Avenue, 21, Jln S2 B18, Seremban 2, 70300 Seremban, Negeri Sembilan, Malaysia",Seremban,4955399912
115.7405903,5.3509697,Physiotherapy Unit Beaufort Hospital,hospital,,"9P2R+H7, Pekan Beaufort, 89800 Beaufort, Sabah, Malaysia",Beaufort,12280477499
115.7405925,5.3509606,Hospital Beaufort,hospital,,"Hospital Beaufort Peti Surat 40, Pekan Beaufort, 89807 Beaufort, Sabah, Malaysia",Beaufort,1631259169
100.7421532,4.8526707,Guardian,pharmacy,,"NO 62, 64 & 66, Jalan Kota, 34000 Taiping, Perak, Malaysia",Taiping,6792232912
101.6562985,2.8007147,U.n.i. Farmasi,pharmacy,,"137, Jalan LU 2, 2, Taman Langat Utama, Kampong Bukit Changgang, 42700 Banting, Selangor, Malaysia",Banting,12651142829
114.0128354,4.4154491,Guardian,pharmacy,,"BOULEVARD SHOPPING COMPLEX LOT UGF 1.3,1.4 & 1.5, UPPER GROUND FLOOR LOT 2528 BOULEVARD, Boulevard Commercial Centre, 98000 Miri, Sarawak, Malaysia",Miri,12281574801
101.7793592,2.9651731,Pusat Pakar Mata Bangi,optometrist,,"11, Jalan 4/12, Seksyen 4 Tambahan Bandar Baru Bangi, 43650 Bandar Baru Bangi, Selangor, Malaysia",Bandar Baru Bangi,12240441321
100.3125801,5.4305732,Kedai Ubat Ban San Hoe,alternative,traditional_chinese_medicine,"323, Jalan Burma, Pulau Tikus, 10350 George Town, Pulau Pinang, Malaysia",George Town,9794841133
100.2761525,5.3321836,Sky Eye Optometry,optometrist,,"Terubong Avenue, 1-G, 28, Tingkat Paya Terubong 4, Paya Terubong, 11060 Ayer Itam, Pulau Pinang, Malaysia",Ayer Itam,10698603747
116.0770923,5.9270535,Wong's TCM Treatment Center,alternative,traditional_chinese_medicine,"B10-0 & B11-0, Ground Floor, Block B Cyber Perdana Commercial Centre, Jln Lintas, Penampang, 88300 Kota Kinabalu, Sabah, Malaysia",Penampang,2483240638
101.0750272,4.6730803,Klinik As-Salam,clinic,,"23, Jalan Meru Bistari A2 Medan Meru, Bistari, Bandar Meru Raya, 30020 Ipoh, Perak, Malaysia",Ipoh,7726774797
101.0052967,3.9943603,Klinik 1 Malaysia,clinic,,"1, Jalan Kampung Banjar, Taman Medan Maharaja, 36000 Teluk Intan, Perak, Malaysia",Teluk Intan,5360041888
101.5988381,3.1204533,Woodlands,pharmacy,,"30, Wisma Jaya Bakti, Jalan Cenderuh 2, Batu 4 Jalan Ipoh, 51200 Kuala Lumpur, Wilayah Persekutuan Kuala Lumpur, Malaysia",Kuala Lumpur,7661265064
101.1129813,4.5716881,Klinik Bhajan,clinic,,"18, Laluan Medan Rapat 1, Kampung Gunung Rapat, 31350 Ipoh, Perak, Malaysia",Ipoh,8276978232
101.1236708,4.5757311,Perniagaan Kinta Well Trading,pharmacy,,"281 &, 283, Jalan Gunung Rapat, Taman Ipoh Jaya, 31350 Ipoh, Perak, Malaysia",Ipoh,8276978219
101.1151171,4.5719476,Klinik Pergigian Chong,dentist,,"685, Jalan Gunung Rapat, Kampung Gunung Rapat, 31350 Ipoh, Perak, Malaysia",Ipoh,8276978229
101.1239159,4.5766465,Perniagaan Waikom,pharmacy,,"11 & 15, Selasar Rokam 11, Taman Ipoh Jaya, 31350 Ipoh, Perak, Malaysia",Ipoh,8276978224
101.1237018,4.5770791,Klinik I-Medic,clinic,,"27, Selasar Rokam 11, Taman Ipoh Jaya, 31350 Ipoh, Perak, Malaysia",Ipoh,8276978223
101.1231773,4.5782043,i+ Pharmacy,pharmacy,,"18 & 20, Jalan Tranchell, Taman Menglembu Menglembu, 31450 Ipoh, Perak, Malaysia",Ipoh,8276978221
101.1248356,4.57673,Tcm herbalcare enterprise,clinic,,"216, Jalan Gunung Rapat, Taman Rapat Setia, 31350 Ipoh, Perak, Malaysia",Ipoh,6807222085
101.1384369,4.5725306,Kedai Ubat Chee Shan,pharmacy,,"Taman Gunong View, 31350 Ipoh, Perak, Malaysia",Ipoh,8282764393
101.0856787,4.5909233,Klinik Choong Wah Perak,clinic,,"44 & 46, Jalan Che Wan, Taman Jubilee, 31650 Ipoh, Perak, Malaysia",Ipoh,7673357232
100.1949885,6.4361794,Georgetown Pharmacy,pharmacy,,"9, Jalan Raja Syed Alwi, Pusat Bandar Kangar, 01000 Kangar, Perlis, Malaysia",Kangar,9779695113
101.4718863,4.5305892,Klinik Desa Pos Terisu,clinic,,"39000, Pahang, Malaysia",Cameron Highlands,4676156468
101.0937037,4.6005262,Guardian,pharmacy,,"G39A, Ipoh Parade, 105, Jalan Sultan Abdul Jalil, 30450 Ipoh, Perak, Malaysia",Ipoh,8263618877
118.6132778,4.4794477,海枫药行 Borneo Care Pharmacy,pharmacy,,"Taman Bandar Semporna, 91308 Semporna, Sabah, Malaysia",Semporna,5469168921
118.3124973,5.033374,Tabanak Pharmacy Sdn. Bhd.,pharmacy,,"MDLD 4637, LOT 8, Jalan Segama, BANDAR TABANAK, 91100 Lahad Datu, Sabah, Malaysia",Lahad Datu,11050218714
101.0914577,4.5878653,Ar-Ridzuan Medical Center,hospital,,"Greentown suria, Jln Dato Seri Ahmad Said, Greentown Suria, 30450 Ipoh, Perak, Malaysia",Ipoh,2869691950
103.4054326,4.2188651,Klinik Kesihatan Bukit Mentok,clinic,,"Kampung Bukit Mentok, Chukai Kemaman, 24000 Chukai, Terengganu, Malaysia",Chukai,6631813628
103.1352077,5.3284158,Klinik Pergigian Tengku Kamil & Fatimah,dentist,,"1-0, Jalan Air Jernih, Kuala Terengganu, 20300 Kuala Terengganu, Terengganu, Malaysia",Kuala Terengganu,3224343806
103.1350993,5.328201,Klinik Pergigian,dentist,,"375E, Jalan Sultan Omar, 20300 Kuala Terengganu, Terengganu, Malaysia",Kuala Terengganu,6761087067
103.0821004,5.308717,Farmasi Wahdi Manir,clinic,,"Lot PT2274K A&B Jalan Kelantan, Kampung, Jalan Kedai Manir, 21200 Kuala Terengganu, Terengganu, Malaysia",Kuala Terengganu,3903969212
103.0813772,5.3215674,Klinik Kesihatan Manir,clinic,,"Klinik Kesihatan, Kampung Kubang Jela, 21200 Kuala Terengganu, Terengganu, Malaysia",Kuala Terengganu,7172066869
103.0718096,5.401785,Klinik Ikram,clinic,,"Lot 22604, 6, Perkedaian Gong Badak, Jalan Sekolah, Taman Gong Badak, 21300 Kuala Terengganu, Terengganu, Malaysia",Kuala Terengganu,7232914304
103.0918931,5.3461871,Farmasi Lautan Batu Enam,dentist,,"Lot 9005-K, No. 6, Tingkat Bawah Pekan Batu Enam, Kampung Batu Enam, 21200 Kuala Terengganu, Terengganu, Malaysia",Kuala Terengganu,4101504634
103.0915106,5.3648418,Klinik 1 Malaysia,clinic,,"Jalan Tengku Embong Fatimah, 20200 Kuala Terengganu, Terengganu, Malaysia",Kuala Terengganu,4947800025
102.9073339,5.3073664,Klinik Kesihatan Sungai Tong,clinic,,"Sungai Tong Setiu, Kampung Bukit Nenas, 21500 Sungai Tong, Terengganu, Malaysia","Sungai Tong, Hulu Nerus",6071055738
101.1657197,4.4731885,Farmasi Pharmalink Gopeng,pharmacy,,"7, Jln Eu Kong, Pekan Gopeng, 31600 Gopeng, Perak, Malaysia",Gopeng,4584745290
101.1652878,4.4727072,Farmasi Nurul,pharmacy,,"No 32 Tingkat Bawah, Susur Kay Long, Pekan Gopeng, 31600 Gopeng, Perak, Malaysia",Gopeng,8066541654
102.200573,6.121033,Klinik Dr. Aziz,clinic,,"16210 Wakaf Bharu, Kelantan, Malaysia",Wakaf Bharu,8836640328
116.3432992,5.6415594,Klinik Desa Nambayan,clinic,,"Jalan Lubong, 89650 Tambunan, Sabah, Malaysia",Tambunan,9813542668
115.9898262,5.1689943,Klinik Desa Lagud Sebrang,clinic,,"Jalan Tenom - Lagud Sebrang, 89900 Tenom, Sabah, Malaysia",Tenom,5245285822
115.9605394,5.7180346,Klinik Desa Biau,clinic,paediatrics,"Jalan Bambangan Tomui, 89600 Papar, Sabah, Malaysia",Papar,10943188149
103.143783,5.3190331,Klinik Rahim Hamzah,clinic,,"364, Jalan Sultan Omar, 20300 Kuala Terengganu, Terengganu, Malaysia",Kuala Terengganu,6761087061
116.0505111,5.914223,Petagas Pharmacy,pharmacy,,"Lot 5,Taman Jumbo, Petagas, 88200 Kota Kinabalu, Sabah, Malaysia",Kota Kinabalu,2341517375
116.0713385,5.9777799,Caring Pharmacy,pharmacy,,"Lot L9A,Basement Floor,Centre Point Sabah No, 1, Lorong Centre Point, Pusat Bandar Kota Kinabalu, 88000 Kota Kinabalu, Sabah, Malaysia",Kota Kinabalu,2475220991
100.4906062,5.1460454,Pusat Sejahtera USM,clinic,,"Pusat Sejahtera (Kesihatan & Pergigian, Universiti Sains Malaysia, 11800 Gelugor, Pulau Pinang, Malaysia",Nibong Tebal,7491057619
116.0917792,5.9492384,Clinic Dr. Elaine,clinic,,"1, Jln Lintas, Kolam Centre, 88300 Kota Kinabalu, Sabah, Malaysia",Kota Kinabalu,2453847143
100.3614781,6.1094552,Eva Family Clinic,doctor,,"Eva Emily Clinic, No.47 Kompleks Perniagaan Sultan Abdul Hamid, Persiaran Sultan Abdul Hamid, Taman Sultan Badlishah, 05050 Alor Setar, Kedah, Malaysia",Alor Setar,8848633264
100.3641319,6.0961476,Klinik Dr Ooi,clinic,,"1A, Jalan Selesa 1, Taman Selesa, Simpang Kuala, 05400 Alor Setar, Kedah, Malaysia",Alor Setar,4331206707
101.3877376,4.4930505,Klinik Liau & Cheam,doctor,,"16A, JALAN ANGSANA BRINCHANG, Brinchang, 39100 Brinchang, Pahang, Malaysia",Cameron Highlands,4676993627
101.0827441,4.5776616,Poliklinik Pinji,clinic,,"Selatan, 150D, Jalan Sultan Azlan Shah, Taman Hoover, 31650 Ipoh, Perak, Malaysia",Ipoh,9529243966
116.1123716,5.9925906,F.T.S. Chin,dentist,,"Lot 20, Block B, first floor,Plaza Juta Likas,Jalan Tuaran Lama, Likas, 88400 Kota Kinabalu, Sabah, Malaysia",Kota Kinabalu,5966309793
117.7672439,5.7865449,KKIA Ulu dusun,clinic,,"Jln Pertanian Ulu Dusun, Kampung Ulu Dusun, 90000 Sandakan, Sabah, Malaysia",Sandakan,5041119221
100.3318489,5.4151243,Kee Hock Tong,alternative,traditional_chinese_medicine,"172, Jalan Dr Lim Chwee Leong, George Town, 10100 George Town, Pulau Pinang, Malaysia",George Town,11165398450
100.3126818,5.3887686,Klinik Lim Siew Kim,clinic,,"596-B, Jalan Jelutong, Jelutong, 11600 Jelutong, Pulau Pinang, Malaysia",Jelutong,9459869389
100.4449736,5.3639064,Klinik Ria Dr. Foo,clinic,,"23, Jalan Tembikai, Taman Mutiara, 14000 Bukit Mertajam, Pulau Pinang, Malaysia",Bukit Mertajam,6562910403
100.444963,5.3638471,Klinik Utama,clinic,,"25, Jalan Tembikai, Taman Mutiara, 14000 Bukit Mertajam, Pulau Pinang, Malaysia",Bukit Mertajam,6562886852
100.4271073,5.3671527,Poliklinik Ikhsan,clinic,,"32, Jalan Sembilang 2, 13700 Seberang Jaya, Pulau Pinang, Malaysia",Seberang Jaya,4618661468
100.4805067,5.3321755,Siang Pharmacy,pharmacy,,"3082 & 3083, Jalan Rozhan, Taman Rozhan, 14000 Bukit Mertajam, Pulau Pinang, Malaysia",Bukit Mertajam,7728876262
100.3086662,5.4034343,Klinik Pergigian Phoon,dentist,,"71-G, 71-G, Jln Trengganu, 10460 George Town, Penang, Malaysia",George Town,9848448675
100.3187556,5.4119839,Hor Choon Haw Chiropractic,doctor,,"5C, Jalan Samak, Taman Perak, 10150 George Town, Pulau Pinang, Malaysia",George Town,4804932821
110.3745001,1.5061255,Tags Chiropractic & Rehabilitation,alternative,chiropractic,"No.50, Heights Drive Commercial Centre, Tabuan Jaya Baru, 93350 Kuching, Sarawak, Malaysia",Kuching,12298887950
101.0752,4.5560325,HTM Pharmacy,pharmacy,,"99, Jalan Pengkalan Barat, Taman Kar King, 31650 Ipoh, Perak, Malaysia",Ipoh,9489514203
102.7709721,2.1489698,Farmasi Sihat,pharmacy,,"No 14-2, Jalan Besar Pagoh, Pagoh, 84600 Muar, Johor Darul Ta'zim, Malaysia",Muar,309478606
102.7670839,2.1454724,Klinik Dr Daris,clinic,,"Jalan Muar, Pagoh, 84600 Pagoh, Johor Darul Ta'zim, Malaysia",Pagoh,247172728
101.3790376,4.471022,Klinik Ibu & Anak Tanah Rata,clinic,,"NO 49 A TINGKAT BAWAH, KEDAI LKNP, Jalan Besar, Tanah Rata, 39000 Tanah Rata, Pahang, Malaysia",Cameron Highlands,4664882215
100.3125971,5.3861857,Bhar Dental,dentist,orthodontics,"15-B, Lengkok Dumbar, Bukit Dumbar, 11600 Jelutong, Pulau Pinang, Malaysia",Jelutong,9897456225
100.3125971,5.3861857,Bhar Dental,dentist,dentistry,"15-B, Lengkok Dumbar, Bukit Dumbar, 11600 Jelutong, Pulau Pinang, Malaysia",Jelutong,9897456225
100.281329,5.2884594,Klinik Kare-Line,clinic,general,"No. 25, 1, Lintang Batu Maung 1, 11960 Batu Maung, Penang, Malaysia",Batu Maung,9901867656
101.6738733,3.2024891,Klinik Pergigian Dr Lim Dan Rakan Rakan,dentist,general,"11A (First Floor, Jalan Batu Ambar, Taman Kok Lian, 51200 Kuala Lumpur, Wilayah Persekutuan Kuala Lumpur, Malaysia",Kuala Lumpur,9406601543
101.6738733,3.2024891,Klinik Pergigian Dr Lim Dan Rakan Rakan,dentist,orthodontics,"11A (First Floor, Jalan Batu Ambar, Taman Kok Lian, 51200 Kuala Lumpur, Wilayah Persekutuan Kuala Lumpur, Malaysia",Kuala Lumpur,9406601543
103.7605734,1.464838,Klinik Gan,clinic,,"34 & 34 A, Jalan Sulam, Taman Sentosa, 80150 Johor Bahru, Johor Darul Ta'zim, Malaysia",Johor Bahru,12300616395
103.7613869,1.4651185,Klinik Tay,dentist,,"63-A, Jalan Wong Ah Fook, Bandar Johor Bahru, 80000 Johor Bahru, Johor Darul Ta'zim, Malaysia",Johor Bahru,12300616386
101.7524484,2.9632404,Chiropractic Specialty Center - Bangi,alternative,chiropractic,"11, Jalan Medan Pusat 2D Bandar Baru Bangi, Seksyen 9, 43650 Bangi, Selangor, Malaysia",Bangi,12308775731
101.7524248,2.9631698,Homeopathy & Akupuntur Nik Omar,alternative,homeopathy,"NO 29, TINGKAT 1, JALAN PENIAGA U1/34, Persiaran Kerjaya, Hicom-glenmarie Industrial Park, 40150 Shah Alam, Selangor, Malaysia",Shah Alam,12308775730
101.7524248,2.9631698,Homeopathy & Akupuntur Nik Omar,alternative,acupuncture,"NO 29, TINGKAT 1, JALAN PENIAGA U1/34, Persiaran Kerjaya, Hicom-glenmarie Industrial Park, 40150 Shah Alam, Selangor, Malaysia",Shah Alam,12308775730
110.3373884,1.5353306,Navipath Diagnostic,laboratory,,"Ground Floor, Lot 3121, Sublot 4, Jalan Tun Ahmad Zaidi Adruce, Hock Kui Commercial Centre, 93150 Kuching, Sarawak, Malaysia",Kuching,12308964724
110.3372469,1.5327019,Innoquest Pathology,laboratory,,"Grd Floor, Lot 3285, Block 10 KCLD, Jalan Tun Ahmad Zaidi Adruce, Bormill Commercial Centre, 93150 Kuching, Sarawak, Malaysia",Kuching,12308979382
115.0088566,4.7533567,Limbang Medical Clinic (Dr. Lau & Dr. Ong),clinic,,"38-40, Jalan Main Bazaar, Pekan Limbang, 98700 Limbang, Sarawak, Malaysia",Limbang,2697135498
100.9401146,4.7703742,Klinik Kuala Kangsar,doctor,,"NO. 2 & NO. 3 (TINGKAT BAWAH PERSIARAN MEDAN SURIA, OFF, Jalan Taiping, MEDAN SURIA, 33000 Kuala Kangsar, Perak, Malaysia",Kuala Kangsar,5027102122
100.9348654,4.7706267,Klinik Uma,doctor,,"6, LOW ROAD GARDEN, Jalan Dato Sagor, Taman Suria, 33000 Kuala Kangsar, Perak, Malaysia",Kuala Kangsar,5029346522
100.9419497,4.7748014,Klinik Ng & Rakan-rakan,doctor,,"Kampung Banjir, 33000 Kuala Kangsar, Perak, Malaysia",Kuala Kangsar,5029346334
100.9419445,4.7749834,Klinik Pergigian Teh,dentist,,"No. 83C, Jalan Daeng Selili, Kampung Penaga, 33000 Kuala Kangsar, Perak, Malaysia",Kuala Kangsar,5029346335
100.9418886,4.7715561,Guardian,pharmacy,,"NO 4 & 6, JALAN KUALA KANGSAR, Bandar Baru, 33000 Kuala Kangsar, Perak, Malaysia",Kuala Kangsar,4585394944
101.0823805,4.6760264,Farmasi Auni Medicare,pharmacy,,"1-6, Lengkok Meru Permai 1, Halaman Meru Permai, Bandar Meru Raya, 30020 Ipoh, Perak, Malaysia",Ipoh,8219415119
101.0583077,4.5989616,HTM Pharmacy (First Garden),pharmacy,,"9-11, Lorong Taman 12, Taman Pertama, 30100 Ipoh, Perak, Malaysia",Ipoh,4957865521
100.8590894,4.7760997,Klinik Komuniti,doctor,,"2, 2, Persiaran Chandan Puteri, Chandan Putri, 33000 Kuala Kangsar, Perak, Malaysia",Kuala Kangsar,5025008007
100.6668632,4.2002387,Mutiara Dialýß,pharmacy,,,,8353914331
101.1109773,4.6598169,iDentist,dentist,,"19, Laluan Tawas Damai, Taman, Tawas Idaman 1, Taman Tawas Mutiara, 30010 Ipoh, Perak, Malaysia",Ipoh,6688030185
100.9062959,4.4432002,Klinik Desa Bukit Chupak,clinic,,"32800 Parit, Perak, Malaysia",Parit,4588824197
101.123335,4.5767475,Poliklinik V-Care,clinic,,"24, Selasar Rokam 11, Taman Ipoh Jaya, 31350 Ipoh, Perak, Malaysia",Ipoh,8276978220
101.1239382,4.5758314,Poliklinik Ipoh Jaya,clinic,,"291, Jalan Gunung Rapat, Taman Ipoh Jaya, 31350 Ipoh, Perak, Malaysia",Ipoh,8276978218
101.2631849,4.1960836,Klinik Jannah,clinic,,"No. 86 Tingkat Bawah Jalan Pusat Perniagaan Baldwin 35000, Kampung Lubok Katak, 35000 Tapah, Perak, Malaysia",Tapah,10931199603
101.1212892,4.6144936,Choo Clinic,clinic,,"70, Lebuh Medan Ipoh, Bandar Baru Medan Ipoh, 31400 Ipoh, Perak, Malaysia",Ipoh,7286346050
116.1236971,5.0206501,Klinik Desa Dalit,clinic,,"D/A Pejabat Kesihatan Kawasan Keningau, Peti Surat 94 Keningau, Keningau, Sabah, Malaysia",Keningau,7886180589
101.66912,3.2093444,Klinik Nova,clinic,general,"G-03, Residensi Lakeville, 68, Jalan Sibu, Taman Wahyu, 68100 Batu Caves, Selangor, Malaysia",Kuala Lumpur,9929188644
101.0852991,4.5973274,H-Point Pharmacy,pharmacy,,"28-30A, Jalan Leong Sin Nam, Kampung Jawa, 30300 Ipoh, Perak, Malaysia",Ipoh,4981383626
101.0837155,4.5980305,Pathlab,laboratory,,"49, Jalan Datuk Onn Jaafar, Kampung Jawa, 30300 Ipoh, Perak, Malaysia",Ipoh,8581485365
101.0782606,4.5957204,Farmasi Unichem,pharmacy,,"38-42, Jalan Market, 30000 Ipoh, Perak, Malaysia",Ipoh,6499486886
100.6910433,4.2155826,farmasi sitiawan,pharmacy,,"Jalan Lumut, Taman Sitiawan Maju 2, 32000 Sitiawan, Perak, Malaysia",Sitiawan,6165084488
100.6901377,4.2145069,farmasi hing,pharmacy,,"No 2 & 3, Off Jalan Tazali, Jalan Lumut, Taman Bunga Ros, 32000 Sitiawan, Perak, Malaysia",Sitiawan,6165087085
100.5461176,5.3844789,Klinik Safiya,clinic,,"5, Jalan Klc 1, Kulim Landmark Central, 09000 Kulim, Kedah, Malaysia",Kulim,4665596204
100.5581309,5.3975364,Klinik Vigneshwer,clinic,,"5004, Jalan Lunas, Batu 2 1/2, 09000 Kulim, Kedah, Malaysia",Kulim,4957823516
100.5549306,5.3701199,Klinik Dr Chang,clinic,,"11,12&13, Jalan Kelang Lama, Taman Cenderawasih, 09000 Kulim, Kedah, Malaysia",Kulim,4674080004
100.5547068,5.3698878,Klinik Bersatu,clinic,,"287-H, Jalan Tunku Asaad, Kulim, 09000 Kulim, Kedah, Malaysia",Kulim,4674080008
100.5544233,5.3690537,Cosway,pharmacy,,"17, Lorong Kemuning 1, Taman Kemuning, 09000 Kulim, Kedah, Malaysia",Kulim,4674080030
100.8101433,5.0126091,Klinik Desa Jelai,clinic,,"Jalan Kubu Gajah Batu Kurau, Kampung Jelai, 34510 Batu Kurau, Perak, Malaysia",Batu Kurau,9969830359
117.1313723,5.6278012,Poliklinik Telupid,clinic,,"Lot 1, Blok C, Ground Floor, Bangunan Sedco, Telupid, Labuk &amp; Sugut, Telupid, 89100 Beluran, Sabah, Malaysia",Beluran,5083385424
100.9647952,5.0965366,Klinik Kesihatan Lenggong,clinic,,"Jalan Besar, Kampung Batu Berdinding, 33400 Lenggong, Perak, Malaysia",Lenggong,6068977071
101.5840698,3.0501404,Klinik Dr Fadhil,dentist,,"63 A, Jalan USJ 10/1a, Taipan Business Centre, 47620 Subang Jaya, Selangor, Malaysia",Subang Jaya,8263096410
116.8005706,6.0731517,"Klinik Kesihatan Kg. Perancangan, Ranau",hospital,,"D/A28 Pejabat Kesihatan Kawasan Tuaran, WDT No. 10 Ranau, 89300 Ranau, Sabah, Malaysia",Ranau,9861577510
101.1517309,4.3113784,Polyklinik Kampar,clinic,,"13, Jalan Terminal Kampar 1/B, PUSAT PERDAGANGAN KAMPAR, 31900 Kampar, Perak, Malaysia",Kampar,4936603881
100.8925045,5.7469232,Klinik Desa Kampung Bandar,clinic,,"Kampung Bandar, 09100 Baling, Kedah, Malaysia",Baling,6465901783
101.5512736,2.6658478,Klinik Kesihatan Tanjung Sepat,clinic,,"MH82+CQ, Kampung Kundang, 42800 Tanjong Sepat, Selangor, Malaysia",Tanjong Sepat,3617375393
101.0753182,4.6736023,Klinik Pergigian Dr. Fadzli,dentist,,"7, Jalan Meru Bestari A2, medan meru bestari, 30020 Ipoh, Perak, Malaysia",Ipoh,7726774795
101.1369711,4.3380401,UTAR Community Counselling Centre (UCCC),counselling,general,"Jalan Universiti, 31900 Kampar, Perak, Malaysia",Kampar,9796166765
116.0750113,5.9785795,Sk Paris,pharmacy,,"Kampung Air, 88000 Kota Kinabalu, Sabah, Malaysia",Kota Kinabalu,5175679422
103.0925491,5.3468229,Klinik Adnin,dentist,,"Jalan Kelantan, Kampung Batu Enam, 21200 Kuala Terengganu, Terengganu, Malaysia",Kuala Terengganu,3659753021
101.0758443,4.673187,Klinik 1Malaysia Meru Jaya,clinic,,"1, Jalan Meru Bestari A4, Medan Baru Bestari, 30020 Ipoh, Perak, Malaysia",Ipoh,2868251626
101.1133705,4.5706258,GreenPharm Pharmacy,pharmacy,,"2121 10th St, Menominee, MI 49858, Amerika Syarikat",Ipoh,9135751594
101.1197143,4.6034393,Pantai Hospital Ipoh,hospital,,"126, Jalan Tambun, Taman Ipoh, 31400 Ipoh, Perak, Malaysia",Ipoh,2906645453
116.1074381,5.9667774,Synergy Specialist Eye Centre,optometrist,ophthalmology,"11 & 12, Latitud, 6, Jln Lintas, Taman Bunga Raja (Phase 3 & 4), 88300 Kota Kinabalu, Sabah, Malaysia",Kota Kinabalu,10160208077
116.112271,5.9925859,Klinik Dr. Mustafa,doctor,,"Lot 18, Plaza Juta, Mile 4, Jalan Tuaran & Lorong Juta 1, Taman Cempaka, 88400 Kota Kinabalu, Sabah, Malaysia",Kota Kinabalu,5966309791
116.0767065,5.9265353,Friendly Specialists Clinic Dr Fong Dr Hsu,clinic,,"Lot A4, Ground Floor, Block A, Lorong Plaza Utama, 88300 Penampang, Sabah, Malaysia",Penampang,2483137697
100.4300107,6.4360368,Georgetown Pharmacy | Changloon,pharmacy,,"No. 99A & 100A, Pekan Changloon, 06010 Changlun, Kedah, Malaysia",Changlun,6531587485
100.5387348,5.3776027,Sri Rambai Farmasi (Kulim),pharmacy,,"2536, Jalan Selasih 2a/1, Taman Selasih, 09000 Kulim, Kedah, Malaysia",Kulim,9571403265
101.5384802,3.0641479,Klinik Bandaran,clinic,,"7, Jalan Utas 15/C, Seksyen 15, 40200 Shah Alam, Selangor, Malaysia",Shah Alam,299415528
113.9927746,4.3079124,Advance Medic Pharmacy (AM),pharmacy,,"LOT 11197 PALM VILLA COMMERCIAL, CENTRE JALAN KUCHING, TAMAN JELITA, 98000 Miri, Sarawak, Malaysia",Miri,11546116759
101.4855205,3.0746718,Farmasi Allcare Shah Alam,pharmacy,,"33, Jalan Plumbum R7/R, Seksyen 7, 40000 Shah Alam, Selangor, Malaysia",Shah Alam,4317771091
101.4856071,3.0746998,Allcare Pharmacy,pharmacy,,"28-G-1, Jalan Medan Pusat Bandar 4, Seksyen 9, 43650 Bandar Baru Bangi, Selangor, Malaysia",Shah Alam,4270007700
116.0562914,5.9546951,Persatuan Hemodialisis,dialysis,nephrology,"Persatuan Hemodialisis Kinabalu Sabah,TL1019, 1, Tanjung Aru, 88100 Kota Kinabalu, Sabah, Malaysia",Kota Kinabalu,9859927975
101.0773213,4.671705,Pain Paralysis Physioteraphy Centre,rehabilitation,,"20, Jalan Meru Bestari A10, Medan Meru Bestari, Meru Raya, 30020 Ipoh, Perak, Malaysia",Ipoh,7725980895
101.5682403,3.1976938,Be Pharmacy,pharmacy,,"2098, Jalan 3/1, Bandar Baru Sungai Buloh, 47000 Sungai Buloh, Selangor, Malaysia",Sungai Buloh,8259009541
101.742521,3.1989064,Guardian,pharmacy,,"Wil. Persekutuan, MALL,WANGSA AVENUE, LOT G-41, Jalan Wangsa Perdana 1, Wangsa Maju, 53300 Kuala Lumpur, Wilayah Persekutuan Kuala Lumpur, Malaysia",Kuala Lumpur,4961945799
110.3230254,1.5550486,Wija Pharmacy,pharmacy,,"25, Jalan Matang, Petra Jaya, 93050 Kuching, Sarawak, Malaysia",Kuching,7886379497
110.3373629,1.5349695,Specialist Clinic Damai,clinic,,"Hock Kui Commercial Centre, 93200 Kuching, Sarawak, Malaysia",Kuching,7885813556
110.3413587,1.534812,Batu Lintang Pharmacy,pharmacy,,"LOT 1608 (Ground Floor, Jalan Batu Lintang, 93200 Kuching, Sarawak, Malaysia",Kuching,7884521744
114.0015037,4.406852,Vision Pharmacy,pharmacy,,"562, Pelita Commercial Centre, 98000 Miri, Sarawak, Malaysia",Miri,11500247851
113.9794756,4.3894601,Klinik Pergigian Marina,dentist,,"Ground Floor, Lot 2031, Lorong Marina 3/1, Marina Square 1, 98000 Miri, Sarawak, Malaysia",Miri,11569103623
101.761968,2.9635516,Klinik Adam Hawa,clinic,,"G-20, Jalan 8/35, Seksyen 8, 43650 Bandar Baru Bangi, Selangor, Malaysia",Bandar Baru Bangi,12269981385
101.7604183,2.9633406,Klinik Pergigian Musfirah,dentist,,"2-1, Jln 8/36, Seksyen 8, 43650 Bandar Baru Bangi, Selangor, Malaysia",Bandar Baru Bangi,12243540290
101.7649056,2.9640809,Klinik Pakar Kulit Dahlia,doctor,dermatology,"56, Jalan 8/35, Seksyen 8, 43650 Bandar Baru Bangi, Selangor, Malaysia",Bandar Baru Bangi,12270030318
101.7647586,2.964097,Bekam Hamaz,clinic,,"1, 53A, Jalan 8/35, Seksyen 8, 43650 Bandar Baru Bangi, Selangor, Malaysia",Bandar Baru Bangi,12270030317
101.7647983,2.9640562,Klinik Pergigian Dentabay,dentist,,"G-55, Jalan 8/35, Seksyen 8, 43650 Bangi, Selangor, Malaysia",Bangi,12270030315
101.7621324,2.9635957,Qaseh Dental,dentist,,"No. 21-GF, Seri Bangi, Jalan 8/35, Seksyen 8, 43650 Bandar Baru Bangi, Selangor, Malaysia",Bandar Baru Bangi,4758393817
110.3363013,1.5528155,Region Pharmacy,pharmacy,,"225, Jalan Satok, Kuching, 93400, Kuching, Sarawak, 93400 Kuching, Sarawak, Malaysia",Kuching,5171246424
110.3354933,1.5528659,Satok Pharmacy,pharmacy,,"Ground Floor, No.155C Lot 235, Section 10 KTLD, Jalan Satok, 93400 Kuching, Sarawak, Malaysia",Kuching,5171237725
110.3580965,1.5539325,Kosmec Pharmacy,pharmacy,,"Ground Floor, 231, Jln Padungan, 93100 Kuching, Sarawak, Malaysia",Kuching,5168210325
100.4285639,6.4324671,Poliklinik Perubatan Azani,doctor,,"No 3 Pekan Baru, Changlun, 06010 Changlun, Kedah, Malaysia",Changlun,3929296727
100.4282812,6.4318991,Farmasi Wawasan,pharmacy,,"60B, Jalan Kodiang, Changlun, Taman Kempas, 06010 Changlun, Kedah, Malaysia",Changlun,4294346750
116.0467656,5.8923677,Klinik Bumiputera,hospital,,"Lot 31 Poliklinik Bumi Exit Jalan Putatan Putatan, Bandar Putatan, 88200 Putatan, Sabah, Malaysia",Putatan,2509028121
103.9011395,1.7293193,Farmasi Caremart,pharmacy,,"Jalan Niaga 2, Pusat Perdagangan Kota Tinggi, 81900 Kota Tinggi, Johor Darul Ta'zim, Malaysia",Kota Tinggi,4741036992
103.9007609,1.7303106,Klinik Moiz,dentist,,"32, Jalan Niaga 1, Pusat Dagangan Jalan Mawai, 81900 Kota Tinggi, Johor Darul Ta'zim, Malaysia",Kota Tinggi,4142133689
101.6359701,2.9211731,Orion Clinic,clinic,,"A-1-3, Tamarind Square, Persiaran Multimedia, Cyberjaya, 63000 Cyberjaya, Selangor, Malaysia",Cyberjaya,12265757367
101.636603,2.9211496,Gilmore House,doctor,child_psychiatry,"A-01-09, Tamarind Square, Persiaran Multimedia, Cyber 11, 63000 Cyberjaya, Selangor, Malaysia",Cyberjaya,12265757365
101.6357998,2.9211698,Selcare Pharmacy,pharmacy,,"LOT G-4, TINGKAT BAWAH KOMPLEKS PKNS, Persiaran Tasik, Seksyen 14, 40000 Shah Alam, Selangor, Malaysia",Shah Alam,12265757354
101.648382,3.0865388,Klinik Wu Dan Tanglim,doctor,,"72, Jalan 1/14, Seksyen 1, 46000 Petaling Jaya, Selangor, Malaysia",Petaling Jaya,1538290189
101.7520331,3.1457064,Klinik Siti,clinic,,"1A-00-01, Pangsapuri Melati, Jalan Merdeka, Merdeka Villa, 68000 Ampang Jaya, Selangor, Malaysia",Ampang,9921844235
100.4778462,5.9440891,Farmasi Hannah,pharmacy,,"2, Jalan Seri Puteh 1, Taman Seri Puteh, 06700 Pendang, Kedah, Malaysia",Pendang,12422079155
101.688101,3.1331199,Klinik Central Brickfields,clinic,,"82, Jalan Tun Sambanthan, Brickfields, 50470 Kuala Lumpur, Wilayah Persekutuan Kuala Lumpur, Malaysia",Kuala Lumpur,11909331634
103.9017989,1.7303097,Guardian,pharmacy,,"No. 22, Ground Floor, 23, Jalan Niaga 1, Pusat Perdagangan Kota Tinggi, 81900 Kota Tinggi, Johor Darul Ta'zim, Malaysia",Kota Tinggi,4741043998
100.4778222,5.8197958,Klinik Komuniti Gurun,clinic,,"28G, Jalan Raya, Gurun, 08300 Gurun, Kedah, Malaysia",Gurun,4565301140
101.6413744,3.1004049,Poliklinik Vista,clinic,,"NO 52 PELANGI AVENUE, Jln Kelicap 42A, BANDAR DIRAJA, 41050 Klang, Selangor, Malaysia",Petaling Jaya,4725305802
101.6411435,3.1009008,Klinik Pergigian Harman,dentist,,"No.11-B, Jalan Barat, Pjs 8, 46200 Petaling Jaya, Selangor, Malaysia",Petaling Jaya,4725305794
101.5868353,3.0752996,Barefoot Reflexology,alternative,,"10, Jalan SS 15/4 Subang Jaya, Ss 15, 47500 Selangor, Malaysia",Selangor,12244444907
118.329068,5.0217626,Hasmin Optometry 4,optometrist,,"Jalan Kiambang, Bandar Lahad Datu, 91100 Lahad Datu, Sabah, Malaysia",Lahad Datu,8244955861
100.4204876,6.2623011,Klinik Pergigian,dentist,,"No 41,Tingkat Bawah, Jalan Kpj 2/1,Kompleks Perniagaan Jitra 2, Kampung Tok Kesop, 06000 Jitra, Kedah, Malaysia",Jitra,4504582230
100.4194405,6.2459233,Klinik Pergigian Dr.Mohd Fadzilah,dentist,,"No. 3, Tingkat Bawah, Taman Sri Cempaka, 06000 Jitra, Kedah, Malaysia",Jitra,3934369255
100.419632,6.2610383,Sayang Dialysis,doctor,,"10632, Lorong Kampung Sakan, Taman Intan, 05300 Alor Setar, Kedah, Malaysia",Alor Setar,3934368899
110.3659384,1.2081197,Klinik Kesihatan Teng Bukap,hospital,,"6958+7C, 94700 Siburan, Sarawak, Malaysia",Siburan,12560986961
102.4079406,5.8362806,Farmasi Ehsan Sdn. Bhd,pharmacy,,"Lot 127, Jalan Kota Bharu, Seksyen 1, 16800 Pasir Puteh, Kelantan, Malaysia",Pasir Puteh,7180486677
102.4080261,5.8362966,Guardian,pharmacy,,"PT 483, TINGKAT BAWAH, DEPAN STESEN MINYAK ESSO, JALAN KOTA BAHRU, Pasir Puteh, 16800 Pasir Puteh, Kelantan, Malaysia",Pasir Puteh,6387258976
101.6410061,3.1010727,Poliklinik Lourdes,clinic,,"17, Jalan Barat, Pjs 8, 46200 Petaling Jaya, Selangor, Malaysia",Petaling Jaya,1557921102
110.353913,1.5439971,Klinik Yii,clinic,,"Lot 281, Jalan Westwood & Tabuan Road, Gan Swee Cho Garden, 93100 Kuching, Sarawak, Malaysia",Kuching,12265006266
110.3548766,1.5392833,Klinik Pergigian Benchmark,dentist,,"Ground floor, lot 11067, S3 Curve, Q5A, 93200 Kuching, Sarawak, Malaysia",Kuching,12265032130
103.0908935,5.3419282,Farmasi Warisan,pharmacy,,"11697D, Jalan Kelantan, Kampung Batu Enam, 21200 Kuala Terengganu, Terengganu, Malaysia",Kuala Terengganu,7172102357
103.4364291,4.6358055,Watsons,pharmacy,,"Lot No 121 Ground Floor, Jalan Besar, Kampung Limbung, 23100 Paka, Terengganu, Malaysia",Paka,3975813060
102.4944382,5.7376023,Pharmasi Ihsan,pharmacy,,"No. 235, Jalan Haji Jusoh, Kampung Tanduk, 22000 Jerteh, Terengganu, Malaysia",Jerteh,4523262995
101.6474182,3.0867217,Guardian,pharmacy,,"Ground Floor, Guardian PJ Old Town, 100, Jalan Othman 1/14, Old Town, 46000 Petaling Jaya, Selangor, Malaysia",Petaling Jaya,1538367104
101.7519493,3.1466444,Qualitas Health Klinik Amal Siti,clinic,,"5, Jalan Nirwana 35, Taman Nirwana, 68000 Ampang, Selangor, Malaysia",Ampang,9921844230
101.7401903,3.1022427,Klinik Ho n Ho,clinic,,"No.33 & 35, Jalan 4/96a, Taman Cheras Makmur, 56100 Kuala Lumpur, Wilayah Persekutuan Kuala Lumpur, Malaysia",Kuala Lumpur,11909611905
101.7401392,3.1019257,Klinik Pergigian Ng,dentist,,"No. 327, 1st Floor, Jln Pudu, Pudu, 55100 Kuala Lumpur, Wilayah Persekutuan Kuala Lumpur, Malaysia",Kuala Lumpur,11909611900
101.7406398,3.1023436,Pusat Pakar Mata Dr. Wong Yiing Cheong,optometrist,,"6, Jalan 1/96a, Taman Cheras Makmur, 56100 Cheras, Wilayah Persekutuan Kuala Lumpur, Malaysia",Cheras,11909611893
101.7407227,3.1014564,Foot Master,alternative,reflexology,"36, Jalan 2/96a, Taman Cheras Makmur, 56100 Cheras, Wilayah Persekutuan Kuala Lumpur, Malaysia",Cheras,11909611892
101.7407281,3.1015014,Yan Liong Optometrist,optometrist,,"34, Jalan 2/96a, Taman Cheras Makmur, 56100 Kuala Lumpur, Wilayah Persekutuan Kuala Lumpur, Malaysia",Kuala Lumpur,11909611891
101.740929,3.1021317,Carrot Vision Optometrist,optometrist,,"4, Jalan 1/96a, Taman Cheras Makmur, 56100 Cheras, Wilayah Persekutuan Kuala Lumpur, Malaysia",Cheras,11909611886
102.272768,2.2028047,Namaste Yoga House Shala;Namaste Physiotherapy Centre,clinic,physiotherapy,"2a, Jalan SP 6, Taman Semabok Perdana, 75150 Melaka, Malaysia",Melaka,6447102013
101.1151531,4.572202,BIG Pharmacy,pharmacy,,"695, Jalan Gunung Rapat Kampung Baru, Kampung Gunung Rapat, 31350 Ipoh, Perak, Malaysia",Ipoh,11464502564
101.1148262,4.5721568,Caring Pharmacy,pharmacy,,"690 & 691, Jalan Gunung Rapat, Kampung Gunung Rapat, 31350 Ipoh, Perak, Malaysia",Ipoh,8276978227
101.577294,3.0655425,Klinik Dr Rosli SS19,clinic,,"81, Jln SS19/6, Ss 19, 47500 Subang Jaya, Selangor, Malaysia",Subang Jaya,5127472821
116.0889083,5.9623003,Eyescience Optometrist & Children Vision Centre,doctor,optometry,"First Floor, Block B, Lot 7, Phase 3, Wisma Ctf, Damai Plaza, Jalan Damai, Luyang Commercial Centre, 88300 Kota Kinabalu, Sabah, Malaysia",Kota Kinabalu,10542940179
101.4500819,3.7444868,Klinik Desa Behrang Stesen,clinic,,"No 7-A Jalan Residen 1 Behrang Residen, Pekan Behrang Stesen, 35950 Behrang Stesen, Perak, Malaysia",Behrang Stesen,1752263717
101.5675912,3.0623121,Klinik Iman,clinic,,"No 5-G, Jalan 1/1B Usj Avenue, Usj Heights, 47610 Subang Jaya, Selangor, Malaysia",Subang Jaya,8223664107
100.4194084,6.254661,Georgetown Pharmacy,pharmacy,,"25, Jalan KPJ 2/1, Kompleks Perniagaan, 06000 Jitra, Kedah, Malaysia",Jitra,5385389678
100.4195046,6.2587004,Klinik Pergigian Dr. Salmee & Dr. Rusli,dentist,,"Tingkat satu, 50, Jalan PJ 3, Pekan Jitra 3, 06000 Jitra, Kedah, Malaysia",Jitra,3794070557
100.4191715,6.2601612,Klinik Gigi Cindy,dentist,,"No. 24-A, Jalan PJ1, Pekan Jitra 2, 06000 Jitra, Kedah, Malaysia",Jitra,4277774386
100.4201258,6.2390805,MPS Healthcare,pharmacy,,"Unit 1 & 2, Magden Park, Llantrisant, Ynysmaerdy, Pontyclun CF72 8XT, United Kingdom",Llantrisant,5331605486
101.4100343,3.314201,Klinik Ng dan Singh,clinic,,"69-G, Jln Sejati 1, Taman Sejati, 45600 Batang Berjuntai, Selangor, Malaysia",Batang Berjuntai,8058047045
101.6816757,3.0834678,Klinik Hope,clinic,,"19, Jln 2/128, Taman Gembira, 58200 Kuala Lumpur, Wilayah Persekutuan Kuala Lumpur, Malaysia",Kuala Lumpur,7314365884
101.5774282,3.4172578,Klinik Ibu Dan Anak Bukit Sentosa,clinic,,"Jalan Seroja 1A, Bukit Sentosa, 48300 Rawang, Selangor, Malaysia",Rawang,8081619760
111.4132704,2.5225347,Hospital Daro,hospital,,"Jalan Itol Daro, Sarawak 96200 Daro Sarawak, Daro, Sarawak, Malaysia",Daro,2445304105
100.9176789,5.6754531,Farmasi Baling,pharmacy,,"G8,Bangunan Pekan Baru, Baling, 09100 Baling, Kedah, Malaysia",Baling,8120722688
101.6701008,3.0835154,Klinik Nuvamed,clinic,,"15, Ground Floor Medan Klang Lama, 28, Lot 419, Jln Klang Lama, 58000 Kuala Lumpur, Wilayah Persekutuan Kuala Lumpur, Malaysia",Kuala Lumpur,2358174027
101.1174409,4.5493396,Healthlane Pharmacy,pharmacy,,"No. 15 & 17 (Ground Floor, Jalan Pulai Hartamas 1, Medan Pulai Hartamas, 31300 Ipoh, Perak, Malaysia",Ipoh,11063029206
102.9538575,1.8437581,NH Pharmarcy,pharmacy,,"12 Centerra Pkwy, Lebanon, NH 03766, Amerika Syarikat",Lebanon,7266765813
101.7419245,3.1005778,Kedai Ubat Ming Loong Sdn Bhd,pharmacy,,"34, Jalan Kaskas 3, Taman Cheras, 56100 Kuala Lumpur, Wilayah Persekutuan Kuala Lumpur, Malaysia",Kuala Lumpur,11903790785
101.7420095,3.1008923,Yulex Pharmacy,pharmacy,,"44, Jalan Kaskas 3, Taman Cheras, 56100 Kuala Lumpur, Wilayah Persekutuan Kuala Lumpur, Malaysia",Kuala Lumpur,11903790783
101.7420177,3.1009501,Kedai Ubat Yun Choon Tong,pharmacy,,"46, Jalan Kaskas 3, Taman Cheras, 56100 Kuala Lumpur, Wilayah Persekutuan Kuala Lumpur, Malaysia",Kuala Lumpur,11903790782
101.7105985,3.1394069,Pudu Specialist Centre,clinic,,"22, Jalan Baba, Off, Jln Changkat Thambi Dollah, Pudu, 55100 Kuala Lumpur, Wilayah Persekutuan Kuala Lumpur, Malaysia",Kuala Lumpur,10312438995
111.5202318,2.1306805,PMG Pharmacy,pharmacy,,"No 6 Ground Floor, Jalan Merdeka, Bandar Sarikei, 96100 Sarikei, Sarawak, Malaysia",Sarikei,6018979747
100.313219,5.3889975,Klinik Bersatu,clinic,,"30, Gat Lebuh Macallum, 10300 George Town, Pulau Pinang, Malaysia",George Town,9121526744
101.7402237,3.1023725,BP Healthcare,unknown,,"37, 39, 41 & 43, Jalan 4/96a, Taman Cheras Makmur, 56100 Kuala Lumpur, Wilayah Persekutuan Kuala Lumpur, Malaysia",Kuala Lumpur,11909611906
101.5995034,3.1204994,Qualiteeth,dentist,,"No.12A-1(Tingkat Bawah, Blok K, Jalan PJU 1/3a, Sunwaymas Commercial Centre, 47301 Petaling Jaya, Selangor, Malaysia",Petaling Jaya,3237607054
101.1443714,4.3271677,Klinik Pergigian Bandar Baru Kampar,dentist,,"2315, Jalan Hala Timah 1, Taman Bandar Baru, 31900 Kampar, Perak, Malaysia",Kampar,4936642310
113.9652138,4.0985668,Clover Pharmacy,pharmacy,,"GROUND FLOOR, LOT 3064, BLOCK 1, MORSJAYA COMMERCIAL CENTRE, 98000 Miri, Sarawak, Malaysia",Bekenu,12090175269
101.451537,3.0502682,Poliklinik Lourdes,clinic,,"18, Jalan Gelugor, Kawasan 17, 41050 Klang, Selangor, Malaysia",Klang,8010144518
110.3788878,1.5185917,Dr Kho Dental Surgery,dentist,dentistry,"Sublot 17 1st Floor, Tabuan Stutong Commercial Centre, Jalan Setia Raja, Tabuan Laru, 93350 Kuching, Sarawak, Malaysia",KUCHING,8023622966
110.3788878,1.5185917,Dr Kho Dental Surgery,dentist,general,"Sublot 17 1st Floor, Tabuan Stutong Commercial Centre, Jalan Setia Raja, Tabuan Laru, 93350 Kuching, Sarawak, Malaysia",KUCHING,8023622966
110.3788878,1.5185917,Dr Kho Dental Surgery,dentist,orthodontics,"Sublot 17 1st Floor, Tabuan Stutong Commercial Centre, Jalan Setia Raja, Tabuan Laru, 93350 Kuching, Sarawak, Malaysia",KUCHING,8023622966
102.2314098,2.4696712,Farmasi Multicare,pharmacy,,"No.40, Jalan Besar, Kampung Tampin, 73000 Tampin, Negeri Sembilan, Malaysia",Tampin,8024489709
101.6975747,2.8390414,JL Dialysis,dialysis,nephrology,"20g & 22g, Jalan HVO 3 Horizon Square, Bandar Sunsuria, 43900 Sepang, Selangor, Malaysia",Sepang,11898786128
101.6725077,3.0744562,Kedai Ubat Ban Kar Hing,alternative,traditional_chinese_medicine,"44, Jalan Hujan Emas 4, Taman Overseas Union, 58200 Kuala Lumpur, Wilayah Persekutuan Kuala Lumpur, Malaysia",Kuala Lumpur,8048073801
101.5849056,3.2231748,Wad 52 Hospital Sungai Buloh,hospital,,"Pusat Kawalan Kusta Negara, Jalan Hospital, 47000 Sungai Buloh, Selangor, Malaysia",Sungai Buloh,4647693214
100.3376763,5.4136809,Weng Seng Heng Medical Hall,alternative,,"221, Lebuh Pantai, George Town, 10300 George Town, Pulau Pinang, Malaysia",George Town,5960717003
101.697947,2.8398287,Klinik Horizon,clinic,,"Horizon Square, NO. 2A, Jalan HVO 2, Bandar Sunsuria, 43900 Sepang, Selangor, Malaysia",Sepang,11898786131
101.4978253,2.8755572,Farmasi Multicare,pharmacy,,"S-6, Jalan Rajawali, Kampung Sungai Jarom, 42600 Jenjarom, Selangor, Malaysia",Jenjarom,8044540212
101.4985639,2.8765346,Farmasi High Street,pharmacy,,"Jln Besar, Kampung Sungai Jarom, 42600 Jenjarom, Selangor, Malaysia",Jenjarom,8044596455
101.6686199,3.0635851,Klinik Falim,clinic,,"Lot GC-7, Kompleks Yayasan Jabal Nur (YJN), 1, Jalan Jalil Perwira 2, Bukit Jalil, 58200 Kuala Lumpur, Wilayah Persekutuan Kuala Lumpur, Malaysia",Kuala Lumpur,8048019192
101.9407612,2.7244911,Raj Klinik Pakar Mata & Surgeri,doctor,ophthalmology,"100, Jalan Yam Tuan, Bandar Seremban, 70000 Seremban, Negeri Sembilan, Malaysia",Seremban,4900680108
101.9407978,2.7243497,Sejeri Pergigian Chin,dentist,,"112, Jalan Yam Tuan, Bandar Seremban, 70000 Seremban, Negeri Sembilan, Malaysia",Seremban,8049683436
101.4504343,3.0504945,Perubatan Homoeopati Klang,alternative,homeopathy,"Jalan Meru, 47, Jalan Kepayang, Kawasan 17, 41050 Klang, Selangor, Malaysia",Klang,8010156754
102.2315838,2.4685637,Kedai Ubat Chee Min,alternative,,"33, Jalan Besar, 73000 Tampin, Negeri Sembilan, Malaysia",Tampin,8024517431
101.6709122,3.1329675,Premier Clinic,clinic,plastic_surgery,"No 8 & 10 Ground Floor Jalan Telawi 5, Bangsar, 59100 Kuala Lumpur, Wilayah Persekutuan, Malaysia",Kuala Lumpur,7249576786
100.3674599,6.1183708,Maha Klinik,clinic,,"1587, Jalan Sultan Badlishah, Alor Star, 05000, Alor Setar, Kedah, Bandar Alor Setar, 05050 Alor Setar, Kedah, Malaysia",Alor Setar,4474560058
101.5370072,3.005002,Klinik Mediviron,clinic,,"Jalan Anggerik Vanilla R 31/R, Kota Kemuning, 40460 Shah Alam, Selangor, Malaysia",Shah Alam,3961150788
101.4518654,3.0653824,Drs. Wong & Partners,dentist,,"212, Ground Floor, Persiaran Pegaga, Taman Bayu Perdana, 41200 Klang, Selangor, Malaysia",Klang,8007333895
101.628676,3.1418063,Dental Image,dentist,,"First Floor, 3A, Jalan Tun Mohd Fuad 3, Taman Tun Dr Ismail, 60000 Kuala Lumpur, Wilayah Persekutuan Kuala Lumpur, Malaysia",Kuala Lumpur,4019267365
101.5374615,3.0039503,Klinik Metro,clinic,,"26, Jalan Perbahan Satu 26/2a, Hicom Industrial Estate, 40400 Shah Alam, Selangor, Malaysia",Shah Alam,3961301909
101.741245,3.1004262,Klinik Medilove,clinic,,"36, Jalan Kaskas 2, Taman Cheras, 56100 Cheras, Wilayah Persekutuan Kuala Lumpur, Malaysia",Cheras,11893032122
101.7416241,3.1007974,Klinik Yap & Looi (Klinik Too),clinic,,"29, Jalan Kaskas 2, Taman Cheras, 56100 Kuala Lumpur, Wilayah Persekutuan Kuala Lumpur, Malaysia",Kuala Lumpur,11893032115
101.7412474,3.1009371,Pusat Rawatan Orthopedik Yi Xin,doctor,orthopaedics,"6, Jln Kaskas, Wilayah Persekutuan, 56100 Kuala Lumpur, Wilayah Persekutuan Kuala Lumpur, Malaysia",Kuala Lumpur,11893032080
101.7411537,3.1000012,Health Lane Pharmacy,pharmacy,,"22, Jalan Kaskas 2, Taman Cheras, 56100 Kuala Lumpur, Wilayah Persekutuan Kuala Lumpur, Malaysia",Kuala Lumpur,11455095887
101.7411727,3.1001253,AA Pharmacy,pharmacy,,"26, Jalan Kaskas 2, Taman Cheras, 56100 Cheras, Wilayah Persekutuan Kuala Lumpur, Malaysia",Cheras,10874969579
101.7411111,3.1009278,Klinik Pergigian Bunny,dentist,,"4, Jln Kaskas, Taman Cheras, 56100 Kuala Lumpur, Wilayah Persekutuan Kuala Lumpur, Malaysia",Kuala Lumpur,10874969569
101.7414802,3.1002108,Klinik Pergigian Drs. Wong & Partners,dentist,,"13, Jalan Kaskas 2, Taman Cheras, 56100 Kuala Lumpur, Wilayah Persekutuan Kuala Lumpur, Malaysia",Kuala Lumpur,11893032130
101.1593049,4.4565277,New Oasis Holding Sdn Bhd,pharmacy,,"20, Jln Besar, Lawan Kuda Baru, 31600 Gopeng, Perak, Malaysia",Gopeng,4765981221
101.672738,3.0822864,Klinik Nur Sejahtera,clinic,,"88, Jalan Mega Mendung, Batu 5, Old Klang Rd, Taman United, 58200 Kuala Lumpur, WP Kuala Lumpur, Malaysia",Kuala Lumpur,4706836328
101.6720779,3.0821701,Klinik Mediviron,clinic,,"104-G, Ground Floor Jalan Mega Mendung, 5th Miless, Komplex Bandar Ovg, Off, Jln Klang Lama, Taman United, 58200 Kuala Lumpur, Wilayah Persekutuan Kuala Lumpur, Malaysia",Kuala Lumpur,4706836323
101.6460139,3.0749079,Klinik Famili TTDI,clinic,,"7, Jalan Sri Manja 10, Taman Sri Manja, 46000 Petaling Jaya, Selangor, Malaysia",Petaling Jaya,4705754454
101.3890925,4.492018,Klinik Wong,doctor,,"No. 42, Jalan C7 (Jalan Besar Brinchang), 39100, Tanah Rata, Pahang Brinchang, Brinchang, 39000 Tanah Rata, Pahang, Malaysia",Cameron Highlands,4672356149
101.4806693,3.0258856,Klinik Mediviron,clinic,,"No 40 Jalan Congkak, Taman Alam Nyata 3, 40470 Seksyen 36 Shah Alam, Selangor, Malaysia",Shah Alam,4707733766
101.6713099,3.0829571,Klinik Pergigian OUG,dentist,,"138, Jalan Mega Mendung, Taman United, 58200 Kuala Lumpur, Wilayah Persekutuan Kuala Lumpur, Malaysia",Kuala Lumpur,4706836317
101.6703646,3.0816232,Poliklinik Kumpulan City,doctor,,"24, Jalan Awan Hijau, Taman Yarl, 58200 Kuala Lumpur, Wilayah Persekutuan Kuala Lumpur, Malaysia",Kuala Lumpur,4706836291
101.6702922,3.0817437,Klinik Pergigian Khoo,dentist,,"20, Jalan Awan Hijau, Taman Overseas Union, 58200 Kuala Lumpur, Wilayah Persekutuan Kuala Lumpur, Malaysia",Kuala Lumpur,4706836290
101.6700104,3.0822098,Klinik & Surgeri Overseas Union,doctor,,"4, Jalan Awan Hijau, Taman Overseas Union, 58200 Kuala Lumpur, Wilayah Persekutuan Kuala Lumpur, Malaysia",Kuala Lumpur,4706828884
101.6481738,3.0865725,Klinik Pergigian Drs Wong & Partners,dentist,,"78, Jalan 1/14, Seksyen 1, 46000 Petaling Jaya, Selangor, Malaysia",Petaling Jaya,4708991283
101.64838,3.0865018,Klinik Pergigian Dr M Rama,dentist,,"72, Jalan 1/14, Seksyen 1, 46000 Petaling Jaya, Selangor, Malaysia",Petaling Jaya,4708991282
101.6718103,3.0828246,Pusat Pergigian Sim & Hooi,dentist,,"93-1, Jalan Mega Mendung, Taman United, 58000 Kuala Lumpur, Wilayah Persekutuan Kuala Lumpur, Malaysia",Kuala Lumpur,4706836321
101.6700101,3.0834577,Vogue Clinic,clinic,dermatology,"Lot 12-G, Medan Klang Lama, 28, Jln Klang Lama, 58000 Kuala Lumpur, Wilayah Persekutuan Kuala Lumpur, Malaysia",Kuala Lumpur,4705913780
102.5496185,2.1796961,Klinik Desa Bukit Kangkar,clinic,,"Kampung Gelugor, 84300 Sungai Mati, Johor Darul Ta'zim, Malaysia",Sungai Mati,7991292770
102.5567225,2.1224527,Klinik Desa Rawang,clinic,,"Kampung Pantai Layang, 84400 Sungai Mati, Johor Darul Ta'zim, Malaysia",Sungai Mati,7991292707
102.5416495,2.269948,Guardian,pharmacy,,"1331, Jalan Payamas, Kampung Padang Lalang, 84900 Tangkak, Johor Darul Ta'zim, Malaysia",Tangkak,7991634134
101.6633355,3.0870163,H Plus Pharmacy Pantai Dalam,pharmacy,,"422, Jalan 5/132, Gasing Indah, 59000 Kuala Lumpur, Wilayah Persekutuan Kuala Lumpur, Malaysia",Kuala Lumpur,12101707384
101.6654735,3.1523132,Kuala Lumpur Sports Medicine Centre,clinic,,"Level 1, Wisma Perintis, 47, Jalan Dungun, Bukit Damansara, 50490 Kuala Lumpur, Federal Territory of Kuala Lumpur, Malaysia",Kuala Lumpur,6185481485
110.3663579,1.5173754,Klinik Dr. Wong Kai Siong,clinic,,"GF, Commercial Centre, 21, Jalan Song, Tabuan Heights, 93350 Kuching, Sarawak, Malaysia",Kuching,7977710586
101.6579844,3.0734964,Klinik Sharon,clinic,,"No. 125, Jalan SS 17/1A, Ss 17, 47500 Subang Jaya, Selangor, Malaysia",Subang Jaya,7314227588
101.7423134,3.0627965,Klinik Ruqyah Syari'iyyah,clinic,,"Alam Damai, 56000 Kuala Lumpur, Wilayah Persekutuan Kuala Lumpur, Malaysia",Kuala Lumpur,7314704264
101.7440464,3.0617232,Klinik Selvamuthu dan Rakan - rakan,clinic,,"18, Jalan Puteri 1/1, Bandar Puteri, 47100 Puchong, Selangor, Malaysia",Puchong,7314704263
101.7467149,3.0574564,Poliklinik Cahaya Cheras,clinic,,"Hulu Langat, 45, Jalan 34/154, Taman Delima, 56100 Kuala Lumpur, Wilayah Persekutuan Kuala Lumpur, Malaysia",Kuala Lumpur,7314704258
101.7178069,3.2065655,Klinik Pertama Danau Kota,clinic,,"Platinum Lake Condominium, No. 0.25 Gf Pv12 No. 6, Jalan Langkawi, Taman Danau Kota, Wilayah Persekutuan, Danau Kota, 58000 Kuala Lumpur, Federal Territory of Kuala Lumpur, Malaysia",Kuala Lumpur,7315487386
101.6833087,3.1305164,Poliklinik Mallal,doctor,,"Jalan Travers, Brickfields, 50470 Kuala Lumpur, Wilayah Persekutuan Kuala Lumpur, Malaysia",Kuala Lumpur,4769200888
101.7128088,3.1979661,Klinik KJ Lim,clinic,general,"4, Jalan Jernai 2, Medan Idaman Business Centre, 53100 Kuala Lumpur, Wilayah Persekutuan Kuala Lumpur, Malaysia",Kuala Lumpur,7315487392
101.663636,3.0870786,J Low Dental Clinic,dentist,,"416, Jalan 5/132, Gasing Indah, 58200 Kuala Lumpur, Wilayah Persekutuan Kuala Lumpur, Malaysia",Kuala Lumpur,12101707382
101.6835396,3.128397,Klinik Pergigian Bala,dentist,,"No. 253, 1st Floor, Jalan Tun Sambanthan, 50470 Kuala Lumpur, Wilayah PersekutuanNo. 253, 1st Floor, Jalan Tun Sambanthan, 50470, Kuala Lumpur, Wilayah Persekutuan, Brickfields, 50470 Kuala Lumpur, Federal Territory of Kuala Lumpur, Malaysia",Kuala Lumpur,4769200899
101.6836221,3.1301664,Klinik Mediviron,clinic,,"17, Jalan Travers, Brickfields, 50470 Kuala Lumpur, Wilayah Persekutuan Kuala Lumpur, Malaysia",Kuala Lumpur,4769200892
101.6355601,3.074243,Klinik Widuri,clinic,,"No.42, Jalan Medan 10, Taman Medan, 46000 Petaling Jaya, Selangor, Malaysia",Petaling Jaya,4734659385
101.5995926,3.1026825,MB Star Dialysis Centre,clinic,,"E-G-05 - 06 Dataran Glomac Jalan SS 6/20A, Off, Jalan 6/3, Pusat Bandar Kelana Jaya, 47301 Petaling Jaya, Selangor, Malaysia",Petaling Jaya,4715487328
102.400951,3.4599709,Klinik Putramedic,clinic,,"NO 110 & 112, GROUND FLOOR, Jalan Persiaran Damai 1, Damai Court, 28000 Temerloh, Pahang, Malaysia",Temerloh,6257189764
101.5214284,3.6805565,Klinik dan Segeri K.W. Chan,clinic,,"No. 3G, Laluan Sentral Intan, Pusat Komersial, Sentral Intan, 36000 Teluk Intan, Perak, Malaysia",Teluk Intan,8089020496
101.711921,3.1359332,Klinik Sri Intan,clinic,,"299, Jln Pudu, Pudu, 55100 Kuala Lumpur, Wilayah Persekutuan Kuala Lumpur, Malaysia",Kuala Lumpur,7315469373
101.7122176,3.1354509,Klinik Pakar Kulit Chow,clinic,,"No. 323, Jln Pudu, Wilayah Persekutuan, 55100 Kuala Lumpur, Wilayah Persekutuan Kuala Lumpur, Malaysia",Kuala Lumpur,7315469372
101.7131029,3.1348614,Klinik Tsu & Ng,clinic,,"462 & 464, Jln Pudu, Pudu, 55100 Kuala Lumpur, Wilayah Persekutuan Kuala Lumpur, Malaysia",Kuala Lumpur,7315469366
101.7132058,3.1347205,Klinik Ng dan Lee,clinic,,"462 & 464, Jln Pudu, Pudu, 55100 Kuala Lumpur, Wilayah Persekutuan Kuala Lumpur, Malaysia",Kuala Lumpur,7315469365
101.712322,3.1359583,Pathlab,clinic,,"30, Lorong Yap Hin, Pudu, 55100 Kuala Lumpur, Wilayah Persekutuan Kuala Lumpur, Malaysia",Kuala Lumpur,4211695789
101.7123428,3.1354238,Poliklinik Tham & Ng,clinic,,"327, Jln Pudu, Pudu, 55200 Kuala Lumpur, Wilayah Persekutuan Kuala Lumpur, Malaysia",Kuala Lumpur,7315469371
101.7126195,3.134902,Klinik Seri Bintang,clinic,,"343, Jln Pudu, Pudu, 55100 Kuala Lumpur, Wilayah Persekutuan, Malaysia",Kuala Lumpur,7315469370
101.7126578,3.1348423,Pusat Perubatan N & L Medical Centre,clinic,,"345, Jln Pudu, Pudu, 55100 Kuala Lumpur, Wilayah Persekutuan Kuala Lumpur, Malaysia",Kuala Lumpur,7315469369
101.7130395,3.1349546,Klinik Ho,clinic,,"448, Jln Pudu, Pudu, 55100 Kuala Lumpur, Wilayah Persekutuan Kuala Lumpur, Malaysia",Kuala Lumpur,7315469367
101.7127104,3.1347897,Klinik H & W,clinic,,"349, Jln Pudu, Pudu, 55200 Kuala Lumpur, Wilayah Persekutuan Kuala Lumpur, Malaysia",Kuala Lumpur,7315469368
101.9391083,2.7261812,Klinik Pakar Kanak-Kanak Sayangku,doctor,paediatrics,"No 37, Jalan Tunku Hassan, Bandar Seremban, 70000 Seremban, Negeri Sembilan, Malaysia",Seremban,4900680129
101.9394694,2.72629,Poliklinik Rakyat,doctor,,"44, Jalan Tunku Hassan, Bandar Seremban, 70000 Seremban, Negeri Sembilan, Malaysia",Seremban,4900680123
101.9396288,2.7263323,Klinik Pakar Wanita & Ortopedik,doctor,gynaecology,"48, Jalan Tunku Hassan, Bandar Seremban, 70000 Seremban, Negeri Sembilan, Malaysia",Seremban,4900680122
101.9396288,2.7263323,Klinik Pakar Wanita & Ortopedik,doctor,orthopaedics,"48, Jalan Tunku Hassan, Bandar Seremban, 70000 Seremban, Negeri Sembilan, Malaysia",Seremban,4900680122
110.3373442,1.5343736,Genosis Laboratories,laboratory,,"Sublot 7, Lot 1108, Block 10, KCLD, Jalan Tun Ahmad Zaidi Adruce, Hock Kui Commercial Centre, 93250 Kuching, Sarawak, Malaysia",Kuching,12308973431
113.9876487,4.3941774,Teck Sen Thong Medical & Compamy,alternative,herbalism,"Lot 356, Jalan Brooke, 98000 Miri, Sarawak, Malaysia",Miri,12326965135
113.9876487,4.3941774,Teck Sen Thong Medical & Compamy,alternative,traditional_chinese_medicine,"Lot 356, Jalan Brooke, 98000 Miri, Sarawak, Malaysia",Miri,12326965135
113.9885715,4.3943364,Kwong Choon Tong Drugstore,alternative,traditional_chinese_medicine,"Lot 171 B, junction of brooke and kingsway (Same block of Judson clinic, 98000 Miri, Sarawak, Malaysia",Miri,11809897279
114.0107813,4.4138421,BP Healthcare,laboratory,radiology,"LOT 3560 & LOT 3561, AL-BAYT SQUARE, 101 COMMERCIAL CENTRE, 98000 Miri, Sarawak, Malaysia",Miri,11627248732
114.0107813,4.4138421,BP Healthcare,laboratory,dental_oral_maxillo_facial_surgery,"LOT 3560 & LOT 3561, AL-BAYT SQUARE, 101 COMMERCIAL CENTRE, 98000 Miri, Sarawak, Malaysia",Miri,11627248732
114.0107813,4.4138421,BP Healthcare,laboratory,clinical_pathology,"LOT 3560 & LOT 3561, AL-BAYT SQUARE, 101 COMMERCIAL CENTRE, 98000 Miri, Sarawak, Malaysia",Miri,11627248732
114.0107813,4.4138421,BP Healthcare,laboratory,blood_check,"LOT 3560 & LOT 3561, AL-BAYT SQUARE, 101 COMMERCIAL CENTRE, 98000 Miri, Sarawak, Malaysia",Miri,11627248732
101.6073999,3.1646314,Reflexology Healing Hands,physiotherapist,,"No, 7, 1, Jalan PJU 8/3b, Damansara Perdana, 47820 Petaling Jaya, Selangor, Malaysia",Petaling Jaya,12323696960
101.6080531,3.1651902,Spinewell Chiropractic,alternative,chiropractic,"G12, Jalan PJU 8/3, Damansara Perdana, 47820 Petaling Jaya, Selangor, Malaysia",Petaling Jaya,12323602057
113.980805,4.3580831,Ano Confinement Centre,birthing_centre,,"Jalan Luak Bay, 98000 Miri, Sarawak, Malaysia",Miri,11475698247
113.988771,4.3938552,Surgeri Pergigian Dr Nguan,dentist,,"958, 954, Jalan Kwangtung, 98000 Miri, Sarawak, Malaysia",Miri,12020243787
101.6731785,3.2024888,BIG Pharmacy,pharmacy,,"No.20, First Floor, Jalan Batu Ambar, Batu 5, Jln Ipoh, Taman Kok Lian, 51200 Kuala Lumpur, Wilayah Persekutuan Kuala Lumpur, Malaysia",Kuala Lumpur,12298872268
110.3746799,1.5058501,Klinik Pergigian Dr Ling,dentist,,"No 435,Block, 11, Jalan Stutong, Height Drive Commercial Centre, 93350 Kuching, Sarawak, Malaysia",Kuching,12298904423
103.7592757,1.4664792,Faizal Women Specialist Clinic,clinic,,"No.24, Level 1, Block B, Wisma Maria, Jalan Ngee Heng, Bandar Johor Bahru, 80000 Johor Bahru, Johor Darul Ta'zim, Malaysia",Johor Bahru,12300616711
103.7595413,1.4661083,Klinik Pakar Perubatan Chin,clinic,,"Level 1, Wisma Maria, Jalan Ngee Heng, Bandar Johor Bahru, 80100 Johor Bahru, Johor, Malaysia",Johor Bahru,12300616394
113.9789846,4.3893422,Marina Pharmacy,pharmacy,,"Lot 2051, Marina Square, Phase 1, 98000 Miri, Sarawak, Malaysia",Miri,11553954221
101.7793244,3.1403771,Watsons,pharmacy,,"Lot F1.18 & F1.19, Ground Floor AEON Big Ampang, 2, Lorong Dagang Permai 6, Taman Dagang Permai, 68000 Ampang, Selangor, Malaysia",Ampang,12303530150
101.7526048,2.96336,Dermolene,doctor,dermatology,,,12308775734
110.3336033,1.5181857,Klinik Chai,clinic,,"Ground Floor, Lot 4861, Block 218, KNLD, Batu, 3, Jalan Datuk Amar Kalong Ningkan, Everbright Park, 93250 Kuching, Sarawak, Malaysia",Kuching,12308915371
101.1522705,4.312669,i-Health Pharmacy Kampar Sdn Bhd,pharmacy,,"87, Jln Idris, Kampung Masjid, 31900 Kampar, Perak, Malaysia",Kampar,7691131453
100.3390594,5.4165985,The Pearl,clinic,,"99, King Street, George Town, 10200 George Town, Pulau Pinang, Malaysia",George Town,5658306765
104.2603641,1.5406716,First Aid Room,clinic,,"11 Lor 3 Toa Payoh, BLOCK A #02-01, Singapura 319579",Singapore,5572928377
100.5350729,5.0132788,Watsons,pharmacy,,"No 6, Ground Floor, Jalan Harmoni, Pusat Bandar Bagan Serai, 34300 Bagan Serai, Perak, Malaysia",Bagan Serai,12542087529
104.261911,1.5386392,First Aid Room,clinic,general,"11 Lor 3 Toa Payoh, BLOCK A #02-01, Singapura 319579",Singapore,5572928378
101.6864879,3.0992632,Poliklinik Kumpulan City,clinic,,"26, Jalan Radin Anum, Bandar Baru Sri Petaling, 57000 Kuala Lumpur, Wilayah Persekutuan Kuala Lumpur, Malaysia",Kuala Lumpur,10239474809
101.6864899,3.0994408,BIG Pharmacy,pharmacy,,"No. 19 & 21, Plaza Danau 2, Jalan 2/109f, Taman Danau Desa, 58100 Kuala Lumpur, Federal Territory of Kuala Lumpur, Malaysia",Kuala Lumpur,10239474806
101.6869059,3.1000465,Guardian,pharmacy,,"7-0-10, Jalan 3/109f, Taman Danau Desa, 58100 Kuala Lumpur, Wilayah Persekutuan Kuala Lumpur, Malaysia",Kuala Lumpur,3614672484
103.9350699,1.5239177,Klinik Kesihatan Cahaya Baru,clinic,,"Klinik Kesihatan Felda Chaya Baru, Kampung Cahaya Baru, 81760 Masai, Johor Darul Ta'zim, Malaysia",Masai,7273720887
101.6934114,3.1396551,The KL Clinic,clinic,,"Stesen Keretapi Lama, Jalan Sultan Hishamuddin, Kampung Attap, 50621 Kuala Lumpur, Wilayah Persekutuan Kuala Lumpur, Malaysia",Kuala Lumpur,11871659778
101.1201165,4.6148412,Gul Medical Centre sdn Bhd,clinic,,"38, Lebuh Medan Ipoh, Bandar Baru Medan Ipoh, 31400 Ipoh, Perak, Malaysia",Ipoh,7286346066
101.7334586,3.205675,Klinik Mediviron,clinic,,"7, Jalan 14/27b, Desa Setapak, 53300 Kuala Lumpur, Wilayah Persekutuan Kuala Lumpur, Malaysia",Kuala Lumpur,11377867711
101.6942121,2.8182599,Klinik Pergigian Warisan,clinic,dentistry,"13-1, Jln Warisan Sentral 1, Kota Warisan, 43900 Sepang, Selangor, Malaysia",Sepang,6200097716
110.3537644,1.5556768,Umh,pharmacy,,"Lot 169, Jalan Song Thian Cheok, 93100 Kuching, Sarawak, Malaysia",Kuching,5253861821
103.3199168,2.0362997,Watsons,pharmacy,,"No. 10 Ground Floor, Jalan Dato Haji Hassan, Kampung Masjid Lama, 86000 Kluang, Johor Darul Ta'zim, Malaysia",Kluang,6560585387
101.68715,3.1769865,Klinik Wanita Nara,clinic,,"334, Jln Sultan Azlan Shah, Jalan Ipoh, 51200 Kuala Lumpur, Wilayah Persekutuan Kuala Lumpur, Malaysia",Kuala Lumpur,12543427668
102.230306,6.1142849,Klinik Primer Lembah Sireh,clinic,,"Klinik Primer Lembah Sireh, Shop Lot, PT360, Lembah Sireh, 15050 Kota Bharu, Kelantan, Malaysia",Kota Bharu,3766759474
102.2325859,6.1144356,Farmasi Sireh,pharmacy,,"S/17 No. 9- H, Bandar Baru Lembah Sireh, 15050 Kota Bharu, Kelantan, Malaysia",Kota Bharu,3766781374
101.6104067,3.0728186,Guardian,pharmacy,,"LG2.06, 3, Jalan PJS 11/15, Bandar Sunway, 46150 Petaling Jaya, Selangor, Malaysia",Petaling Jaya,11862350518
101.6205293,3.045518,Guardian,pharmacy,,"G31 & G32, GROUND FLOOR, Ioi Mall, Bandar Puchong Jaya, 47100 Puchong, Selangor, Malaysia",Puchong,11862455671
101.6239584,3.0203085,Guardian,pharmacy,,"NO. 27, GROUND FLOOR, Jalan Puteri 2/1, Bandar Puteri, 47100 Puchong, Selangor, Malaysia",Puchong,11862902001
101.7295955,3.1126584,Klinik Pakar Perubatan Pertama,clinic,,"1514, Jalan Besar, Kampung Baru Seri Kembangan, 43300 Seri Kembangan, Selangor, Malaysia",Seri Kembangan,6546305988
101.7296249,3.1125361,Klinik Kanak-Kanak Ew,clinic,child_psychiatry,"Taman Pertama Cheras, 43, Jalan 2/90, Cheras, 56100, Kuala Lumpur, WP Kuala Lumpur, Taman Pertama, 56100 Kuala Lumpur, Federal Territory of Kuala Lumpur, Malaysia",Kuala Lumpur,6546324286
101.7802215,2.9759657,Poliklinik Damai,doctor,,"B-3-GB, Jalan Prima Saujana 2/A, Prima Saujana, 43000 Kajang, Selangor, Malaysia",Kajang,4755587647
101.7802611,2.9761408,Klinik Premier,doctor,,"10, Jalan Kajang Mewah 3, Taman Kajang Mewah, 43000 Kajang, Selangor, Malaysia",Kajang,4755587645
101.6978411,3.1433319,Yong Fong Thai,alternative,traditional_chinese_medicine,"76, Jalan Petaling, City Centre, 50000 Kuala Lumpur, Wilayah Persekutuan Kuala Lumpur, Malaysia",Kuala Lumpur,11359425786
114.0080749,4.3680564,Mobility Matters Physio & Rehab,physiotherapist,,"Lot 9539 Assar Commercial Centre Jalan Cahaya, &, Jalan By-Pass, 98000 Miri, Sarawak, Malaysia",Miri,11507724185
102.410913,6.0270086,Klinik Desa Pantai Baru,clinic,,"Jalan Pantai Baru Bachok, 16300 Bachok, Kelantan, Malaysia",Bachok,8015247685
101.587524,3.0737209,BIG Pharmacy SS15,pharmacy,,"No C5, G & 1st Floor, Jalan SS 15/4d, Ss 15, 47500 Subang Jaya, Selangor, Malaysia",Subang Jaya,6280402059
100.235151,5.3507739,Farmasi (Pharmacy) Alpro,pharmacy,,"72, Jalan Besar, 11000 Balik Pulau, Pulau Pinang, Malaysia",Balik Pulau,6533544585
116.6628252,5.9517796,Klinik Dr. Afifi,clinic,,"lot A9, Pekan Ranau, 89308 Ranau, Sabah, Malaysia",Ranau,5455084549
115.2395524,5.2828335,Klinik 1 Malaysia UTC Labuan,clinic,,"UTC Central Market,, 87000 Labuan, Wilayah Persekutuan Labuan, Malaysia",Labuan,4776362060
101.615454,3.0885705,Kelinik Nasional,clinic,,"547b, Jalan SS 9a/12, Ss 9a, 47300 Petaling Jaya, Selangor, Malaysia",Petaling Jaya,4715896526
116.3086881,5.1479233,Klinik Kesihatan Sook,clinic,,"D/A Pejabat Kesihatan Kawasan Keningau, P/S No.97 Keningau, Keningau, Sabah, Malaysia",Keningau,7891795966
116.3120987,4.5380984,Klinik Kesihatan Pensiangan,clinic,,"Nabawan, Sabah, Malaysia",Nabawan,7893291647
101.6103405,3.0646695,Sunway TCM Centre,alternative,traditional_chinese_medicine,"Sunway Geo Avenue, B1-01-01, B1-02-01, B1-03-01, Bandar Sunway, 47500 Petaling Jaya, Selangor, Malaysia",Petaling Jaya,11862350544
100.2782448,5.3999271,Poh Cheong Tong,alternative,traditional_chinese_medicine,"610-P, Jln Paya Terubung, Kampung Pisang, 11500 Ayer Itam, Pulau Pinang, Malaysia",Ayer Itam,9720856007
100.2782651,5.3999751,Nyin Oi Tang Medical Hall,alternative,traditional_chinese_medicine,"610-O, Jln Paya Terubung, Kampung Pisang, 11500 Ayer Itam, Pulau Pinang, Malaysia",Ayer Itam,9720856006
102.037863,2.3617122,Klinik Adam,clinic,,"KS 110, 78200 Kuala Sungai Baru, Melaka, Malaysia",Melaka,4571480581
101.67072,3.0810447,Klinik Kanak-kanak Ooi,clinic,paediatrics,"1F-2, Jalan SS 26/9, Taman Mayang Jaya, 47301 Petaling Jaya, Selangor, Malaysia",Kuala Lumpur,4706836295
100.3414535,5.4177714,Klinik B. S. Tan,clinic,,"21, Lebuh Gereja, George Town, 10450 George Town, Pulau Pinang, Malaysia",George Town,11850194836
101.0770572,4.5971203,Perak Medical Centre Sdn Bhd,clinic,,"47, Jalan Tun Sambanthan, 30000 Ipoh, Perak, Malaysia",Ipoh,6709938386
101.7354096,3.0822838,Klinik Pergigian Koo,dentist,,"177, Jalan Sarjana, Taman Connaught, 56000 Cheras, Wilayah Persekutuan Kuala Lumpur, Malaysia",Cheras,6602351087
101.7358271,3.0822725,Farmasi Health Lane,pharmacy,,"163, Jalan Sarjana, Taman Connaught, 56000 Kuala Lumpur, Wilayah Persekutuan Kuala Lumpur, Malaysia",Kuala Lumpur,6602346886
101.7356461,3.0822774,Klinik Mediviron,clinic,,"B-0-5, Ja;an 12/144A, Cheras, Taman Bukit Cheras, 56000 Kuala Lumpur, Federal Territory of Kuala Lumpur, Malaysia",Kuala Lumpur,6602343590
101.7372927,3.0814153,BIG Pharmacy,pharmacy,,"No. 59G, 61G, Jalan Radin Tengah Bandar Baru, Bandar Baru Sri Petaling, 57000 Kuala Lumpur, Wilayah Persekutuan Kuala Lumpur, Malaysia",Kuala Lumpur,7714286525
101.7350506,3.0822889,Dr. Alvin Baby & Child Specialist Clinic,clinic,paediatrics,"187, Jalan Sarjana, Taman Connaught, 56000 CHERAS, Wilayah Persekutuan Kuala Lumpur, Malaysia",CHERAS,7714286496
101.7352913,3.0822816,Klinik Medic 360,clinic,,"179, Jalan Sarjana, Taman Connaught, 56000 Cheras, Wilayah Persekutuan Kuala Lumpur, Malaysia",Cheras,7714286494
101.7691959,3.038936,Klinik Mediviron,clinic,,"B-0-5, Ja;an 12/144A, Cheras, Taman Bukit Cheras, 56000 Kuala Lumpur, Federal Territory of Kuala Lumpur, Malaysia",Cheras,7711237569
102.9492079,1.8352182,Klinik Kurnia,clinic,,"42 & 43, Jalan Orchard Heights 1, Taman Orchard Heights, 83000 Batu Pahat, Johor Darul Ta'zim, Malaysia",Batu Pahat,7692160999
103.3144031,1.7895718,Poliklinik Sejahtera,clinic,,"No. 8, Jln Taman Bayu 1, Taman Sri Bayu, 86200 Simpang Renggam, Johor Darul Ta'zim, Malaysia",Simpang Renggam,7871101097
103.6670643,1.5170786,Lyvin Clinic,clinic,,"8, 8a, 8b, Jalan Sutera Tanjung 8/3, Taman Sutera Utama, 81300 Skudai, Johor Darul Ta'zim, Malaysia",Skudai,7555418252
100.3218293,5.4234403,D' Light Pharmacy,pharmacy,,"142 F, 142 F, Jalan Burma, 10050 George Town, Penang, Malaysia",George Town,9717149590
101.6429453,3.2133476,Klinik Mediviron,clinic,,"Jalan Prima 5, Metro Prima, 52100 Kuala Lumpur, Wilayah Persekutuan Kuala Lumpur, Malaysia",Kuala Lumpur,7317774161
101.6399061,3.2147798,Klinik Dr. Ko,clinic,dermatology,"49, Jalan Metro Perdana Barat 1, Taman Usahawan Kepong, 52100 Kuala Lumpur, Wilayah Persekutuan Kuala Lumpur, Malaysia",Kuala Lumpur,7317774157
101.6060311,3.1014406,Klinik Johari dan Anita,clinic,,"11A, Jalan SS 5b/6, Ss 5, 47301 Petaling Jaya, Selangor, Malaysia",Petaling Jaya,7266914920
101.7438513,3.054642,Klinik Mediviron,clinic,,"B-0-5, Ja;an 12/144A, Cheras, Taman Bukit Cheras, 56000 Kuala Lumpur, Federal Territory of Kuala Lumpur, Malaysia",Kuala Lumpur,7314704256
101.7056541,3.144741,Klinik Dr. Gigi @ Pudu,dentist,,"Level 6, No. 110, Jln Pudu, Bukit Bintang, 55100 Kuala Lumpur, Wilayah Persekutuan Kuala Lumpur, Malaysia",Kuala Lumpur,7242330985
100.3676806,6.1308501,Pusat Dialisis NKF - Superkids Trinity,doctor,,"Jalan Bakar Bata, 60B, Darul Aman Hwy, Kampung Lubok Peringgi, 05100 Alor Setar, Kedah, Malaysia",Alor Setar,8816033099
100.3711447,6.1234335,Klinik Sakit Mata Socka,doctor,,"930, Jalan Sultan Badlishah, Bandar Alor Setar, 05000 Alor Setar, Kedah, Malaysia",Alor Setar,8810812841
116.6648034,5.9521667,Klinik dan Surgeri Dr. Stanley Chong,clinic,,"Grd Floor, Lot 4, Block M, Jalan Pekan, Pekan Ranau, 89300 Ranau, Sabah, Malaysia",Ranau,5455084550
116.1207713,6.0177909,Klinik Sihat,clinic,,"KLINIK SIHAT KINGFISHER 22-0, RIVERSIDE, PARK, Lorong Plaza Kingfisher, 88450 Kota Kinabalu, Sabah, Malaysia",Kota Kinabalu,11828220570
116.1207199,6.0178065,Premier Polyclinic Kingfisher,clinic,,"Lot 21-0, Ground Floor Riverside Plaza, Jalan Bangka Bangka, Kuala Inanam, 88400 Kota Kinabalu, Sabah, Malaysia",Kota Kinabalu,11828220569
102.3484465,3.4855725,Klinik Chin,clinic,,"49, 87 Jalan Mentakab, Taman Bendera, 28400 Mentakab, Pahang, Malaysia",Mentakab,8069200140
100.2831363,5.3229807,Pantai Integrated Rehab (Satellite),hospital,,"1-1-9, Persiaran Mayang Pasir, Elite Height, 11900 Bayan Lepas, Pulau Pinang, Malaysia",Bayan Lepas,11834432662
101.4543469,3.2118257,Marissa Mediclinic,clinic,,"1-03-1, Presint Alami, Pusat Perniagaan Worldwide, 2, Persiaran Akuatik, Seksyen 13, 40100 Shah Alam, Selangor, Malaysia",Shah Alam,11834897363
101.7054239,3.0215605,Klinik SK Perdana,clinic,,"1505A, Jalan Besar, Kampung Baru Seri Kembangan, 43300 Seri Kembangan, Selangor, Malaysia",Seri Kembangan,12894125569
101.7048753,3.0211629,Farmasi Lovy,pharmacy,,"No. 1 & 3, Jalan Susuk Besar, Kampung Baru Seri Kembangan, 43300 Seri Kembangan, Selangor, Malaysia",Seri Kembangan,12894125560
101.7060264,3.0220872,Klinik Mediviron,clinic,,"Ground Floor, 1511-B, Jalan Besar, Kampung Baru Seri Kembangan, 43300 Seri Kembangan, Selangor, Malaysia",Seri Kembangan,12894125576
101.7052773,3.0214555,Klinik Pergigian Grace,dentist,,"Ground Floor, 1503B, Jalan Besar, Kampung Baru Seri Kembangan, 43300 Seri Kembangan, Selangor, Malaysia",Seri Kembangan,12894125566
101.7050295,3.0212859,Klinik Pakar Mata Serdang,doctor,ophthalmology,"Lot 1501, Jalan Besar, Kampung Baru Seri Kembangan, 43300 Seri Kembangan, Selangor, Malaysia",Seri Kembangan,12894125561
101.70619,3.022308,Klinik Wai,clinic,,"A-1-40, Block A, First Floor, IOI Boulevard, Jalan Kenari 5, Bandar Puchong Jaya, 47100 Puchong, Selangor, Malaysia",Puchong,12894125580
101.7046415,3.0206606,Pusat Pergigian Wong & Kuay,dentist,,"32, Jalan Kijang 1 One Legenda, Pekan Batu 9 Cheras, 43200 Cheras, Selangor, Malaysia",Cheras,12894125556
101.7051791,3.0213905,Klinik Lee & Low,clinic,,"Lot 1502 B - G, Jalan Besar, Kampung Baru Seri Kembangan, 43300 Seri Kembangan, Selangor, Malaysia",Seri Kembangan,12894125564
101.7049309,3.0212039,Bp,clinic,,"No 1 & 3, Ground Floor, Jalan Besar Susur 1, Kampung Baru Seri Kembangan, 43300 Seri Kembangan, Selangor, Malaysia",Seri Kembangan,9510130343
101.7062992,3.0224495,Klinik Pakar Perubatan Pertama,clinic,,"1514, Jalan Besar, Kampung Baru Seri Kembangan, 43300 Seri Kembangan, Selangor, Malaysia",Seri Kembangan,12894125583
102.0394192,2.3619055,Pusat Dialisis DaVita,clinic,,"KS 1091 & 1092, Jalan KJ 2, Taman Kuala Jaya, 78200 Kuala Sungai Baru, Melaka, Malaysia",Kuala Sungai Baru,7124682400
100.4895197,5.1287942,Klinik Maranatha,clinic,,"348, Jalan Ria, 34200 Parit Buntar, Perak, Malaysia",Parit Buntar,11821482859
100.4917603,5.1294766,Klinik Chen,clinic,,"72, Jalan Teh Peh Kong, Kampung Permatang Tok Mamat, 34200 Parit Buntar, Perak, Malaysia",Parit Buntar,11822183076
114.0427317,4.4751529,Vision Pharmacy,pharmacy,,"Lutong, 98000 Miri, Sarawak, Malaysia",Miri,11637776367
114.0427298,4.4762213,Klinik Desa Indah,clinic,general,"Lot 5257, Ground Floor Desa Indah 3 Shophouses, 98100, Lutong, 98000 Miri, Sarawak, Malaysia",Miri,11637810078
116.0710023,5.9324176,Yunohana Wellness,alternative,,"Lot 11, Block D, Jalan Lintas Kepayan, Lintas Jaya Uptown, 88200 Kota Kinabalu, Sabah, Malaysia",Kota Kinabalu,11827082814
113.9850185,4.3347776,R&R Occupational Therapy and Paediatric Rehabilitation,rehabilitation,,"No 10116, 2, Sze Chuan Road, Off, Jalan Airport, Homelite Eco Park 2, 98000 Miri, Sarawak, Malaysia",Miri,12105470527
100.3208919,5.4237254,Enso,alternative,reflexology,"Jalan Lim Chin Guan, Georgetown, 10250 George Town, Pulau Pinang, Malaysia",George Town,9717135789
100.3209884,5.4236688,Lee Optometrist,optometrist,,"223-A, Jalan Burma, 10050 George Town, Pulau Pinang, Malaysia",George Town,9717135788
101.6705835,3.1322613,Onespine,physiotherapist,,"38, Jalan Tun Mohd Fuad 1, Taman Tun Dr Ismail, 60000 Kuala Lumpur, Wilayah Persekutuan Kuala Lumpur, Malaysia",Kuala Lumpur,7249576885
116.1219962,6.0159874,Teh & Chan Dental Surgery,dentist,,"Lot 3, 0, Lorong Plaza Kingfisher, Plaza Kingfisher, 88450 Kota Kinabalu, Sabah, Malaysia",Kota Kinabalu,11828220610
115.0187948,4.7645827,Jabatan Kecemasan dan Ambulan,hospital,emergency,"92G2+63, Jalan Cahaya, Kampung Lopeng Tengah, 98000 Miri, Sarawak, Malaysia",Miri,11826985060
115.0187948,4.7645827,Jabatan Kecemasan dan Ambulan,hospital,intensive,"VWVM+728, Jalan Putera Al-Muhtadee Billah, Bandar Seri Begawan BA1712, Brunei",Bandar Seri Begawan,11826985060
116.0703303,5.9324306,Klinik & Surgeri Dr Khong,clinic,,"GF, Lot 5, Block B, Jln Lintas, Lintas Jaya Uptownship, 88200 Kota Kinabalu, Sabah, Malaysia",Kota Kinabalu,11827082822
116.0700426,5.9322163,Sabah Care Specialist Clinic,clinic,,"Ground Floor, Block C, Unit 9, Lintas Jaya Uptownship, 88300 Kota Kinabalu, Sabah, Malaysia",Kota Kinabalu,11827082819
116.0703928,5.9310716,Medisinar Klinik & Surgeri,clinic,,"H5-1 Lintas Jaya Uptownship, Jln Lintas, 88300 Kota Kinabalu, Sabah, Malaysia",Kota Kinabalu,11827082816
116.1227395,6.0165638,Guardian,pharmacy,,"NO 2 GROUND FLOOR, BLOCK D, Lorong Plaza Kingfisher 6, PLAZA KINGFISHER, 88450 Kota Kinabalu, Sabah, Malaysia",Kota Kinabalu,11828220580
116.1207515,6.0174317,Poliklinik UMS,clinic,,"Ground Floor, Lot 45, 46, 47, Block F, Riverside Plaza, Kingfisher Park, 88450 Kota Kinabalu, Sabah, Malaysia",Kota Kinabalu,11828220571
116.0963577,5.9616417,Guardian,pharmacy,,"GF, M-0-77(S014) , Ground Floor, City Mall, Jln Lintas, 88300 Kota Kinabalu, Sabah, Malaysia",Kota Kinabalu,11811745168
101.4747762,3.2461749,Nefrocare,dialysis,nephrology,"Bandar Seri Coalfields, 23, Jalan BSC 2B/1, 47000 Sungai Buloh, Selangor, Malaysia",Sungai Buloh,11812832084
100.5644043,5.3890278,Poliklinik Dr Azhar dan Rakan-Rakan,clinic,,"5906, Jalan Kelang Lama, Pusat Perniagaan Putra, 09000 Kulim, Kedah, Malaysia",Kulim,4957001004
113.9879921,4.3983725,KT Wong Chinese Physician & Acupuncture,alternative,traditional_chinese_medicine,"Lot. 622, Ground Floor, Jalan Sim Cheng Kay, 98000 Miri, Sarawak, Malaysia",Miri,11813208775
113.9879921,4.3983725,KT Wong Chinese Physician & Acupuncture,alternative,acupuncture,"Lot. 622, Ground Floor, Jalan Sim Cheng Kay, 98000 Miri, Sarawak, Malaysia",Miri,11813208775
101.5853174,3.1137481,Klinik Prasarana,clinic,,"Prasarana Tower, Jalan PJU 1A/46, Ara Damansara, Pju 1a, 47301 Petaling Jaya, Selangor, Malaysia",Petaling Jaya,12887858723
113.9854134,4.3908102,Joo Fah Drug Co.,alternative,,"Lot 1303, Jalan Melayu, 98000 Miri, Sarawak, Malaysia",Miri,11813235062
113.9874841,4.3929971,Joo Fah Drug Co.,alternative,,"Lot 1303, Jalan Melayu, 98000 Miri, Sarawak, Malaysia",Miri,11813235060
113.9898555,4.4016978,Yong Accupuncturist,alternative,traditional_chinese_medicine,"Lot 1249, Lot 1249, Jalan Permaisuri, 98000 Miri, Sarawak, Malaysia",Miri,11816785360
116.1291585,6.0356628,Guardian,pharmacy,,"G-349, 88400 Kota Kinabalu, Sabah, Malaysia",Kota Kinabalu,11817926326
113.9891401,4.4009169,Klinik Asiah,clinic,,"Lot 666, 98008, Jalan Permaisuri, 98000 Miri, Sarawak, Malaysia",Miri,11653038150
113.9882455,4.3545951,George Medical Clinic,clinic,,"No. 3053, Ground Floor, Morsjaya Commercial Centre, Jln Morsjaya 7, Morsjaya, 98000 Miri, Sarawak, Malaysia",Miri,11559278079
100.4898243,5.1283686,Georgetown Pharmacy,pharmacy,,"29, Jln Taiping, 34200 Parit Buntar, Perak, Malaysia",Parit Buntar,11821255683
100.3866961,5.4414608,Avery Tan Physio & Rehab Centre,hospital,physiotherapy,"6976, Jalan Raja Uda, Taman Merbau Jaya, 12300 Butterworth, Pulau Pinang, Malaysia",BUTTERWORTH,12111998742
100.4890893,5.126984,Kedai Ubat Ai Sheng,alternative,traditional_chinese_medicine,"213, Jln Taiping, 34200 Parit Buntar, Perak, Malaysia",Parit Buntar,11819462141
100.4898507,5.1284179,Klinik Dr. Halimah,clinic,,"Ground Floor, 27, Jln Taiping, 34200 Parit Buntar, Perak, Malaysia",Parit Buntar,11820361829
100.4897341,5.1289216,Kelinik Lim Bersaudara,clinic,,"342-B, Jalan Ria, Kampung Permatang Tok Mamat, 34200 Parit Buntar, Perak, Malaysia",Parit Buntar,11821482864
100.3925021,5.3854699,Mega Kulim Pharmacy,pharmacy,,"1 & 2, Jalan Todak 2 Pusat Bandar Seberang Jaya, 13700 Perai, Pulau Pinang, Malaysia",Perai,7174906729
100.3856103,5.4339726,Mega Kulim Pharmacy,pharmacy,,"1 & 2, Jalan Todak 2 Pusat Bandar Seberang Jaya, 13700 Perai, Pulau Pinang, Malaysia",Butterworth,6586671802
100.3991271,5.3991435,Mega Kulim Pharmacy,pharmacy,,"1 & 2, Jalan Todak 2 Pusat Bandar Seberang Jaya, 13700 Perai, Pulau Pinang, Malaysia",Seberang Jaya,6200875686
100.5553236,5.3714719,Mega Kulim Pharmacy,pharmacy,,"14A, Bangunan Pknk Jalan Tunku Abidah, Kedah, Kulim, 09000 Kulim, Kedah, Malaysia",Kulim,4674078477
113.9881476,4.3539618,Clover Pharmacy,pharmacy,,"GROUND FLOOR, LOT 3064, BLOCK 1, MORSJAYA COMMERCIAL CENTRE, 98000 Miri, Sarawak, Malaysia",Miri,11496218078
114.0252818,4.4501766,Dr. Ray Lu Clinic,clinic,occupational_medicine,"Lot 10664-10665 Pujut 7 Commercial Centre, Jalan Pujut 7, Lutong, 98000 Miri, Sarawak, Malaysia",Miri,11539902533
114.0252818,4.4501766,Dr. Ray Lu Clinic,clinic,general,"Lot 10664-10665 Pujut 7 Commercial Centre, Jalan Pujut 7, Lutong, 98000 Miri, Sarawak, Malaysia",Miri,11539902533
114.0014903,4.4108945,Oil City Medical Imaging,laboratory,radiology,"1047, Jalan Bulan Sabit, 98000 Miri, Sarawak, Malaysia",Miri,11806114323
101.5995146,3.1334057,Permulab Sdn Bhd,laboratory,,"A-G-16, Merchant Square@Tropicana 1, Jln Tropicana Selatan, PJU 3, 47410 Petaling Jaya, Selangor, Malaysia",Petaling Jaya,6294186936
101.7154434,3.1437042,Tabib yong kwek sing,alternative,acupuncture,"A-3-7, Pelangi Square Business Centre Persiaran Surian, Jln PJU 6, Kota Damansara, 47800 Petaling Jaya, Selangor, Malaysia",Petaling Jaya,12116351699
103.2054961,5.206954,Farmasi Lautan,pharmacy,,"Tingkat Bawah, Bangunan UMNO Marang, Jalan Dungun, 21600 Marang, Terengganu, Malaysia",Marang,9722424536
101.3077743,3.2560767,Klinik Mediviron,clinic,,"NO 15, GROUND FLOOR, 1, Jalan Dato' Tan Teng Kuay, Sungai Buloh, 45800 Jeram, Selangor, Malaysia",Jeram,11810055621
101.1144032,4.5721161,Farmasi Alpro,pharmacy,,"No. 54, Jalan Besar, Kampung Gunung Rapat, 31350 Ipoh, Perak, Malaysia",Ipoh,8276978231
101.1141144,4.5720658,Klinik Medione,clinic,,"44, Main Road, Kampung Gunung Rapat, 31350 Ipoh, Perak, Malaysia",Ipoh,8276978230
114.0007452,4.4266947,Herbs Instead Chinese Medicine Center,alternative,traditional_chinese_medicine,"Ground Floor, LOT 2963, Jalan Krokop 10A, 98000 Miri, Sarawak, Malaysia",Miri,11758735017
114.0007452,4.4266947,Herbs Instead Chinese Medicine Center,alternative,herbalism,"Ground Floor, LOT 2963, Jalan Krokop 10A, 98000 Miri, Sarawak, Malaysia",Miri,11758735017
114.0007452,4.4266947,Herbs Instead Chinese Medicine Center,alternative,acupuncture,"Ground Floor, LOT 2963, Jalan Krokop 10A, 98000 Miri, Sarawak, Malaysia",Miri,11758735017
101.6045656,3.1580957,Klinik Pakar Kanak-Kanak Junina,clinic,,"15, Jalan PJU 7/7a, Mutiara Damansara, 47800 Petaling Jaya, Selangor, Malaysia",Petaling Jaya,11811086873
116.0700502,5.93158,Watsons,pharmacy,,"SN002, Ground Floor, Lot 1, Block J, Lintas Jaya Uptownship, Jln Lintas, Kepayan Highway, 88300 Kota Kinabalu, Sabah, Malaysia",Kota Kinabalu,11811744808
113.9878321,4.3537562,Lau Clinic,clinic,,"Ground floor, Lot 3013, Block 1 LLD, Jalan Morsjaya 7, Morsjaya Commercial Centre, Morsjaya, 98000 Miri, Sarawak, Malaysia",Miri,11496218088
113.9874925,4.3538706,PMG Medical Clinic,clinic,,"LOT 3001, GROUND FLOOR & FIRST FLOOR, BLOCK 1, LLD, JALAN, MORSJAYA, 98000 Miri, Sarawak, Malaysia",Miri,11496218089
113.982769,4.3733316,Naturopathic Traditional Medical Centre Sdn Bhd (NTMC),alternative,traditional_chinese_medicine,"LOT 1013 KING'S COMMERCIAL CENTRE JALAN MIRI, Jalan Airport, 98000 Miri, Sarawak, Malaysia",Miri,11584058097
113.9822026,4.3732995,Yo Ming Tang Traditional Chinese Physician Sdn Bhd,alternative,traditional_chinese_medicine,"98000, Malaysia, Sarawak, Miri, Jalan Miri-AirportLot 1003",Miri,11803949636
101.4703753,3.1686173,Carzey Auto Parts,dialysis,nephrology,"B-G, 36, Jalan Kelip - Kelip U15/8, Desa Tropika Seksyen U15, 40170 Shah Alam, Selangor, Malaysia",Shah Alam,11806611488
114.0123457,4.4159168,Alpro Clinic,clinic,,"Lot 2468, Jalan Boulevard Utama, Boulevard Commercial Centre, 98000 Miri, Sarawak, Malaysia",Miri,11807179900
100.3647828,6.0983183,Mega Kulim Pharmacy,pharmacy,,"30, 31 & 32, Jalan Psk Satu, Pekan Simpang Kuala, 05400 Alor Setar, Kedah, Malaysia",Alor Setar,9126002278
100.5544578,5.3685275,Mega Kulim Pharmacy,pharmacy,,"165 & 166, Jalan Tunku Putra, Kulim, 09000 Kulim, Kedah, Malaysia",Kulim,7728909623
100.5466694,5.5166739,Mega Kulim Pharmacy,pharmacy,,"2, 1342 & 1343, Jalan Serai Wangi 13/6, Taman Serai Wangi, 09400 Padang Serai, Kedah, Malaysia",Padang Serai,7728909622
100.5006735,5.6590553,Mega Kulim Pharmacy,pharmacy,,"Jalan Legenda 6, Lagenda Heights, 08000 Sungai Petani, Kedah, Malaysia",Sungai Petani,7728909620
100.4826379,5.6131046,Mega Kulim Pharmacy,pharmacy,,"14, Jalan Permatang Gedung, Taman Sejati Indah, 08000 Sungai Petani, Kedah, Malaysia",Sungai Petani,7728909618
100.5168287,5.6519681,Mega Kulim Pharmacy,pharmacy,,"Jalan Legenda 6, Lagenda Heights, 08000 Sungai Petani, Kedah, Malaysia",Sungai Petani,7728909613
100.4777475,5.1684549,Mega Kulim Pharmacy,pharmacy,,"3618, Jalan Che Ahmad, 14300 Nibong Tebal, Pulau Pinang, Malaysia",Nibong Tebal,7728909612
100.4771608,5.2795733,Mega Kulim Pharmacy,pharmacy,,"34, Jalan Keruing, Kawasan Perniagaan Simpang Ampat, 14100 Simpang Ampat, Pulau Pinang, Malaysia",Simpang Ampat,7728909611
100.444595,5.3647954,Mega Kulim Pharmacy,pharmacy,,"126, Jln Kota Permai, Taman Kota Permai, 14000 Bukit Mertajam, Pulau Pinang, Malaysia",Bukit Mertajam,7728909600
100.4814428,5.3339001,Mega Kulim Pharmacy,pharmacy,,"3332 & 3333, Jalan Perniagaan, Pusat Perniagaan Alma, 14000 Bukit Mertajam, Pulau Pinang, Malaysia",Bukit Mertajam,7728909592
113.9812064,4.3576003,Farmasi Alpro,pharmacy,,"Lot No. 2.43A - 2.45, Second Floor, Lot 1657, Block 9, MCLD, Bintang MegaMall, Jalan Miri Pujut, Road, 98000 Miri, Sarawak, Malaysia",Miri,11482802934
114.0104681,4.4910353,PMG Pharmacy,pharmacy,,"Lot 11657, Senadin Gateway, Off Jalan, Jln Maigold, Lutong, 98000 Miri, Sarawak, Malaysia",Miri,11515766037
113.9879355,4.353133,PMG Pharmacy,pharmacy,,"Lot 3023, Ground Floor, Block 1 LLD, Jln Morsjaya 7, Commercial Centre, 98000 Miri, Sarawak, Malaysia",Miri,11496218095
113.9873763,4.354066,Farmasi Alpro,pharmacy,,"Lot No. 2.43A - 2.45, Second Floor, Lot 1657, Block 9, MCLD, Bintang MegaMall, Jalan Miri Pujut, Road, 98000 Miri, Sarawak, Malaysia",Miri,11496218094
114.0008632,4.4065366,Farmasi Alpro,pharmacy,,"Lot No. 2.43A - 2.45, Second Floor, Lot 1657, Block 9, MCLD, Bintang MegaMall, Jalan Miri Pujut, Road, 98000 Miri, Sarawak, Malaysia",Miri,11559703198
101.7712385,2.9794108,Pusat Dialisis Airah,dialysis,nephrology,"No. 15 & 17, Jalan Putra 8, Taman Kajang Putra, 43000 Kajang, Selangor, Malaysia",Kajang,4757001982
113.9809039,4.3572488,True Label Pharmacy,pharmacy,,"Lot 8530, Ground Floor, Jalan Luak Bay, 98000 Miri, Sarawak, Malaysia",Miri,11475698231
114.0064156,4.4143567,Bright Smile Dental Clinic,dentist,,"Lots 2114 & 2115, 1st Floor, Yakin Commercial Centre, Jalan Yakin, Off, Jalan Bulan Sabit, Faradale Commercial Centre, 98000 Miri, Sarawak, Malaysia",Miri,10967587025
100.5123778,5.4429895,MY PHARMACY,pharmacy,,"17, Jalan Desa Ara Permai 1, Kampung Ara Kuda, 13310 Tasek Gelugor, Pulau Pinang, Malaysia",Tasek Gelugor,12117912920
100.3130507,5.3967951,Mega Kulim Pharmacy,pharmacy,,"9-1-10, Jalan Van Praagh, Taman Kheng Tian, 11600 Jelutong, Pulau Pinang, Malaysia",Jelutong,10721759777
100.4570005,5.3432316,Mega Kulim Pharmacy,pharmacy,,"126, Jln Kota Permai, Taman Kota Permai, 14000 Bukit Mertajam, Pulau Pinang, Malaysia",Bukit Mertajam,9960066342
100.3267417,5.4151627,Mega Kulim Pharmacy,pharmacy,,"88, Jln Macalister, 10400 George Town, Pulau Pinang, Malaysia",George Town,9920614217
100.2814137,5.2884063,Mega Kulim Pharmacy,pharmacy,,"23-1 Lintang Batu Maung 1 Batu Maung, 11960 Bayan Lepas, Pulau Pinang, Malaysia",Batu Maung,9905315297
100.4471243,5.3294682,Mega Kulim Pharmacy,pharmacy,,"8 & 10, Jalan Bukit Minyak 3, Taman Bukit Minyak, 14000 Bukit Mertajam, Pulau Pinang, Malaysia",Bukit Mertajam,9471312238
100.3041163,5.3822178,Mega Kulim Pharmacy,pharmacy,,"9-1-10, Jalan Van Praagh, Taman Kheng Tian, 11600 Jelutong, Pulau Pinang, Malaysia",Gelugor,9139453386
114.0394419,4.478932,Klinik Steven Ngo,clinic,general,"98000 Miri, Sarawak, Malaysia",Miri,11724725793
100.366063,6.1004653,Well Being,pharmacy,,"219, Jln PSK 6, Pekan Simpang Kuala, 05300 Alor Setar, Kedah, Malaysia",Alor Setar,9126002316
115.0184091,4.7645576,Hospital Limbang (Unit Pesakit Luar),hospital,,"Jalan Pandaruan, 98700 Limbang, Sarawak, Malaysia",Limbang,11789389144
115.0193314,4.7649568,Pusat Dialisis Hospital Limbang,clinic,nephrology,"Jalan Pandaruan, 98700 Limbang, Sarawak, Malaysia",Limbang,11789389140
102.0179819,2.4827267,Klinik Kesihatan Linggi,clinic,,"Rumah Rakyat Pengkalan Durian, 71150 Linggi, Negeri Sembilan, Malaysia",Linggi,7857951834
101.6987278,3.1447032,Lim Dental Surgery,dentist,,"103, First Floor, Jalan Sultan, Kuala Lumpur City Centre, 50000 Kuala Lumpur, Federal Territory of Kuala Lumpur, Malaysia",Kuala Lumpur,7242308388
101.6987797,3.1452622,Klinik Pergigian Kita,dentist,,"123-1 (First Floor, Jalan Sultan, City Centre, 50000 Kuala Lumpur, Wilayah Persekutuan Kuala Lumpur, Malaysia",Kuala Lumpur,4821785226
101.6986714,3.1452506,Guardian,pharmacy,,"LOT NO 89 & 91, Jln Bukit Bintang, Bukit Bintang, 55100 Kuala Lumpur, Wilayah Persekutuan Kuala Lumpur, Malaysia",Kuala Lumpur,4280013144
114.0405241,4.4512188,Klinik Komuniti Permyjaya,clinic,,"Bandar Baru Permyjaya, 98000 Miri, Sarawak, Malaysia",Miri,11546930110
114.0397782,4.452301,Pusat Perubatan Cina Bai Cao Tang,alternative,,"Lot 7958, Ground Floor, Pusat Bandar Shophouse Phase 3, Bandar Baru Permyjaya, Permyjaya, 98000 Miri, Sarawak, Malaysia",Miri,11546930092
114.0405859,4.4507921,630 Pharmacy,pharmacy,,"Bandar Baru Permyjaya, 98000 Miri, Sarawak, Malaysia",Miri,11472382990
114.0385183,4.4518431,Klinik Indah Permai,clinic,,"Lot 7199 Ground Floor, Pusat Bandar, Bandar Baru Permyjaya, 98000 Miri, Sarawak, Malaysia",Miri,11478987420
114.038774,4.4507984,True Label Pharmacy,pharmacy,,"Lot 7171, Pusat Bandar, Phase 2, Bandar Baru Permyjaya, 98000 Miri, Sarawak, Malaysia",Miri,11459917664
114.0124459,4.4160046,Farmasi Alpro,pharmacy,,"Lot No. 2.43A - 2.45, Second Floor, Lot 1657, Block 9, MCLD, Bintang MegaMall, Jalan Miri Pujut, Road, 98000 Miri, Sarawak, Malaysia",Miri,11497049037
114.0378265,4.4507918,Farmasi Alpro,pharmacy,,"Lot.7161 Block 11, Kuala Baram, Pusat Bandar Comm. CTR. PH.2, Bandar, Bandar Baru Permyjaya, 98000 Miri, Sarawak, Malaysia",Miri,11546930128
113.9810557,4.3574165,Guardian,pharmacy,,"Lot 8526, Ground Floor, Jalan Luak Bay, 98000 Miri, Sarawak, Malaysia",Miri,11512785823
100.439355,5.3511977,Klinik Pergigian L,hospital,,"27, Jln Perniagaan Gemilang 1, Pusat Perniagaan Gemilang, 14000 Bukit Mertajam, Pulau Pinang, Malaysia",Bukit Mertajam,12124230214
100.2841826,5.388758,Klinik Pergigian L,hospital,,"17A, Jln Angsana, Bandar Baru Air Itam, 11500 Ayer Itam, Pulau Pinang, Malaysia",Bandar Baru Air Itam,12124108699
101.6855119,3.1783125,iChiropractic,alternative,chiropractic,"A-2-1 (Ground floor), Viva, Jalan Ipoh, Sentul, 51200 Kuala Lumpur, Wilayah Persekutuan Kuala Lumpur, Malaysia",Kuala Lumpur,11775184018
100.48749,5.1209423,Icare Farmasi,pharmacy,,"77, Jalan Maharaja, 34200 Parit Buntar, Perak, Malaysia",Parit Buntar,7083900927
100.4877425,5.1206901,Farmasi Vision,pharmacy,,"69, Jalan Maharaja, Pusat Bandar Baru, 34200 Parit Buntar, Perak, Malaysia",Parit Buntar,7083864473
100.4783329,5.1686557,Siang Pharmacy,pharmacy,,"1331 & 1332, Jalan Atas, 14300 Nibong Tebal, Pulau Pinang, Malaysia",Nibong Tebal,7728909573
101.6678986,3.1125321,Evolcare,alternative,,"Level 15, 8, First Ave, Bandar Utama, 47800 Petaling Jaya, Selangor, Malaysia",Petaling Jaya,11777402232
102.1893311,6.165584,Klinik Safwa Tumpat,clinic,,"T/B, Bangunan Supermas, Lot 15051, Jln Taman Harmoni, 16200 Tumpat, Kelantan, Malaysia",Tumpat,8834942171
101.0260899,4.0274888,St. John Ambulans Malaysia (Selatan Perak),hospice,,"Lot 104, Jalan Mak Intan, Pekan Teluk Intan, 36000 Teluk Intan, Perak, Malaysia",Teluk Intan,4383530199
101.0185438,4.0278624,Klinik Dr Lee,doctor,,"69 & 71, Jln Raja, Pekan Teluk Intan, 36000 Teluk Intan, Perak, Malaysia",Teluk Intan,5355245868
101.0345905,4.0101611,Medi Klinik Shahrol,doctor,,"55W, Jln Changkat Jong, Taman Impian, 36000 Teluk Intan, Perak, Malaysia",Teluk Intan,5361617469
100.3852915,5.4328528,BiG Pharmacy,pharmacy,,"6869 & 6870 GROUND FLOOR, Jalan Raja Uda, Raja Uda, 12300 Butterworth, Pulau Pinang, Malaysia",Butterworth,7083869514
101.7226821,3.1599064,Hospital Ortopedik ALTY,hospital,,"Menara ALTY, 187, Jln Ampang, Taman U Thant, 50450 Kuala Lumpur, Wilayah Persekutuan Kuala Lumpur, Malaysia",Kuala Lumpur,11759497837
101.6670336,3.1115957,ZJI Clinic,clinic,,"Ground Floor, Baker Tilly Tower Tower, 1, Avenue 5, Bangsar South, 59200 Kuala Lumpur, Wilayah Persekutuan Kuala Lumpur, Malaysia",Kuala Lumpur,11760216587
101.7076868,3.1013845,Guardian,pharmacy,,"Lot 53, Jalan Sri Permaisuri 8, Bandar Sri Permaisuri, 56000 Kuala Lumpur, Wilayah Persekutuan Kuala Lumpur, Malaysia",Kuala Lumpur,11627239250
101.7078625,3.1016041,Klinik Pergigian Pang,dentist,,"43-1, Jalan Sri Permaisuri 8, Bandar Sri Permaisuri, 56000 Cheras, Wilayah Persekutuan Kuala Lumpur, Malaysia",Cheras,11627239247
100.9354267,4.7744077,Underwood Clinic,clinic,,"Jalan Kolej Melayu, 33000 Kuala Kangsar, Perak, Malaysia",Kuala Kangsar,4586478902
101.6676725,3.112043,Klinik Oasis,clinic,,"Ground Floor (Lot 01), Menara TH, Tower 2A, Avenue 5, The Horizon Bangsar South, 8, Jalan Kerinchi, Wilayah Persekutuan, 59200 Kuala Lumpur, Wilayah Persekutuan Kuala Lumpur, Malaysia",Kuala Lumpur,11762859599
101.6670781,3.1120011,SC Dental Care,dentist,,"The Horizon, Unit G-01 Wisma Averis Tower 2 Avenue 5, 8, Jalan Kerinchi, Bangsar South, 59200 Kuala Lumpur, Federal Territory of Kuala Lumpur, Malaysia",Kuala Lumpur,8541513563
103.7851638,1.55319,The Smile Dental Lounge,dentist,dentistry,"69, Jalan Mutiara Emas 2A, Taman Mount Austin, 81100 Johor Bahru, Johor Darul Ta'zim, Malaysia",Taman Mount Austin,8389205621
103.7851638,1.55319,The Smile Dental Lounge,dentist,paediatric_dentistry,"69, Jalan Mutiara Emas 2A, Taman Mount Austin, 81100 Johor Bahru, Johor Darul Ta'zim, Malaysia",Taman Mount Austin,8389205621
103.7851638,1.55319,The Smile Dental Lounge,dentist,orthodontics,"69, Jalan Mutiara Emas 2A, Taman Mount Austin, 81100 Johor Bahru, Johor Darul Ta'zim, Malaysia",Taman Mount Austin,8389205621
103.7851638,1.55319,The Smile Dental Lounge,dentist,implantology,"69, Jalan Mutiara Emas 2A, Taman Mount Austin, 81100 Johor Bahru, Johor Darul Ta'zim, Malaysia",Taman Mount Austin,8389205621
103.7851638,1.55319,The Smile Dental Lounge,dentist,dental_oral_maxillo_facial_surgery,"69, Jalan Mutiara Emas 2A, Taman Mount Austin, 81100 Johor Bahru, Johor Darul Ta'zim, Malaysia",Taman Mount Austin,8389205621
101.9715011,6.0270843,โรงพยาบาล สุไหงโก-ลก,hospital,,"1 ถนน ทรายทอง 5 Tambon Su-ngai Kolok, Amphoe Su-ngai Kolok, Chang Wat Narathiwat 96120, Negara Thai",Tambon Su-ngai Kolok,4382350090
101.6344872,3.1290536,BiG Pharmacy,pharmacy,,"No. 88 & 90, Jalan SS21/39, Damansara Utama, 47400 Petaling Jaya, Selangor, Malaysia",Petaling Jaya,11710723247
113.986517,4.3991256,Sui Yen Chinese Physician Centre,alternative,homeopathy,"891, Jalan Pala, 98000 Miri, Sarawak, Malaysia",Miri,11769329516
101.7125708,3.1355934,Poliklinik Bandar (Pudu),clinic,,"426, Jln Pudu, Pudu, 55100 Kuala Lumpur, Wilayah Persekutuan Kuala Lumpur, Malaysia",Kuala Lumpur,7117051410
101.7124123,3.1353513,Klinik Pakar Kulit Chow,clinic,,"No. 323, Jln Pudu, Wilayah Persekutuan, 55100 Kuala Lumpur, Wilayah Persekutuan Kuala Lumpur, Malaysia",Kuala Lumpur,4211695589
100.7309986,5.0085268,Klinik Desa Pondok Tanjung,clinic,,"Kampung Baharu Pondok Tanjong, 34010 Taiping, Perak, Malaysia",Taiping,10060712353
103.3016581,3.8191102,Klinik Sri Masundra,clinic,,"B2, Taman Medan Masyhur , Bandar Indera Mahkota, Kuantan, Kuantan, Bandar Indera Mahkota, 25200 Kuantan, Pahang, Malaysia",Kuantan,5325424789
113.9644685,4.0969519,Grateful Pharmacy,pharmacy,,"98150 Miri, Sarawak, Malaysia",Miri,11372534369
101.6806001,3.1890248,Yapsifu TCM Treatments,alternative,traditional_chinese_medicine,"568-3-81, 3rd Floor, Kompleks Mutiara, Batu 3 1, 2, Jln Sultan Azlan Shah, Batu Complex Bussiness Centre, 51200 Kuala Lumpur, Federal Territory of Kuala Lumpur, Malaysia",Kuala Lumpur,9448907372
101.6672861,3.1111367,Life,alternative,,"1st Floor, Wisma LifeCare, 5, Jalan Kerinchi, Bangsar South, 59200 Kuala Lumpur, Wilayah Persekutuan Kuala Lumpur, Malaysia",Kuala Lumpur,11749481007
101.6888766,3.175928,Klinik Keluarga Sentul,clinic,general,"678, Jln Sentul, Sentul, 51000 Kuala Lumpur, Wilayah Persekutuan Kuala Lumpur, Malaysia",Kuala Lumpur,9450360269
101.6931263,3.1951362,Aloeva Pharmacy,pharmacy,,"832-C, Jalan Taman Dato Senu, Sentul Garden, 51000 Sentul, Wilayah Persekutuan Kuala Lumpur, Malaysia",Kuala Lumpur,9449826539
101.6924785,3.1783946,Health Lane Family Pharmacy Wisma Health Lane,pharmacy,,"Wisma Health Lane, 760 & 762, Jln Sentul, Sentul, 51000 Kuala Lumpur, Wilayah Persekutuan Kuala Lumpur, Malaysia",Kuala Lumpur,9449125145
101.6887236,3.176059,Kedai Ubat & Perniagaan Chee Onn,pharmacy,,"29, Jalan SG 3/8, Taman Sri Gombak, 68100 Batu Caves, Selangor, Malaysia",Kuala Lumpur,9449106411
101.6808061,3.1889618,Health Lane Pharmacy Mutiara Jalan Ipoh,pharmacy,,"465, Jln Sultan Azlan Shah, Taman Million, 51100 Kuala Lumpur, Wilayah Persekutuan Kuala Lumpur, Malaysia",Kuala Lumpur,9447142066
113.9851552,4.3371958,Precious One Postnatal Care Confinement Center,birthing_centre,,"7987, EcoPark Condo, 98000 Miri, Sarawak, Malaysia",Miri,11750611463
103.9005482,1.4112949,PanHealth Family Clinic,clinic,,"312B Sumang Link, #01-03, Singapura 822312",Singapore,4972138593
101.6750408,3.2035639,Klinik Choo,clinic,general,"Klinik Choo, 14, Jln Sultan Azlan Shah, Kampung Batu, 51200 Kuala Lumpur, Wilayah Persekutuan Kuala Lumpur, Malaysia",Kuala Lumpur,9406581728
100.6605243,4.1996455,Klinik Famili,clinic,,"2416, Jalan Sembilang 2, Taman Samudera, 32040 Seri Manjung, Perak, Malaysia",Seri Manjung,5269701045
103.3029225,2.0190486,Poliklinik Intan,clinic,,"No 9, Jalan Intan 2, Taman Intan, 86000 Kluang, Johor Darul Ta'zim, Malaysia",Kluang,6040813088
101.5945743,3.1374414,NEX Sports Rehab,physiotherapist,physiatry,"B-1-12, Block B, Casa Tropicana, 5, Persiaran Tropicana, PJU 3, 47410 Petaling Jaya, Selangor, Malaysia",Petaling Jaya,12234510149
101.5945743,3.1374414,NEX Sports Rehab,physiotherapist,sports_rehab,"B-1-12, Block B, Casa Tropicana, 5, Persiaran Tropicana, PJU 3, 47410 Petaling Jaya, Selangor, Malaysia",Petaling Jaya,12234510149
101.5945743,3.1374414,NEX Sports Rehab,physiotherapist,sports_massage,"B-1-12, Block B, Casa Tropicana, 5, Persiaran Tropicana, PJU 3, 47410 Petaling Jaya, Selangor, Malaysia",Petaling Jaya,12234510149
102.1707874,6.1941048,Pusat Kesihatan Tumpat,clinic,,"Jalan Dato Keramat, Pekan Tumpat, 16200 Tumpat, Kelantan, Malaysia",Tumpat,5147854731
114.000758,4.426746,Prime Borneo Clinic,clinic,,"Ground Floor, Lot 2962 Block 5, Miri Concession Land District, Jalan Krokop Utama, Krokop, 98000 Miri, Sarawak, Malaysia",Miri,11758734992
114.0003637,4.4265248,Natural Health Care & Hydrotherapy Centre,alternative,hydrotherapy,"1st Floor, Lot 3011, Wisma Chuan Gek, Jalan Krokop 10A, 98000 Miri, Sarawak, Malaysia",Miri,11758735012
101.5567515,3.2011963,Farmasi Al-Arif,pharmacy,,"No 7A, Jalan Liter DU 19/D, Seksyen U19, 47000 Sungai Buloh, Selangor, Malaysia",Sungai Buloh,9689579610
103.1047843,5.2744681,Klinik Ikram,clinic,,"No : 1716-A, 1716-B, 1756, Tingkat Bawah, Kampung Pengadang Baru, 20050 Kuala Terengganu, Terengganu, Malaysia",Kuala Terengganu,11744920553
103.1189233,5.2994366,Klinik Anda,clinic,,"MBKT 2953 ( TINGKAT BAWAH & TINGKAT, 1, Jln Kuala Berang, Kampung Wakaf Beruas, 20050 Kuala Terengganu, Terengganu, Malaysia",Kuala Terengganu,11744920548
101.5570775,3.2014001,Klinik Syifa’,clinic,,"No. 21, Jalan D U19/D, Seksyen U19, 40160 Sungai Buloh, Selangor, Malaysia",Sungai Buloh,9676155838
100.3987294,5.3959307,Eye Centre Optometry,optometrist,,"47(GF, Jalan Todak 2, Seberang Jaya, 13700 Perai, Pulau Pinang, Malaysia",Perai,7671299644
110.33753,1.5369227,B. Teo's Family Clinic,clinic,,"86, Jalan Tun Ahmad Zaidi Adruce, Swee Joo Park, 93150 Kuching, Sarawak, Malaysia",Kuching,12308967923
113.9916035,4.343761,Q10 Pharmacy,pharmacy,,"Lot 8878, Ground Floor, Jalan Miri-Bintulu,, Mega E-Mart Commercial Centre, 98000 Miri, Sarawak, Malaysia",Miri,6559776189
113.9880419,4.3986967,Klinik Chong,clinic,,"Lot 561,Ground Floor, Jalan Permaisuri, 98000, Miri, Sarawak, 98000 Miri, Sarawak, Malaysia",Miri,11813208784
112.3241252,2.5253578,PMG Pharmacy Selangau,pharmacy,,"Lot 198, Sublot No 5, All in, Lot 15&16, Block 14, Gigis Land District, Pekan Selangau, 96000 Selangau, Sarawak, Malaysia",Selangau,12323361218
112.3257741,2.52465,Grace Pharmacy,pharmacy,,"Lorong Liu Shan Bang 4, Kota Sentosa, 93250 Kuching, Sarawak, Malaysia",Kuching,12328164929
113.9888002,4.3982246,Klinik Pergigian Createeth,dentist,,"Ground Floor, Lot 586, Jalan Sim Cheng Kay, 98000 Miri, Sarawak, Malaysia",Miri,11813208773
113.9937995,4.3972194,Guardian,pharmacy,,"G.21-G.24, BINTANG PLAZA SHOPPING COMPLEX, Jalan Miri Pujut, Taman Herba, 98000 Miri, Sarawak, Malaysia",Miri,11621187571
113.9881641,4.3982514,Klinik Pergigian Baru,dentist,,"1st Floor, Lot 626, North Yu Sheng Road, 98000, Miri, Sarawak, 98000 Miri, Sarawak, Malaysia",Miri,12319748327
110.3371207,1.5283993,Aeon Wellness,pharmacy,,"Lot G40 & 41, AEON Mall Kuching Central, No.88, Jln Tun Datuk Patinggi Haji Ahmad Zaidi Adruce, Min Chu Garden, 93200 Kuching, Sarawak, Malaysia",Kuching,12309160310
110.4024575,1.363863,Watsons Eastern Mall Siburan,pharmacy,,"Sublot 32, 33, 35 And 36, Ground Floor, Eastern Mall Batu 17, Siburan, Jalan Kuching - Serian, 94200 Kuching, Sarawak, Malaysia",Kuching,12309251255
110.3370596,1.5278663,Guardian,pharmacy,,"Lot 1, Section 21, KTLD, Jalan Tun Abang Haji Openg, 93586 Kuching, Sarawak, Malaysia",Kuching,12309170538
110.3372475,1.5283975,Watsons,pharmacy,,"Lot F16 First Floor, Aeon Mall Kuching Central No 88, Jalan Tun Datuk Patinggi Hj. Ahmad Zaidi Adruce, Min Chu Garden, 93200 Kuching, Sarawak, Malaysia",Kuching,12309332859
113.9914085,4.3423064,Klinik Ohana,clinic,,"Lot 8813 Block 1 Lambir Land District Riam, Mega E-Mart Commercial Centre OFF Jalan Miri Bintulu, Jalan Riam, 98000 Miri, Sarawak, Malaysia",Miri,11496218074
101.6080043,3.1651501,Perdana Care,clinic,,"G12-A, Jalan PJU 8/3a, Damansara Perdana, 47820 Petaling Jaya, Selangor, Malaysia",Petaling Jaya,12323602065
113.9886679,4.3944812,Judson Clinic & Surgery,clinic,,"171A, Ground Floor, Jalan Brooke, 98000 Miri, Sarawak, Malaysia",Miri,10823277005
113.9889778,4.3930453,Klinik Kesihatan UTC Miri,clinic,general,"Lot 526, Jalan Kwangtung, 98000 Miri, Sarawak, Malaysia",Miri,12326965150
113.9889778,4.3930453,Klinik Kesihatan UTC Miri,clinic,dental_oral_maxillo_facial_surgery,"Lot 526, Jalan Kwangtung, 98000 Miri, Sarawak, Malaysia",Miri,12326965150
101.7000113,3.1431713,中华施诊所,clinic,,"2, Jalan Hang Jebat, City Centre, 50150 Kuala Lumpur, Wilayah Persekutuan Kuala Lumpur, Malaysia",Kuala Lumpur,9839016997
116.1684821,5.3528816,Klinik Kem PPH,clinic,general,"Jalan PPH Camp, Kampung Dangulad, 89000 Keningau, Sabah, Malaysia",Keningau,4427697189
101.6697179,3.127458,Klinik Chong Dan Rakan-rakan,clinic,,"Lucky Garden, 10, Lrg Ara Kiri 2, Bangsar, 59100 Kuala Lumpur, Wilayah Persekutuan Kuala Lumpur, Malaysia",Kuala Lumpur,10199652294
101.6697707,3.1281481,Big pharmacy,pharmacy,,"No. 19 & 21, Plaza Danau 2, Jalan 2/109f, Taman Danau Desa, 58100 Kuala Lumpur, Federal Territory of Kuala Lumpur, Malaysia",Kuala Lumpur,5322030725
101.6703688,3.1277491,Klinik Pergigian Bandar,dentist,,"No. 22A, Jalan Besar, Pekan Semenyih, 43500 Semenyih, Selangor, Malaysia",Semenyih,10199652245
112.8552234,2.8834886,Klinik Kesihatan Tatau,clinic,,"Klinik Kesihatan Tatau, Jalan Sibu-Bintulu, Sarawak, Pekan Tatau Baru, 97200 Tatau, Sarawak, Malaysia",Tatau,11741758955
100.74095,4.8527285,Taiping Dental Care,dentist,,"92, Jalan Pasar, 34000 Taiping, Perak, Malaysia",Taiping,12864462267
100.7414087,4.8533808,Klinik Krishna,clinic,,"69, Jalan Taming Sari, 34000 Taiping, Perak, Malaysia",Taiping,12864410335
100.7406251,4.853132,Klinik Malaysia,clinic,,"94, Ground Floor, Jalan Taming Sari, 34000 Taiping, Perak, Malaysia",Taiping,12864391648
100.7405003,4.853043,Klinik Huan,clinic,,"100, Jalan Taming Sari, 34000 Taiping, Perak, Malaysia",Taiping,12864391633
101.7504149,3.2087664,Big Pharmacy,pharmacy,,"66, Jalan Negara, Taman Melawati, 53100 Kuala Lumpur, Wilayah Persekutuan Kuala Lumpur, Malaysia",Kuala Lumpur,5270451760
101.6726419,3.131271,AS Clinic,unknown,,"77, Jalan Maarof, Bangsar, 59000 Kuala Lumpur, Wilayah Persekutuan Kuala Lumpur, Malaysia",Kuala Lumpur,11618826939
101.6575042,3.0686985,Klinik Mediviron,clinic,,"A2-0-17, Block A2, Jalan 1/152, Taman OUG Parklane, 58200 Puchong, Federal Territory of Kuala Lumpur, Malaysia",Puchong,7313133248
101.6529885,3.0726796,Klinik Mediviron,clinic,,"A2-0-17, Block A2, Jalan 1/152, Taman OUG Parklane, 58200 Puchong, Federal Territory of Kuala Lumpur, Malaysia",Kuala Lumpur,2195180215
101.5873808,3.047626,QHC Medical Center,hospital,,"2, Jalan USJ 9/5r, Subang Business Centre, 47620 Subang Jaya, Selangor, Malaysia",Subang Jaya,4520788690
115.740755,5.3437508,BIG Pharmacy,pharmacy,,"Lot.13 & 14, Block K, Beaufort Jaya, 89800 Beaufort, Sabah, Malaysia",Beaufort,11733011936
116.0696868,5.9626233,Satu Malaysia,clinic,,"Block C-G, 2, Jalan Tun Mustapha, Tanjung Aru, 88100 Kota Kinabalu, Sabah, Malaysia",Kota Kinabalu,5175679421
110.3501907,1.5039042,Kincentre Pharmacy,pharmacy,,"King's Centre, Jalan Simpang Tiga, King Centre, 93300 Kuching, Sarawak, Malaysia",Kuching,12270016837
101.7652081,2.9641291,Klinik Amisi,clinic,,"Seri Bangi, Jalan 8/35, Seksyen 8 Bandar Baru Bangi, 43650 Bangi, Selangor, Malaysia",Bangi,12270030324
110.3499285,1.5039082,Klinik Perdana,clinic,,"No 5394, RH Plaza, Jalan Lapangan Terbang & Lorong No 1, Sedc Woodhouse, 93250 Kuching, Sarawak, Malaysia",Kuching,12270063795
115.9438976,5.1250497,Klinik Kesihatan Ibu dan Anak Tenom,clinic,,"Jalan Kolam, 89900 Tenom, Sabah, Malaysia",Tenom,9957564836
115.9412663,5.1233051,Hospital Tenom,hospital,,"Peti surat 97, 89907 Tenom, Sabah, Malaysia",Tenom,9957564839
114.0216327,4.5001309,Bestcare Pharmacy,pharmacy,,"Lot 3604, Blk 5 KBLD, Desa Senadin, Phase 2, Jalan Senandin, Lutong, 98100 Miri, Sarawak, Malaysia",Miri,11519106364
113.9861776,4.3970292,Lau's Dental Surgery,dentist,orthopaedics,"1157, Ground Floor, Jalan Sri Dagang, Miri Waterfront, 98000, Miri, Sarawak, 98000 Miri, Sarawak, Malaysia",Miri,11503057961
113.9861291,4.3970457,Teo's Clinic & Maternity Centre,clinic,,"1st Floor, Miri Waterfront, No. 1158, Jalan Sri Dagang, Miri Waterfront, 98000 Miri, Sarawak, Malaysia",Miri,11502197134
115.9436873,5.124061,Farmasi Tenom,pharmacy,,"89900 Tenom, Sabah, Malaysia",Tenom,9957564985
113.9860766,4.3970624,Miri X-Ray Diagnostic Service,laboratory,radiology,"Lot 1159, Ground Floor, Waterfront Commercial Centre, Jalan Sri Dagang, 98000, Miri, Sarawak, 98000 Miri, Sarawak, Malaysia",Miri,11503057962
100.3831355,5.4820878,Klinik Pergigian Bayu Aman,dentist,,"17, Jln Bayu Aman 1, Telok Air Tawar, 13050 Butterworth, Pulau Pinang, Malaysia",Butterworth,7640791519
101.0794827,4.8286597,Klinik Komuniti Sungai Siput (U),clinic,,"Persiaran Komersial 2, Komersial Waterfront, 31100 Sungai Siput, Perak, Malaysia",Sungai Siput,8789331677
101.6459516,3.1013835,Apple Physiotherapy Centre,physiotherapist,,"PJ Sports Centre, 1, Lorong Sultan, Pjs 52, 46200 Petaling Jaya, Selangor, Malaysia",Petaling Jaya,5248697104
114.0028457,4.4274308,Des Optics,optometrist,,"Lot 2124, Ground Floor, MCLD, Lorong 10, Jalan Krokop Utama, 98000 Miri, Sarawak, Malaysia",Miri,11738465216
100.444841,5.3614074,Poliklinik Teo 张百科药房,clinic,,"75, Jalan Tembikai, Taman Mutiara, 14000 Bukit Mertajam, Pulau Pinang, Malaysia",Bukit Mertajam,5258285469
103.5942079,1.6649419,AM PM Farmasi,pharmacy,,"19, Jalan Anggerik 1, Taman Kulai Utama, 81000 Kulai, Johor Darul Ta'zim, Malaysia",Kulai,6109195884
101.6816143,3.0907587,Cozy Post Natal Care Center,unknown,,"Level 6, 7, 8 & 9 Boutique Office 3 (B03D) Menara 3A, KL Ecocity Pantai Baru, Jalan Bangsar, KL Eco City, 59200 Kuala Lumpur, Federal Territory of Kuala Lumpur, Malaysia",Kuala Lumpur,11729279532
113.980618,4.3578616,Big Pharmacy,pharmacy,,"Lot 9995-9997, Ground Floor, Block 1, Jalan Luak Bay, Lambir Land District, 98000 Miri, Sarawak, Malaysia",Miri,11475698233
113.9896274,4.3998733,Teck Kong Medical Store,alternative,,"Lot 746, Lot 746, Jalan Merpati, 98000 Miri, Sarawak, Malaysia",Miri,11649450728
110.3618746,1.545436,Halo Physio,physiotherapist,,"Ground Floor & 1st Floor, Lot 195 Sekama 7, Jln Sekama, Sekama, 93300 Kuching, Sarawak, Malaysia",Kuching,12345713914
113.9847215,4.393849,Physio Fix Sdn Bhd,physiotherapist,,"Unit A-1-28, Miri Times Square, Marina Parkcity, 98000 Miri, Sarawak, Malaysia",Miri,12061183996
110.3611306,1.5444817,Halo Physio,alternative,traditional_chinese_medicine,"Ground Floor & 1st Floor, Lot 195 Sekama 7, Jln Sekama, Sekama, 93300 Kuching, Sarawak, Malaysia",Kuching,12347590859
110.3639325,1.5457743,Da Shi Xiong Chinese Physician,alternative,traditional_chinese_medicine,"453, Jalan Tan Sri Datuk Amar Sim Kheng Hong, Kampung Kenyalang Park, 93300 Kuching, Sarawak, Malaysia",Kuching,12347584708
110.3644793,1.5461361,Xuan Wu Jiu Chinese Physician,alternative,traditional_chinese_medicine,"92, Ground Floor, Jalan Sekama Utara, Sekama, 93300 Kuching, Sarawak, Malaysia",Kuching,12347584448
100.3639624,6.1239001,Sin Chee Huat,alternative,traditional_chinese_medicine,"11, Jalan Pintu Sepuluh, Jalan Putra, 05100 Alor Setar, Kedah, Malaysia",Alor Setar,12360441402
113.9895663,4.3998628,Dr Hii Dental Surgery,dentist,orthopaedics,"Lot 747 1st Floor, Jalan Merpati, 98000 Miri, Sarawak, Malaysia",Miri,11503606750
110.361931,1.5454414,Century Care Clinic,clinic,,"Ground Floor, Lot 196, Section 59, KTLD, off, Jln Sekama, Sekama, 93300 Kuching, Sarawak, Malaysia",Kuching,12345713915
110.381319,1.5522113,Klinik Tony Sim Tong Aik,clinic,,"1105, Jalan Kwong Lee Bank, Pending Heights I, 93450 Kuching, Sarawak, Malaysia",Kuching,12345939907
113.9853076,4.3923995,True Label Pharmacy,pharmacy,,"D-G-02, Miri Times Square Marina Parkcity, 98000 Miri, Sarawak, Malaysia",Miri,11494715938
113.9848475,4.3940871,Klinik Pergigian Bright Smile,dentist,,"A-1-31A & 31B, Miri Times Square, Marina Parkcity, Times Square, Marina Parkcity, 98000 Miri, Sarawak, Malaysia",Miri,10967584731
101.6621508,3.0798823,Klinik Loi & Soo,clinic,,"No 22, Jalan 1A, 133 & 6 1/2 Mile, Jln Klang Lama, Taman Sri Sentosa, 58000 Kuala Lumpur, Wilayah Persekutuan Kuala Lumpur, Malaysia",Kuala Lumpur,12351233589
101.6621216,3.0799382,Klinik Mein & Surgeri,doctor,,"87, Jalan 1/12, Pj Old Town, 46000 Petaling Jaya, Selangor, Malaysia",Kuala Lumpur,4707456636
101.6535493,3.073869,Klinik Sri Sentosa,doctor,,"9, Jalan Seri Sentosa 8a, Taman Sri Sentosa, 58000 Kuala Lumpur, Wilayah Persekutuan Kuala Lumpur, Malaysia",Kuala Lumpur,2195180216
117.9252652,4.2572818,Body Care Chiro & Physio,alternative,chiropractic,"10761, Jln Megah Jaya, Taman Berjaya, 91000 Tawau, Sabah, Malaysia",Tawau,11699320432
101.7188101,3.155079,FFIMT Clinic (Dr. Moo),clinic,,"5-08 Level 5, Menara Hap Seng, Jalan P. Ramlee, Kuala Lumpur, 50250 Kuala Lumpur, Wilayah Persekutuan Kuala Lumpur, Malaysia",Kuala Lumpur,11794459570
114.0167459,4.420349,Klinik Dr Nuing,clinic,occupational_medicine,"2188, Jalan Saberkas Utama, Saberkas Commercial Centre, 98000 Miri, Sarawak, Malaysia",Miri,11704472141
114.0171473,4.4202511,Libra Dental Laboratory,dentist,,"98000, Lot 2222, Jalan Saberkas 1a, Saberkas Commercial Centre, 98000 Miri, Sarawak, Malaysia",Miri,11704472132
103.7637037,1.5435151,Klinik Asia Taman Daya,clinic,,"10, Jalan Sagu 1, Taman Daya, 81100 Johor Bahru, Johor Darul Ta'zim, Malaysia",Johor Bahru,9878204970
101.4740775,3.2070464,Klinik Siti,clinic,,"NO 3A, 1, Jalan PJS 2, Taman Maju Jaya, 46000 Petaling Jaya, Selangor, Malaysia",Petaling Jaya,11707903462
101.4748515,3.2073614,U.n.i Klinik,clinic,,"E-1, 38, Jalan SP 11/3, Seri Pristana, 47000 Sungai Buloh, Selangor, Malaysia",Sungai Buloh,11147977737
103.3358528,3.831986,靖平中药行,pharmacy,traditional_chinese_medicine,"B-1772, Jalan Air Putih, Taman Imbi, 25300 Kuantan, Pahang, Malaysia",Kuantan,5423726847
113.9881779,4.3527307,Amcal Pharmacy,pharmacy,,"Lot 3031, Commercial Centre, Bintulu Road, Morsjaya, 98000 Miri, Sarawak, Malaysia",Miri,11496218096
111.5178567,2.0510845,"Bulat Reservoir, Jalan Peng You",hospital,,"3G29+6P, 96100 Sarikei, Sarawak, Malaysia",Sarikei,11717993083
113.9885875,4.3974635,Miri Medical Clinic - Dr. Philip Ting,clinic,,"Lot 643 Ground floor, Jalan North Yu Seng, 98000 Miri, Sarawak, Malaysia",Miri,11724393997
103.604714,1.660476,Farmasi Axon Sdn. Bhd.,pharmacy,,"1D, Jalan Raya, Taman Kulai Besar, 81000 Kulai, Johor Darul Ta'zim, Malaysia",Kulai,8240052309
103.6270251,1.6382017,Top Vision,clinic,optometry,"No. 56, Jalan Sri Putra 2, Bandar Putra Kulai, 81000 Kulai, Johor Darul Ta'zim, Malaysia",Kulai,8167870908
103.6105585,1.6513348,Klinik Ooi dan Surgeri,clinic,,"128, Jalan Raya, Kulai Besar, 81000 Kulai, Johor Darul Ta'zim, Malaysia",Kulai,8242877828
103.6053014,1.6599384,Klinik Gigi Haslinda,dentist,,"142 A, Jalan Susur Kulai 3, Taman Kulai Besar, 81000 Kulai, Johor Darul Ta'zim, Malaysia",Kulai,8240179733
101.7431801,3.1777481,Klinik dan Surgeri Mesra,clinic,,"46 G jalan Setiawangsa 11A Taman Setiawangsa Kuala Lumpur, Taman Setiawangsa, 54200 Kuala.Liumpur, Wilayah Persekutuan Kuala Lumpur, Malaysia",Kuala.Liumpur,4740968850
103.7577052,1.5767902,Happy Dental Setia Indah,dentist,,"13, Jln Setia 3/11, Taman Setia Indah, 81100 Johor Bahru, Johor Darul Ta'zim, Malaysia",Johor Bahru,11704058846
103.7577021,1.5767397,Harvin & Adeline Polyclinic,clinic,,"The Artiz, 11, Jln Setia 3/11, Taman Setia Indah, 81100 Johor Bahru, Johor Darul Ta'zim, Malaysia",Johor Bahru,6124580386
101.7414829,3.1786527,Klinik Anda,clinic,,"No 31G, Jalan Setiawangsa 9, Taman Setiawangsa, 54200 Kuala Lumpur, Wilayah Persekutuan Kuala Lumpur, Malaysia",Kuala Lumpur,9961375691
116.089222,5.9465941,Guardian,pharmacy,,"LOT 17, GROUND FLOOR, Lorong Lintas Plaza, LINTAS, 88300 Kota Kinabalu, Sabah, Malaysia",Kota Kinabalu,8761939521
116.0882287,5.9592195,BP Diagnostic,laboratory,clinical_pathology,"Ground Floor Lot 15, Block C, Fortuna Commercial Centre, Jalan Penampang, Fortuna Commercial Centre, 88300 Kota Kinabalu, Sabah, Malaysia",Kota Kinabalu,11691162425
101.5475744,3.0876389,Spa Bekam Al Iksan,alternative,homeopathy,"8, Jalan Balapan 13/32, Seksyen 13, 40100 Shah Alam, Selangor, Malaysia",Shah Alam,11693419637
101.6752433,3.1223199,Klinik Mediviron,clinic,,"The Boulevard Office Mid Valley City, 55-1, Lingkaran Syed Putra, Mid Valley City, 59200 Kuala Lumpur, Wilayah Persekutuan Kuala Lumpur, Malaysia",Kuala Lumpur,10698845953
101.6758265,3.1228572,Klinik Segara,clinic,,"Lot 2&3 Mercu UEM, Jalan Stesen Sentral 5, Wilayah Persekutuan, Kuala Lumpur Sentral, 50470 Kuala Lumpur, Federal Territory of Kuala Lumpur, Malaysia",Kuala Lumpur,10698845950
113.9997591,4.4053477,Klinik Pergigian Huang,dentist,,"Lot 500, Tingkat, 1, Jalan Pelita 3, Pelita Commercial Centre, 98000 Miri, Sarawak, Malaysia",Miri,11694452325
114.00191,4.406372,Eyecare Optometrist,optometrist,,"Lot 2501, Ground Floor, Boulevard Commercial Centre, 98000 Miri, Sarawak, Malaysia",Miri,11694411167
101.7049228,3.171,Pusat Latihan Obstetrik & Ginekologi,unknown,,"lot 25, Jalan Raja Muda Abdul Aziz, Kampung Baru, 50300 Kuala Lumpur, Wilayah Persekutuan Kuala Lumpur, Malaysia",Kuala Lumpur,12145936176
117.9047715,4.2737591,Klinik Sin Onn,clinic,,"91000 Tawau, Sabah, Malaysia",Tawau,11696750695
117.9253387,4.2581276,Pusat Hemodialisis Mawar,dialysis,nephrology,"91000 Tawau, Sabah, Malaysia",Tawau,11699320438
117.8998522,4.2603958,Klinik Dr. Lilian Hong,clinic,,"TB 4149, Grd Floor, Lee Garden Batu 2, Jalan Sin On, Tawau, Tawau, Taman Emas, 91000 Tawau, Sabah, Malaysia",Tawau,11699962208
103.4203459,4.2307965,Klinik Dr Erlina,clinic,,"Jalan Kubang Kurus, Kampung Gong Pauh, 24000 Chukai, Terengganu, Malaysia",Chukai,6629576782
103.4329974,4.1911863,Klinik Azmi,clinic,,"K - 3109, Geliga Besar, Taman Geliga Sakti, 24000 Chukai, Terengganu, Malaysia",Chukai,6644187610
103.4233731,4.2186678,Klinik Zainab,clinic,,"LOT 21694,Tingkat Bawah, Jalan Kubang Kurus, Kampung Jakar, 24000 Chukai, Terengganu, Malaysia",Chukai,6624711528
103.4259061,4.2214785,Klinik Pergigian Lee,clinic,,"14269, Jalan Jakar, Kampung Jakar, 24000 Chukai, Terengganu, Malaysia",Chukai,6490389785
101.7385943,3.177371,Guardian,pharmacy,,"Jalan AU 1a/4b, Au 1, 54200 Kuala Lumpur, Wilayah Persekutuan Kuala Lumpur, Malaysia",Kuala Lumpur,9961375690
103.4269448,4.2301183,Klinik Doshi,clinic,,"K-297, Jalan Abdul Rahman, Kampung Dusun Nyior, 24000 Kemaman, Terengganu, Malaysia",Kemaman,6631731161
101.7419763,3.178657,Optocare Optometrist,optometrist,,"No.19-G Jalan 8/55A, Taman Setiawangsa, Kuala Lumpur, 54200, Kuala Lumpur, WP Kuala Lumpur, Setiawangsa, 54200 Kuala Lumpur, Federal Territory of Kuala Lumpur, Malaysia",Kuala Lumpur,11668517754
101.7414596,3.1779225,Friends' Pharmacy,pharmacy,,"5G, Jalan Setiawangsa 9, Taman Setiawangsa, 54200 Kuala Lumpur, Wilayah Persekutuan Kuala Lumpur, Malaysia",Kuala Lumpur,11668517751
101.741481,3.1785948,Klinik Pergigian Afiera,dentist,,"No 27G, Jalan Setiawangsa 9, Taman Setiawangsa, 54200 Kuala Lumpur, Wilayah Persekutuan Kuala Lumpur, Malaysia",Kuala Lumpur,11668517744
101.7431407,3.1778634,Klinik Pergigian Dental Suite,dentist,,"Jalan Setiawangsa 11a, Taman Setiawangsa, 54200 Kuala Lumpur, Wilayah Persekutuan Kuala Lumpur, Malaysia",Kuala Lumpur,11690474716
101.7378698,3.1774142,OK Pharmacy,pharmacy,,"NO 32 (GROUND FLOOR, Jalan AU 1a/4a, Taman Keramat Permai, 54200 Kuala Lumpur, Wilayah Persekutuan Kuala Lumpur, Malaysia",Kuala Lumpur,11690474715
101.7420408,3.1786565,Kita Pharmacy,pharmacy,,"20G, Jalan Setiawangsa 8, Taman Setiawangsa, 54200 Kuala Lumpur, Wilayah Persekutuan Kuala Lumpur, Malaysia",Kuala Lumpur,11668517755
101.7414652,3.1780986,Health Lane Pharmacy,pharmacy,,"11G, Jalan Setiawangsa 9, Taman Setiawangsa, 54200 Kuala Lumpur, Wilayah Persekutuan Kuala Lumpur, Malaysia",Kuala Lumpur,11668517749
101.7431912,3.1780285,Klinik Pergigian Fatin Noor,dentist,,"Klinik Pergigian Fatin Noor, 41-G, Jalan Setiawangsa 11a, Taman Setiawangsa, 54300 Kuala Lumpur, Wilayah Persekutuan Kuala Lumpur, Malaysia",Kuala Lumpur,11648616922
101.7414712,3.1782881,Klinik Famili,clinic,,"19, Jalan Setiawangsa 9, Taman Setiawangsa, 54200 Kuala Lumpur, Wilayah Persekutuan Kuala Lumpur, Malaysia",Kuala Lumpur,4740968868
101.7432108,3.1785232,Health Lane Pharmacy,pharmacy,,"11G, Jalan Setiawangsa 9, Taman Setiawangsa, 54200 Kuala Lumpur, Wilayah Persekutuan Kuala Lumpur, Malaysia",Kuala Lumpur,4740968852
101.6951967,2.8229491,Health Lane Family Pharmacy,pharmacy,,"G45, KIP Mall, Jalan Warisan Sentral 3, Kota Warisan, 43900 Sepang, Selangor, Malaysia",Sepang,10938670490
101.69432,2.8226302,Lumiere,dentist,,"G02 & M03A, KIPMall, Kip Sentral, Jalan Warisan Sentral 3, Kota Warisan, 43900 Sepang, Selangor, Malaysia",Sepang,10934126500
101.166809,4.4737536,Klinik C.K. Chan,clinic,,"No. 30, Jln Eu Kong, Pekan Gopeng, 31600 Gopeng, Perak, Malaysia",Gopeng,7782456548
112.0773264,2.9022433,Hospital Mukah,hospital,,"Jalan Haji Mohd Fauzi, 96400 Mukah, Sarawak, Malaysia",Mukah,2463529040
111.8415625,2.2465055,Klinik Kesihatan Jln Lanang,clinic,,"Lor Lanang Barat 7, Sibu, 96000 Sibu, Sarawak, Malaysia",Sibu,4543191189
114.0406315,4.4508471,FZ Bone Adjustment Therapy Centre,physiotherapist,,"1ft floor lot 7898, Bandar Baru Permyjaya, 98000 Miri, Sarawak, Malaysia",Miri,12149433987
101.5568838,3.2012907,Klinik Perdana,clinic,,"13, Jalan Liter U19/D, Bandar Baru Sungai Buloh, 47000 Sungai Buloh, Selangor, Malaysia",Sungai Buloh,10910632057
114.007313,4.3683559,Permai Specialist Clinic Sdn Bhd,doctor,psychiatry,"LOT 9528, ASSAR COMMERCIAL, LLD JUNCTION OF JLN CAHAYA, &, Jalan Miri By Pass, 98000 Miri, Sarawak, Malaysia",Miri,11507724178
101.6867532,3.0896675,Health Lane Family Pharmacy,pharmacy,,"7, Jalan Kuchai Maju 8, Kuchai Lama, 58200 Kuala Lumpur, Wilayah Persekutuan Kuala Lumpur, Malaysia",Kuala Lumpur,10837591555
113.7751135,2.7064581,Klinik Kesihatan Belaga,clinic,,"Pegawai Kesihatan Daerah, Daerah Kapit (Belaga), Jalan Dian Ding, 96900 Belaga, Sarawak, Malaysia",Belaga,5152860127
103.4238183,4.233297,Klinik Al-Hijrah 24 Jam,clinic,,"No 779, 1, Jalan Penghiburan, Kampung Besut, 24000 Chukai, Terengganu, Malaysia",Chukai,6624687492
103.4222401,4.2341546,Watsons,pharmacy,,"K-547, Jalan Sulaiman, Bandar Chukai, 24000 Chukai, Terengganu, Malaysia",Chukai,6620645733
103.423649,4.2333803,Klinik Alias,clinic,,"K-525, Jalan Sulaimani, 24000 Chukai, Terengganu, Malaysia",Chukai,6624687491
103.4255569,4.2328591,Klinik Ramli & Adibah,clinic,,"Bangunan Tabung Haji Wisma Serangkai, Jalan Sulaimani, Chukai Kemaman, 24000 Chukai, Terengganu, Malaysia",Chukai,4357572686
100.3697893,5.4061396,Pejabat Pergigian Daerah Seberang Perai Utara,dentist,,"24, Jalan Bagan Luar, Kampung Jawa, 12000 Butterworth, Pulau Pinang, Malaysia",Butterworth,6274507540
101.6986708,3.1451945,Big Pharmacy,pharmacy,,"No. 19 & 21, Plaza Danau 2, Jalan 2/109f, Taman Danau Desa, 58100 Kuala Lumpur, Federal Territory of Kuala Lumpur, Malaysia",Kuala Lumpur,10775886722
101.8697444,2.8957344,Klinik Famili,clinic,,"GROUND FLOOR, 32 & 33, Jln Parklands 1, Parklands Semenyih, 43700 Beranang, Selangor, Malaysia",Beranang,10155954687
101.8696551,2.8960475,Farmasi Nuhara,pharmacy,,"NO. 28G, Jalan Parklands 1 Semenyih Parklands, 43700 Beranang, Selangor, Malaysia",Beranang,10155946863
102.6528302,2.2114929,Klinik Wee,clinic,,"2981 - A, Jalan Padang Garong, Bandar Kota Bharu, 15000 Kota Bharu, Kelantan, Malaysia",Kota Bharu,302537261
110.3477761,1.5014526,Life Pro Pharmacy,pharmacy,,"Ground Floor, Lot 8719, Block 16, KCLD 17-H, Green Heights Commercial Centre New Airport Road, Green Heights, 93250 Kuching, Sarawak, Malaysia",Kuching,12284993566
101.6148769,2.9923526,Klinik Anda,clinic,,"NO. 1 GROUND FLOOR JALAN PU 7/4 PUSAT BANDAR PUCHONG UTAMA, Taman Puchong Utama, 47140 Puchong, Selangor, Malaysia",Puchong,10573858167
100.3241862,5.4163409,Health Lane Family Pharmacy,pharmacy,,"No. 150 & 152, Jln Macalister, 10400 George Town, Pulau Pinang, Malaysia",George Town,4708341102
114.0397709,4.4784385,Des Optics,optometrist,,"98100, Jln Tudan, Lutong, 98000 Miri, Sarawak, Malaysia",Miri,11738502167
101.6985637,3.1664618,Kedai Ubat Chee Seng Thong,alternative,,"503, Jalan Tuanku Abdul Rahman, Chow Kit, 50300 Kuala Lumpur, Wilayah Persekutuan Kuala Lumpur, Malaysia",Kuala Lumpur,10709203034
101.6688969,3.1094004,Poliklinik Dr. Azhar,clinic,,"Jalan 5/112a, Taman Bukit Angkasa, 59200 Kuala Lumpur, Wilayah Persekutuan Kuala Lumpur, Malaysia",Kuala Lumpur,12151024106
103.4541629,4.3809409,Klinik Mawardah,clinic,,"PT9871, Jalan KM 3/1, Taman Mawardah, 24100 Kijal, Terengganu, Malaysia",Kijal,11395375951
103.4407275,4.483294,Klinik Pergigian Alamanda,dentist,,"PT 50081, Jalan Kemaman - Dungun, KAMPUNG BARU, 24300 Kemaman, Terengganu, Malaysia",Kemaman,3473326101
103.4407109,4.4836582,Klinik Alamanda,clinic,,"Jalan Kemaman - Dungun, 24300 Kerteh, Terengganu, Malaysia",Kerteh,3473326099
103.4525132,4.4276341,Klinik Kesihatan Kemasek,clinic,,"Jalan Besar, Kampung Baru, 24210 Kemasik, Terengganu, Malaysia",Kemasik,3453172293
103.4482903,4.4408115,Guardian,pharmacy,,"Mesra Mall, Ground Floor, 34, 35 & 35A, 24300 Kerteh, Terengganu, Kampung Baru, 24300 Kemasik, Terengganu, Malaysia",Kemasik,3678428425
101.6955822,2.8229736,Watsons,pharmacy,,"47-G, Ground Floor, Jln Warisan Sentral 1, Kota Warisan, 43900 Sepang, Selangor, Malaysia",Sepang,10938676310
101.6945319,2.8182465,MediPulih Klinik,clinic,,"NO G-13A (GROUND FLOOR, Jalan Warisan Sentral 2, Kota Warisan, 43900 Sepang, Selangor, Malaysia",Sepang,10938676333
114.0340518,4.4495584,Chen Child Specialist Clinic,clinic,,"Lot 6118, Ground Floor, Pusat Bandar Commercial Centre, Bandar Permyjaya, 98100 Miri, Sarawak, Malaysia",Miri,11543211268
101.6213499,3.0466709,Klinik Wai,clinic,dermatology,"A-1-40, Block A, First Floor, IOI Boulevard, Jalan Kenari 5, Bandar Puchong Jaya, 47100 Puchong, Selangor, Malaysia",Puchong,4659368889
110.4517011,1.6450745,Stesen Kuarantin Haiwan Bako Jabatan Perkhidmatan Veterinar Sarawak,laboratory,,"Jalan Bako, Kampung Bako, 93050 Kuching, Sarawak, Malaysia",Kuching,12850538551
110.3010157,1.4950762,Kang Family Clinic,clinic,,"Ground Floor, Phase 6, Plot No 23, Survey Lot 5578,, Jalan Datuk Stephen Yong Link, Kuching City Mall Commercial Centre, 93250 Kuching, Sarawak, Malaysia",Kuching,12284763788
103.7600365,1.4863775,Klinik Theesan,clinic,,"165, Jalan Harimau, Taman Century, 80250 Johor Bahru, Johor Darul Ta'zim, Malaysia",Johor Bahru,4723499590
103.7594251,1.4879692,Lafavio,clinic,,,Johor Bahru,11676731879
102.7728586,2.1516276,Klinik Ho,doctor,,"No. 5, Taman Sri Takdir, Pekan Pagoh, Pagoh, Muar, Pagoh, 84600 Pagoh, Johor, Malaysia",Pagoh,309505230
102.7565995,2.1689123,Klinik Desa,doctor,,"Kampung Paya Pagoh, 84600 Pagoh, Johor Darul Ta'zim, Malaysia",Pagoh,373433340
100.3988952,5.3952695,Spine Sports Stroke,physiotherapist,,"5 Tingkat Bawah Lebuh Tenggiri 2 Bandar Seberang Jaya, 13700 Perai, Pulau Pinang, Malaysia",Perai,3918117340
101.6815238,3.1822311,Lim Dental Surgery,dentist,,"508A, Jln Sultan Azlan Shah, Jalan Ipoh, 51200 Kuala Lumpur, Wilayah Persekutuan Kuala Lumpur, Malaysia",Kuala Lumpur,11659466176
101.5572418,3.2272426,Farmasi Health Lane,pharmacy,,"1, Jalan BRP 6/12 Bukit Rahman Putra, Sungai Buloh, 1, Jalan BRP 6/12, Bukit Rahman Putra, 40160 Shah Alam, Selangor, Malaysia",Shah Alam,1227111402
101.697782,3.1495599,Klinik Perubatan Malaya,clinic,,"40, Lebuh Ampang, City Centre, 50100 Wilayah Persukutuan, Wilayah Persekutuan Kuala Lumpur, Malaysia",Wilayah Persukutuan,11659470878
101.7536083,3.026681,LifeCare,clinic,,"Kompleks Komersil Akasa, Jalan Akasa, Akasa Cheras Selatan, Taman Cheras Jaya, 43300 Seri Kembangan, Selangor, Malaysia",Seri Kembangan,11662355771
103.4376591,4.6349047,Farmasi Rahmat,pharmacy,,"No. 7, , Simpang Gantuk Batu 3, 28000, Kampung Sungai Dingin, 28000 Temerloh, Pahang, Malaysia",Temerloh,4172459224
103.437191,4.6353516,Harmoni Farmasi Paka,pharmacy,,"No 38, Pusatniaga, Paka Kalan Besar, 350, Laluan Persekutuan 3, Kampung Baharu, 23100 Paka, Terengganu, Malaysia",Paka,3975813059
103.4424377,4.5080126,Klinik Syed Sabarudin,clinic,,"K-8813-C, Tingkat Bawah, Kompleks Pejabat MPK, Kerteh, Kerteh, Kemaman Kerteh, Kampung Tengah, 24300 Kemaman, Terengganu, Malaysia",Kemaman,3473326102
103.4424453,4.5080711,Klinik Ibnu Sina,clinic,,"K-8813-D, Bangunan MPK, Kampung Tengah, 24300 Kerteh, Terengganu, Malaysia",Kerteh,3473326100
100.4779141,5.320189,London Weight Management,unknown,,"Lot 2F-26, Second Floor, Sunway Carnival Mall 3068 Jalan Todak Pusat Bandar Seberang Jaya, Seberang Jaya, 13700 Perai, Pulau Pinang, Malaysia",Perai,7737280872
100.4784594,5.3199252,Watsons,pharmacy,,"Lot G07, Ground Floor, Lotus's, Jalan Rozhan, Pusat Perniagaan Seri Impian, 14000 Bukit Mertajam, Penang, Malaysia",Bukit Mertajam,7734814435
100.4779592,5.3200206,Skin Renew,clinic,,"Aeon, 14000 Bukit Mertajam, Penang, Malaysia",Bukit Mertajam,7737280874
100.478081,5.3202582,Dorra,unknown,,"2F-23, 2nd Floor Sunway Carnival Mall, 3068, Jalan Todak, Pusat Bandar Seberang Jaya, 13700 Seberang Jaya, Pulau Pinang, Malaysia",Seberang Jaya,7737280876
103.426321,1.412454,Klinik Desa Teluk Kerang,clinic,,"Jalan Kukup, Kampung Teluk Karang, 82300 Penerok, Johor Darul Ta'zim, Malaysia",Penerok,6432103129
101.8600995,2.4465799,Klinik Azfa,hospital,paediatrics,"23A (GF) JALAN CORAL 2 TAMAN CORAL BATU 9, 31, Jalan Coral 2, 71050 Port Dickson, Negeri Sembilan, Malaysia","TELUK KEMANG ,PORT DICKSON",10584097750
101.6209416,3.0461832,Dr Chong Clinic,clinic,,"B-G-2 & B-G-3, IOI Boulevard, Jalan Kenari 5, Bandar Puchong Jaya, 47100 Puchong, Selangor, Malaysia",Puchong,12850166624
100.4771932,5.2804631,Siang Pharmacy,pharmacy,,"1690, Jalan Besar, Taman Keruing, 14100 Simpang Ampat, Pulau Pinang, Malaysia",Simpang Ampat,7728909572
103.418511,4.7412467,Pusat Perubatan Hijraa,clinic,,"2785 & 2786 TINGKAT BAWAH BATU, 48, Jalan Paka, Taman Saeda, 23000 Kuala Dungun, Terengganu, Malaysia",Kuala Dungun,9676824913
118.3309657,5.022774,Medicare Pharmacy,pharmacy,,"Lot 4, Block 21, Jalan Bunga Raya, Bandar Lahad Datu, 91100 Lahad Datu, Sabah, Malaysia",Lahad Datu,8247529313
118.3306636,5.0224022,Sunlight Pharmacy Sdn Bhd,pharmacy,,"Sedco Shophouse Blok 24 Lot 5, Jalan Kastam Lama, Lahad Datu, Bandar Lahad Datu, 91100 Lahad Datu, Malaysia",Lahad Datu,8247318459
101.1173882,4.5495039,Guardian,pharmacy,,"G39A, Ipoh Parade, 105, Jalan Sultan Abdul Jalil, 30450 Ipoh, Perak, Malaysia",Ipoh,11465113739
117.8883287,4.2442915,Guardian,pharmacy,,"FAJAR COMPLEX TB330A & TB330B, JALAN MERDEKA 2, Bandar Tawau, 91000 Tawau, Sabah, Malaysia",Tawau,11651314751
101.7328127,3.1017055,Farmasi Goodmedic,pharmacy,,"36, Jalan Midah Besar, Taman Midah, 56000 Kuala Lumpur, Wilayah Persekutuan Kuala Lumpur, Malaysia",Kuala Lumpur,6550548488
101.7396271,3.0950243,BeauLife Clinic,clinic,,"Lot G-09, Wisma Aman Elite, Jalan Desa Aman 1, Taman Desa Aman, 56100 Cheras, Wilayah Persekutuan Kuala Lumpur, Malaysia",Cheras,11429078934
101.483094,3.0059844,Pusat Pakar Mata Sentosa,clinic,ophthalmology,"Taman Sentosa Perdana, 41000 Shah Alam, Selangor, Malaysia",Shah Alam,3963937755
103.8688713,1.493848,Poliklinik Penawar,clinic,,"53, Jalan Sena 1, Taman Rinting, 81750 Masai, Johor Darul Ta'zim, Malaysia",Masai,8085898536
102.0555901,4.1840739,Klinik Pergigian Kuala Lipis,dentist,dentistry,"Klinik Pergigian Besar Kuala Lipis, Pahang, 27200 Kuala Lipis, Pahang, Malaysia",Kuala Lipis,6518237800
113.9949877,4.3982405,Klinik Yeo Skin & Medical,clinic,dermatology,"Lot 1067, Ground Floor, Jalan Bintang Jaya 1, Bintang Jaya, 98000 Miri, Sarawak, Malaysia",Miri,11622228680
114.0009089,4.4133586,Hua Tuo Yuan Traditional Chinese Medicine,alternative,traditional_chinese_medicine,"Hua Tuo Yen, Jln Jee Foh Utama, 98000 Miri, Sarawak, Malaysia",Miri,11656278712
101.4396219,3.0087795,Guardian,pharmacy,,"49, Jln Seri Sarawak 20A, Taman Sri Andalas, 41200 Klang, Selangor, Malaysia",Klang,7731901187
103.4108456,4.7131306,Klinik 1Malaysia,clinic,,"Jalan Tengku Embong Fatimah, 20200 Kuala Terengganu, Terengganu, Malaysia",Kuala Terengganu,4653004307
101.722132,3.156532,He Medical Clinic @ The Icon,clinic,andrology,"The Icon (Tower East), Ground Floor, 1/68f, Jln Tun Razak, Taman U Thant E-G-01 & E-M-02, Taman U Thant, 50400 Kuala Lumpur, Wilayah Persekutuan Kuala Lumpur, Malaysia",Kuala Lumpur,11584481786
100.485905,5.3321097,Klinik Caring,clinic,,"24, Jalan Sejahtera Ria, Taman Sejahtera, 14000 Bukit Mertajam, Pulau Pinang, Malaysia",Bukit Mertajam,7728624338
100.4767372,5.3186654,Klinik & Surgeri Medivici,dentist,,"15G, Persiaran Seri Impian, Pusat Perniagaan Mahkota, 14000 Bukit Mertajam, Pulau Pinang, Malaysia",Bukit Mertajam,7728624333
100.4767157,5.3187281,Klinik Pergigian Bliss,dentist,,"17, Persiaran Seri Impian, Pusat Perniagaan Mahkota Impian, 14000 Bukit Mertajam, Pulau Pinang, Malaysia",Bukit Mertajam,7728624332
100.4768183,5.3184296,Occhio Optometry,optometrist,,"7GF, Persiaran Seri Impian, Pusat Perniagaan Mahkota Impian, 14000 Bukit Mertajam, Pulau Pinang, Malaysia",Bukit Mertajam,7728624335
101.7224697,3.1555813,ALPS Medical Centre,doctor,plastic_surgery,"2nd Floor No. 374, Menara See Hoy Chan Suite, 02-04, Jln Tun Razak, Kuala Lumpur, 50400 Kuala Lumpur, Wilayah Persekutuan Kuala Lumpur, Malaysia",Kuala Lumpur,11583885433
100.4309007,5.5156322,Siang Pharmacy,pharmacy,,"No.2, 2A Jalan Usahawan 4 Pusat Perniagaan Kepala Batas, 13200 Kuala Batas, Pulau Pinang, Malaysia",Kepala Batas,7653132500
100.4444904,5.362695,Sri Rambai Pharmacy,pharmacy,,"58, Jalan Tembikai, Taman Mutiara, 14000 Bukit Mertajam, Pulau Pinang, Malaysia",Bukit Mertajam,6499833248
100.4449977,5.3636238,Klinik Bersatu,pharmacy,,"34, Jalan Tembikai, Taman Mutiara, 14000 Bukit Mertajam, Pulau Pinang, Malaysia",Bukit Mertajam,5258285477
101.9654493,4.8788681,Klinik Kesihatan (KK3) Bandar Gua Musang,clinic,,"18300 Gua Musang, Kelantan, Malaysia",Gua Musang,7640346002
101.9632192,4.8701617,Klinik Dr Ramli,doctor,,"8385, Jln Persiaran Raya, Taman Wangsa Mewangi, 18300 Gua Musang, Kelantan, Malaysia",Gua Musang,4837260455
103.4148901,4.747391,Klinik Pergigian Safwa,dentist,,"PT66091, Batu 48, Jalan Paka, Taman Raya, 23000 Kuala Dungun, Terengganu, Malaysia",Kuala Dungun,11407019615
101.7432159,3.1792238,Kinik We-Care,clinic,,"4-2-12, Tingkat 2, Wisma Prima Peninsular, Jalan Setiawangsa 11, Taman Setiawangsa, 54200 Kuala Lumpur, Wilayah Persekutuan Kuala Lumpur, Malaysia",Kuala Lumpur,11648616913
101.7426018,3.1795399,Pusat Hemodialisis Yayasan Al-Sultan Abdullah (YASA) Setiawangsa,dialysis,nephrology,"8, Jalan Setiawangsa 13, Taman Setiawangsa, 54200 Kuala Lumpur, Wilayah Persekutuan Kuala Lumpur, Malaysia",Kuala Lumpur,11648616911
101.7432423,3.1795925,Kinik Idzham,clinic,,"4, Jalan Setiawangsa 11a, Taman Setiawangsa, 54200 Kuala Lumpur, Wilayah Persekutuan Kuala Lumpur, Malaysia",Kuala Lumpur,4740968936
100.4449806,5.3632895,Siang Pharmacy,pharmacy,,"41 & 43, Jalan Tembikai, Taman Mutiara, 14000 Bukit Mertajam, Pulau Pinang, Malaysia",Bukit Mertajam,5258285476
103.1095299,5.3075019,Klinik Desa Durian Burung,clinic,,"Jalan Kota Bharu Kuala Terengganu, Lorong Punai, 21200 Kuala Terengganu, Terengganu, Malaysia",Kuala Terengganu,6698391716
115.0072423,4.7569449,Limbang Family Clinic,clinic,,"Pekan Limbang, 98700 Limbang, Sarawak, Malaysia",Limbang,6349977598
115.0107481,4.754271,Care Medical Clinic,clinic,,"Lot 2004, Ground Floor, Jalan Tarap, Pekan Limbang, 98700 Limbang, Sarawak, Malaysia",Limbang,2697135503
116.5641527,6.5925732,Klinik Desa,clinic,,"D/A, Pejabat Kesihatan Kawasan Tuaran, Peti Surat 620, 89208 Tuaran, Sabah, Malaysia",Tuaran,5649208321
116.2214734,6.1469515,Klinik Tuaran,clinic,,"LOT 1, UNIT 1-0, GROUND FLOOR, BERUNGIS COMMERCIAL CENTRE, BERUNGIS, 89200 Tuaran, Sabah, Malaysia",Tuaran,5981329183
100.4837814,5.6046023,Poliklinik Dr Akram,clinic,,"11, Jln Seri Gedung, Taman Seri Gedong, 08000 Sungai Petani, Kedah, Malaysia",Sungai Petani,5662207619
102.4016341,4.3823294,Klinik Kesihatan Kuala Tahan,clinic,,"27000 Kuala Tahan, Pahang, Malaysia",Kuala Tahan,4620475489
103.0834012,5.3112788,Klinik Ummi,clinic,,"4096 Simpang Tiga Manir Jalan Kelantan, Kampung Pulau Rusa, 21200 Kuala Terengganu, Terengganu, Malaysia",Kuala Terengganu,7234562410
101.732575,3.1443262,Poliklinik Kerajaan Kampung Pandan,dentist,,"Jalan Kg Pandan, Maluri, 55100 Kuala Lumpur, Wilayah Persekutuan Kuala Lumpur, Malaysia",Kuala Lumpur,7625135311
102.2912227,2.271011,Farmasi Putra,pharmacy,,"169, Jalan Bendahara, Pengkalan Rama, 75100 Melaka, Malaysia",Melaka,8561094195
100.4255409,5.3670347,KU Pharmacy Sdn. Bhd.,pharmacy,,"36 & 38, Jalan Perda Utama 1, Bandar Perda, 14000 Bukit Mertajam, Pulau Pinang, Malaysia",Bukit Mertajam,4620838733
100.4265423,5.3673363,Farmasi Harmoni,pharmacy,,"62, Jalan Perda Utama 1, Bandar Perda, 14000 Bukit Mertajam, Pulau Pinang, Malaysia",Bukit Mertajam,4618661477
101.6837326,3.1287834,Polyklinik Muru,clinic,,"241, Jalan Tun Sambanthan, Brickfields, 50470 Kuala Lumpur, Wilayah Persekutuan Kuala Lumpur, Malaysia",Kuala Lumpur,11586577605
101.3780491,4.4707121,Dr Daniel Dental Surgery,dentist,,"18, Jalan Besar, Tanah Rata, 39000 Tanah Rata, Pahang, Malaysia",Cameron Highlands,4664882214
101.3757717,4.4706926,Klinik Ayob,doctor,,"50, Jalan Besar, Tanah Rata, 39000 Tanah Rata, Pahang, Malaysia",Cameron Highlands,4664822906
101.691035,3.172556,Klinik Senan,clinic,,"180-a, off, Jalan 1/64, Jalan Ipoh, 51200 Kuala Lumpur, Wilayah Persekutuan Kuala Lumpur, Malaysia",Kuala Lumpur,11575645374
100.4576234,5.856767,Klinik Dr Aishah,clinic,,"Kampung Guar Chempedak, 08300 Guar Chempedak, Kedah, Malaysia",Guar Chempedak,4773245650
101.5161386,3.0893445,Klinik Norzila & Surgeri,clinic,,"5, Jalan Sejat 8/10, Seksyen 8, 40000 Shah Alam, Selangor, Malaysia",Shah Alam,4730571654
101.6323121,2.8267359,Klinik Adam,clinic,,"KS 110, 78200 Kuala Sungai Baru, Melaka, Malaysia",Banting,4714387735
101.6206626,2.8270129,Klinik Kesihatan Bukit Changgang,clinic,,"Klinik Kesihatan Bukit Changgang,Jalan Labohan Dagang,Banting, Kampong Bukit Changgang, 42700 Kuala Langat, Selangor, Malaysia",Banting,4714340688
101.4272726,4.5142535,Klinik Desa Tringkap,clinic,,"Cameron Highland, 39000 Tanah Rata, Pahang, Malaysia",Cameron Highlands,4677808445
100.5122018,5.7303705,Klinik Wawasan,clinic,,"KLINIK WAWASAN, NO 10, Jalan Raya, Kulim, 09000 Kulim, Kedah, Malaysia",Kulim,4632506677
102.60724,5.6999076,Klinik Desa Tempinis,clinic,,"68, Jln Tembila, Kampung Tempinis, 22020 Jerteh, Terengganu, Malaysia",Jerteh,4578932692
102.4945955,5.7376113,Klinik Aziz Zain,clinic,,"238, Jalan Tuan Hitam, Kampung Tanduk, 22000 Jerteh, Terengganu, Malaysia",Jerteh,4523226595
100.5622569,6.1464523,Klinik Desa,clinic,,"Kampung Belukar Jambu, 06400 Pokok Sena, Kedah, Malaysia",Pokok Sena,3410953261
100.4261307,5.9167583,Klinik Desa Simpang Tiga,clinic,,"Simpang Tiga Sungai Limau, 06800 Yan, Kedah, Malaysia",Yan,2588031704
100.3886037,6.1398969,Poliklinik Mutiara,clinic,,"Lebuhraya Sultanah Bahiyah, Taman Mutiara, 05200 Alor Setar, Kedah, Malaysia",Alor Setar,3786211629
101.4075083,4.5671394,Klinik Kesihatan Kampung Raja,clinic,,"Kampung Raja, Jalan Besar Cameron Highlands, Kampung Raja, 39000, Pahang, Malaysia",Cameron Highlands,4676419876
103.4363739,4.6359457,ALPRO Pharmacy Paka - Minute Consult,clinic,,"PT 119 TAMAN GEMBIRA PAKA, Kampung Limbung, 23100 DUNGUN, Terengganu, Malaysia",DUNGUN,4008781537
100.4792008,6.0286822,Klinik 1 Malaysia,clinic,,"Tanah Merah, 06700 Pendang, Kedah, Malaysia",Pendang,4451929693
100.2638964,6.3297776,Klinik Desa Batu 4 Sanglang,clinic,,"K102, Kampung Batu Empat Salang, 06100 Kodiang, Kedah, Malaysia",Kodiang,4541585212
100.4194011,6.2602601,Klinik Won,clinic,,"27 A, Pekan Jitra 2, Jitra, Kubang Pasu, Pekan Jitra 2, 06000 Jitra, Kedah, Malaysia",Jitra,4277774599
101.5309397,2.8224747,Klinik Rozita,clinic,,"Jalan Emas 1, Bandar Baru Sungai Emas, 42700 Banting, Selangor, Malaysia",Banting,4727251002
101.8019489,2.525699,Yakin Haemodialysis,clinic,haematology,"Kampung Bahasa Kapor, 71000 Port Dickson, Negeri Sembilan, Malaysia",Port Dickson,4861632059
103.6414413,1.4740026,Dr Shah Clinic,clinic,,"30, Jalan Horizon Perdana 3, Horizon Avenue, Horizon Hills, 79100 Iskandar Puteri, Johor Darul Ta'zim, Malaysia",Iskandar Puteri,5919868202
102.6446908,1.9576231,klinik parit jawa,clinic,,"8, Jalan Omar, Parit Jawa, 84150 Parit Jawa, Johor Darul Ta'zim, Malaysia",Parit Jawa,6038536787
102.2559316,2.4759722,Healthy Living Clinic,clinic,,"Lot 961, Taman Batu Belang, 73000 Tampin, Negeri Sembilan, Malaysia",Tampin,6434799686
100.5135019,5.6539184,Poliklinik Dr Azhar dan Rakan-rakan,clinic,,"100, Lorong 4, Taman Ria Fasa 2, 08000 Sungai Petani, Kedah, Malaysia",Sungai Petani,7621447278
103.6705822,1.5155422,Poliklinik Permai Polyclinics,clinic,,"75, Jalan Sutera Tanjung 8/2, Taman Sutera Utama, 81300 Skudai, Johor Darul Ta'zim, Malaysia",Skudai,7553897802
100.361757,5.6120192,Klinik Desa,clinic,,"Jalan Permatang Bendahari Kuala Muda, Kampung Permatang Rengan, 08500 Kota Kuala Muda, Kedah, Malaysia",Kota Kuala Muda,7505106549
103.7113261,1.5443334,Klinik Shakthi & Surgeri,clinic,,"5, Jalan Setia Tropika 1/28, Taman Setia Tropika, 81200 Kempas, Johor Darul Ta'zim, Malaysia",Kempas,7417194276
112.5607462,1.9068856,Klinik Ng Tekalit,clinic,,"Pembantu Perubatan Y/M, Klinik Kesihatan Song Song ( Nanga Tekalit), Song, Sarawak, Malaysia",Song,7231850685
100.5181137,5.6445697,Klinik Komuniti Taman Ria Jaya,clinic,,"Malaysia, Kedah, Sungai Petani, Taman Ria Jaya, Lorong Kuda Kepang 1, 8, Jalan邮政编码: 08000",Sungai Petani,6678172043
103.3623698,4.228045,Klinik Komuniti Binjai,clinic,,"Kampung Gong Kapur, 24000 Kemaman, Terengganu, Malaysia",Kemaman,6567189813
102.6164554,5.7374165,Klinik Desa Kg Tembila,clinic,,"Kg. Kampung Banjar Jalan Padang Tembak Teluk Intan, Kampung Pekan Sari Tembila, 36000 Jerteh, Terengganu, Malaysia",Jerteh,6069884468
101.6138528,3.1154754,BP Specialist Centre Taman Megah,clinic,,"79, Jalan SS 23/15, Taman Sea, 47400 Petaling Jaya, Selangor, Malaysia",Petaling Jaya,5039590398
100.4614574,5.8587465,Klinik 1Malaysia Guar Chempedak,clinic,,"klinik 1 guar chempedak, Kampung Tok Kau, 08300 Guar Chempedak, Kedah, Malaysia",Guar Chempedak,4951130001
102.2318369,2.4707663,Watsons,pharmacy,,"No. 597, Ground, Jalan Besar, Kampung Tampin, 73000 Tampin, Negeri Sembilan, Malaysia",Tampin,7802951233
101.4504013,3.2309873,Watsons,pharmacy,,"PT 42663, Persiaran, Eco Grandeur, 6, 42300 Puncak Alam, Selangor, Malaysia",Puncak Alam,12843533458
101.6407391,3.2132263,Klinik Alam Medik,clinic,,"24, Jalan 14/48a, Sentul Raya Boulevard, 51000 Kuala Lumpur, Wilayah Persekutuan Kuala Lumpur, Malaysia",Kuala Lumpur,7317774160
103.1775802,5.2656887,Klinik Medina,clinic,,"PT 3282, Chendering Heights, Kampung Simpang Empat, 21080 Kuala Terengganu, Terengganu, Malaysia",Kuala Terengganu,9762045822
103.1775923,5.2657368,Pusat Rawatan Dialisis Islah,dialysis,nephrology,"Kampung Binjai, 21070 Kuala Terengganu, Terengganu, Malaysia",Kuala Terengganu,9762045819
103.1776057,5.2658663,Klinik Pergigian Darul Iman,dentist,,"Lot PT 3278 Jalan Kubang Ikan Kampung Simpang Empat Chendering, Kampung Binjai, 21080 Kuala Terengganu, Terengganu, Malaysia",Kuala Terengganu,9762045818
103.1981726,5.2206745,Klinik Pergigian Rina,dentist,,"Bangunan Cikgu Haron, Kampung Ru Rendang, 21600 Marang, Terengganu, Malaysia",Marang,9722424529
103.3468222,4.9434594,Klinik Desa Jambu Bongkok,clinic,,"Kampung Jambu Bongkok, 21610 Marang, Terengganu, Malaysia",Marang,6496683987
103.2913028,5.0432551,Klinik Desa Merchang,clinic,,"Kampung Pulau Rusa Baharu, 21610 Marang, Terengganu, Malaysia",Marang,4125079980
100.3327547,5.4119546,Klinik Lee,clinic,,"29, Jalan Magazine, 10300 George Town, Pulau Pinang, Malaysia",George Town,11645191181
100.4183049,5.3551765,Guardian,pharmacy,,"1820-G1 JALAN PERUSAHAAN AUTO CITY, Lebuhraya Utara - Selatan, JURU INTERCHANGE, 13600 Perai, Pulau Pinang, Malaysia",Bukit Mertajam,11637224143
100.4826379,5.6130538,Klinik Cinta Sayang,clinic,,"15, Jalan Permatang Gedong, Taman Sejati Indah, 08000 Sungai Petani, Kedah, Malaysia",Sungai Petani,7728909617
100.4826348,5.6131562,Guardian,pharmacy,,"NO A21 GIANT HYPERMARKET SUNGAI PET,PT20157,PT20209,PT50563-PT50584,PT50597 &, PT50598, MUKIM, Kampong Sungai Pasir, 08000 Sungai Petani, Kedah, Malaysia",Sungai Petani,7728909615
100.3923632,5.3855692,Siang Pharmacy,pharmacy,,"22, Lebuh Kurau 3 Chai Leng Park Malaysia, Chai Leng Park, 13700 Perai, Pulau Pinang, Malaysia",Perai,7728909591
100.4445716,5.3633825,Klinik Sri Rambai,clinic,,"36/38, Jalan Tembikai, Taman Mutiara, 14000 Bukit Mertajam, Pulau Pinang, Malaysia",Bukit Mertajam,7728876260
100.293871,5.3324469,Watsons,pharmacy,,"Lot LG 05, Kompleks Bukit Jambul, Jalan Rumbia, Kampung Seberang Paya, 11900 Bayan Lepas, Penang, Malaysia",Bayan Lepas,11645327830
102.2913828,2.2576033,Poliklinik Piang & X-ray,clinic,,"47, Lorong Setia 1, Taman Ayer Keroh Heights, 75450 Ayer Keroh, Melaka, Malaysia",Ayer Keroh,7701708032
101.540116,3.002888,Ooi & Khor Dental Surgery,dentist,,"7, 7A, 5A, 7B, Jalan Anggerik Vanilla N 31/N, Seksyen 31, Kota Kemuning, 40460 Shah Alam, Selangor, Malaysia",Shah Alam,3960921761
101.5352026,3.004326,Revival Clinic,clinic,plastic_surgery,"52A-G, Jln Eco Santuari 8/2A, Eco Santuari, 42500 Telok Panglima Garang, Selangor, Malaysia",Telok Panglima Garang,4945332886
101.5371668,3.0035108,Klinik Dr. Hasseenah,clinic,,"Unit 26, 2, Jln Anggerik Vanilla BE 31/BE, Kota Kemuning, 40460 Shah Alam, Selangor, Malaysia",Shah Alam,3961301915
101.5344755,3.0047022,Health Lane Family Pharmacy,pharmacy,,"35, Jalan Anggerik Vanilla X 31/X, Kota Kemuning, 40460 Shah Alam, Selangor, Malaysia",Shah Alam,3961161671
101.5391463,3.0035396,FirstCare Pharmacy,pharmacy,,"32, Jalan Anggerik Vanilla M 31/M, Kota Kemuning, 40460 Shah Alam, Selangor, Malaysia",Shah Alam,3960921781
102.2913722,2.2582585,Farmasi Murni,pharmacy,,"55, Lorong Setia 1, Ayer Keroh Heights, 75450 Ayer Keroh, Taman Ayer Keroh Heights, 75450 Malacca, Malaysia",Malacca,7701725699
102.2913863,2.2562975,Klinik Ayer Keroh,clinic,,"25, Lorong Setia 1, Taman Ayer Keroh Height, 75450 Ayer Keroh, Melaka, Malaysia",Ayer Keroh,7701611735
101.7908206,2.9571412,Cofie,pharmacy,,,,12836712837
101.7906601,2.957224,Care Clinics,clinic,,"9G, Jalan Hentian 1, Pusat Hentian Kajang, 43000 Kajang, Selangor, Malaysia",Kajang,12836712834
101.7907169,2.9572035,Flexcare Physio,physiotherapist,,"8G, Jalan Hentian 1, Pusat Hentian Kajang, 43000 Kajang, Selangor, Malaysia",Kajang,12836712831
101.5375608,3.0062344,Klinik Famili Shah Alam,clinic,,"26, Jalan Tajuh 27/29a, Seksyen 27, 40400 Shah Alam, Selangor, Malaysia",Shah Alam,6138465087
116.0732885,5.9801643,Klinik Lau & Choong,clinic,,"Lot 1, Block E, Grd Floor, Sinsuran Complex, Kota Kinabalu, Kota Kinabalu, Sinsuran Kompleks, 88000 Kota Kinabalu, Sabah, Malaysia",Kota Kinabalu,5961270196
116.0773705,5.9856141,Biorehab Physiotherapy Centre (Jalan Pantai),hospital,,"2nd Floor, No. 2, Lot 2, Jalan Pantai, Pusat Bandar Kota Kinabalu, 88300 Kota Kinabalu, Sabah, Malaysia",Kota Kinabalu,5764870953
100.3874993,6.1302603,Poliklinik Hidayah,clinic,,"33 Kompleks, Persiaran Sultan Abdul Hamid, Bandar Alor Setar, 05050 Alor Setar, Kedah, Malaysia",Alor Setar,3814074635
100.3875647,6.1303406,Farmasi KNZ,pharmacy,,"19, Taman Enggang, Bandar Alor Setar, 05460 Alor Setar, Kedah, Malaysia",Alor Setar,3814074621
101.6611023,3.4583647,Pusat Hemodialisis Syifa,clinic,,"Batang K, 2-26, Jalan Mahagoni 2a/7, Pekan Batang Kali, 44300 Batang Kali, Selangor, Malaysia",Batang Kali,4763281195
101.6612402,3.4588108,Klinik Komuniti,doctor,,"klinik komuniti, 9, Jalan Mahagoni 2a/6, Pekan Batang Kali, 44300 Batang Kali, Selangor, Malaysia",Batang Kali,4763281193
101.7048947,2.8964496,Klinik Hanita,maternity,,"Klinik Hanita, 21, Jalan Pinggiran Putra 4A/14, Desa Pingggiran Putra, 43000 Kajang, Selangor, Malaysia",Kajang,4894231486
101.7024918,3.1684465,Klinik Genetik,clinic,,"Institute Pediatrik Hospital Kuala Lumpur, Jalan Masjid Hospital, 50586 Kuala Lumpur, Wilayah Persekutuan Kuala Lumpur, Malaysia",Kuala Lumpur,12401316735
101.6182517,3.0461065,Guardian,pharmacy,,"G31 & G32, GROUND FLOOR, Ioi Mall, Bandar Puchong Jaya, 47100 Puchong, Selangor, Malaysia",Puchong,11447354971
101.5430821,3.0253533,Klinik Veda,clinic,,"GlaxoSmithKline, Lot 89, Jalan Enggang, Ampang, Ulu Kelang, Ampang, Hulu Langat, Taman Keramat, 54200 Ampang Jaya, Selangor, Malaysia",Ampang Jaya,3970662974
113.9865369,4.3963207,DEGREE by Optometrist,optometrist,,"Ground Floor, 432, Jalan Bendahara, 98000 Miri, Sarawak, Malaysia",Miri,11641398288
101.7737617,2.9710723,Nextage Pharmacy,pharmacy,,"Jalan 7/7a, Seksyen 7, 43000 Bandar Baru Bangi, Selangor, Malaysia",Bandar Baru Bangi,4756642331
102.2015569,6.1208274,Klinik Mahmood,clinic,,"LOT 4167 & 4168, Jalan Keranji 2, BANDAR UTAMA, 18300 Gua Musang, Kelantan, Malaysia",Gua Musang,12829983757
102.2009032,6.122041,Farmasi Ehsan Wakaf Bharu,pharmacy,,"No B 18, Lot PT 171, Kedai, 16250 Wakaf Bharu, Kelantan, Malaysia",Wakaf Bharu,3767136863
101.6652483,3.1164283,Klinik Menara TM,clinic,,"Level G, Menara Telekom South Wing, Jalan Pantai Baharu, 59200 Kuala Lumpur, Wilayah Persekutuan Kuala Lumpur, Malaysia",Kuala Lumpur,12159326430
101.646011,3.0748427,Farmasi Kaisar,pharmacy,,"8, 9, 10 & 11, Jalan PJS 2/16A, Taman Maju Jaya, 46000 Petaling Jaya, Selangor, Malaysia",Petaling Jaya,4705754455
103.3084303,1.8299419,Farmasi Murni Simpang Renggam,pharmacy,,"15, Jalan Bintang Ria 1, Taman, Jalan Bintang Ria, Kampung Simpang Renggam, 86200 Simpang Renggam, Johor, Malaysia",Simpang Renggam,7283906595
103.6562148,1.4947,Jing Sen,clinic,traditional_chinese_medicine,"no. 69G, Jalan Bestari 1/5, Taman Nusa Bestari, 79150 Iskandar Puteri, Johor Darul Ta'zim, Malaysia",Iskandar Puteri,7693521287
101.1260941,4.5847004,Klinik 1 Malaysia Ampang Baru,clinic,,"Kampung Ampang Baru, 31350 Ipoh, Perak, Malaysia",Ipoh,7699881417
101.6390662,3.2146957,KL Eye Specialist Centre,clinic,ophthalmology,"No. 73 & 75 (Ground Floor), 73-1 & 75-1 ( First Floor, Jalan Metro Perdana Barat 1, Taman Usahawan Kepong, 52100 Kuala Lumpur, Wilayah Persekutuan Kuala Lumpur, Malaysia",Kuala Lumpur,8956033617
103.7594606,1.4662313,Klinik Maria,dentist,,"Wisma Maria, Jalan Ngee Heng, Bandar Johor Bahru, 80000 Johor Bahru, Johor Darul Ta'zim, Malaysia",Johor Bahru,12300616387
103.7593403,1.4663748,Teo Orthopaedic Specialist Clinic,clinic,,"No. 22, Ground Floor Block B, Wisma Maria, Jalan Ngee Heng, Bandar Johor Bahru, 80000 Johor Bahru, Johor Darul Ta'zim, Malaysia",Johor Bahru,12300616385
101.6581028,2.9730048,Klinik Mediviron,clinic,,"15g, Jalan LP 2a/1, Lestari Perdana, 43300 Seri Kembangan, Selangor, Malaysia",Seri Kembangan,12816666775
101.6706251,3.1314758,Jason Cheong Dental Surgery,dentist,,"36, Jalan Telawi, Bangsar, 59100 Kuala Lumpur, Wilayah Persekutuan Kuala Lumpur, Malaysia",Kuala Lumpur,7249570089
110.3060132,1.5093301,EyeHealth Optometrist 眼康验光,optometrist,optometry,"Lot 6869, Block 225, KNLD S/L 27, Pines Square, Jalan Batu Kawa, 93250 Kuching, Sarawak, Malaysia",Kuching,12794307616
101.6501276,3.1626797,Klinik Mediviron,clinic,,"No.10, Jalan 25/70a, Desa Sri Hartamas, 50480 Kuala Lumpur, Wilayah Persekutuan Kuala Lumpur, Malaysia",Kuala Lumpur,2968981968
110.3738252,1.5072693,Khor's Physio,physiotherapist,,"93350, Malaysia, Sarawak, Kuching, Jalan Setia Raja, SL15, Lot 9569, GF, 2nd Precinct",Kuching,12298990297
101.6886084,3.0888686,Klinik Komuniti Kuchai Entrepreneurs Park,clinic,,"47 & 49, Jalan 10/116b, Kuchai Entrepreneurs Park, 58200 Kuala Lumpur, Wilayah Persekutuan Kuala Lumpur, Malaysia",Kuala Lumpur,7653640472
100.4306857,5.5159732,Klinik Impiana,clinic,,"13, Jalan Usahawan 4, 13100 Kepala Batas, Pulau Pinang, Malaysia",Kepala Batas,7653100483
110.3736875,1.5065107,Pristine Clinic,clinic,,"Ground Floor & 1st Floor, Lot 9659, Jalan Setia Raja, 93350 Kuching, Sarawak, Malaysia",Kuching,12298990251
110.3746191,1.5070942,Smile Care Dental Clinic,dentist,,"Ground Floor, Lot 14635. Block 11 MTLD, Jalan Stutong, 93350 Kuching, Sarawak, Malaysia",Kuching,12298879781
110.3752524,1.5058564,Lifemap Pharmacy,pharmacy,,"Ground Floor, Lot 445, Jalan Stutong, Height Drive Commercial Centre, 93350 Kuching, Sarawak, Malaysia",Kuching,12298858074
110.2499927,1.5545661,Klinik Aniza,clinic,,"10, Jalan Belatok, Taman Malihah, 93050 Kuching, Sarawak, Malaysia",Kuching,12331262189
110.2509985,1.5544007,Malihah Medical Clinic,clinic,,"34, Jalan Belatok, Taman Malihah, 93050 Kuching, Sarawak, Malaysia",Kuching,12331262181
113.9898269,4.4002873,Q10 Pharmacy,pharmacy,,"1091, Jalan Zinnia, 98000 Miri, Sarawak, Malaysia",Miri,11528429724
113.9909466,4.3968221,Klinik Pergigian J (opening soon),dentist,,"Lot 1196, Block 9, Miri Concession Land District, Jalan Sylvia, 98000 Miri, Sarawak, Malaysia",Miri,6252877149
110.3683069,1.5487099,Klinik Pergigian Premier Smile,dentist,,"Ground Floor, Lot 7049, Section 64, KTLD, Jln Sekama, Poh Ming Park, 93300 Kuching, Sarawak, Malaysia",Kuching,12347245844
110.3625716,1.5451021,Klinik Kesihatan Ibu Dan Anak Sekama,clinic,,"Jln Sekama, Sekama, 93300 Kuching, Sarawak, Malaysia",Kuching,12347482058
110.364428,1.546106,Sekama Pharmacy,pharmacy,,"90, Jln Sekama, Sekama, 93300 Kuching, Sarawak, Malaysia",Kuching,12347584449
110.3601051,1.5440936,Dr Chong Mui Chun Clinic,clinic,,"40A, Jalan Mendu, Kampung Simpang Tiga, 93200 Kuching, Sarawak, Malaysia",Kuching,12347617971
110.3610412,1.5444492,Clinic Dr Ng Sheau Phun,clinic,,"42-D, Jalan Mendu, Kampung Simpang Tiga, 93200 Kuching, Sarawak, Malaysia",Kuching,12347611304
100.3645724,6.1254822,INS Specialist Centre,hospital,,"Lot 640 & Mukim Alor Setar, Malaysia, 641, Jalan Pintu Sepuluh, Kampung Lubok Peringgi, 05100 Alor Setar, Kedah, Malaysia",Alor Setar,12355412170
100.6132421,6.2553347,Klinik Kesihatan Ibu dan Anak Kuala Nerang,clinic,,"Kuala Nerang, 06300 Kuala Nerang, Kedah, Malaysia",Kuala Nerang,12356080132
101.9343704,2.6889971,farmasi alpro,pharmacy,,"5, Jalan Rasah Prima 1, Pusat Komersial Rasah Prima, 70300 Seremban, Negeri Sembilan, Malaysia",Seremban,9917404847
118.0544052,5.8796493,Klinik Kesihatan Batu 7 Sandakan,clinic,,"Batu 7, 90000 Sandakan, Sabah, Malaysia",Sandakan,9922919267
101.4895388,3.0679973,Farmasi,hospital,,"33, Jalan Plumbum R7/R, Seksyen 7, 40000 Shah Alam, Selangor, Malaysia",Shah Alam,5565693010
101.5261945,3.1852027,Pharmacy,unknown,,"No 23, Gf, Jalan Eserina Y U16/Y, Elmina East, Seksyen, U16 Shah Alam, 40160 Shah Alam, Selangor, Malaysia",Shah Alam,11942529082
101.5123372,3.162716,VVC Optometrist,optometrist,,"31-1, Jalan Elektron D U16/D, Denai Alam, 40160 Shah Alam, Selangor, Malaysia",Shah Alam,11949343480
110.337369,1.5349503,Klinik Dr Ng Wee Kok,clinic,,"Suite 8.01,Lot 3005, Jalan Tun Ahmad Zaidi Adruce, Hock Kui Commercial Centre, 93150 Kuching, Sarawak, Malaysia",Kuching,12308979380
110.3373707,1.5349149,Advanced Lab,laboratory,,"Ground Floor, Lot 164, Section 20, KTLD, 57-A, Jalan Tun Ahmad Zaidi Adruce, 93400 Kuching, Sarawak, Malaysia",Kuching,12308981762
101.7962737,2.9773142,Pusat Pakar Mata ACS,optometrist,,"95G, Jalan TKS 1, Taman Kajang Sentral, 43000 Kajang, Selangor, Malaysia",Kajang,4755588126
101.6207619,3.0438079,Klinik Selva,clinic,,"Jalan Kenari 1, Bandar Puchong Jaya, 47170 Puchong, Selangor, Malaysia",Puchong,12167492057
114.7352099,3.7957317,Klinik Kesihatan Long Bedian,clinic,,"Pegawai Kesihatan Daerah, Daerah Baram, Jalan Hospital Marudi ( Long Bedian), Sarawak, Malaysia",Sarawak,6745797321
101.5469045,2.9329234,AA Pharmacy,pharmacy,,"Blossom Square, 38-G, Jln Flora 1/1, Bandar Rimbayu, 42500 Telok Panglima Garang, Selangor, Malaysia",Telok Panglima Garang,12304455042
113.9926727,4.318712,Kings Pharmacy,pharmacy,,"Taman Tunku, 98000 Miri, Sarawak, Malaysia",Miri,11548533569
101.7907007,2.8855209,Big Pharmacy,pharmacy,,"10, Jalan Seri Putra 1/4, Bandar Seri Putra, 43000 Kajang, Selangor, Malaysia",Kajang,12805178706
101.7909753,2.8857396,Poliklinik An Nur,clinic,general,"No. 5, Jalan Seri Putra 1/4, Bandar Seri Putra, 43000 Kajang, Selangor, Malaysia",Kajang,12805178705
100.9415827,4.7701851,i-Health Pharmacy,pharmacy,,"45, Jalan Kangsar, Bandar Baru, 33000 Kuala Kangsar, Perak, Malaysia",Kuala Kangsar,5027102183
100.940702,4.7698596,Vitro Pharmacy,pharmacy,,"88, LOT 485 PLOT 10, BANDAR BARU FASA 3B, Bandar Baru, 33000 Kuala Kangsar, Perak, Malaysia",Kuala Kangsar,5027102153
100.9340893,4.7722444,Klinik Nur Sejahtera LPPKN,doctor,,"Persiaran Putra 1 Off Jalan Taiping, No.6 & 6A, Perak, 33000 Kuala Kangsar, Perak, Malaysia",Kuala Kangsar,5029346532
101.7395679,3.0457204,Guardian,pharmacy,,"NO. 21, GROUND FLOOR, Jalan Damai Perdana 1/9b, Bandar Damai Perdana, 56000 Kuala Lumpur, Wilayah Persekutuan Kuala Lumpur, Malaysia",Kuala Lumpur,12805959111
101.7331525,3.0267432,Klinik Selva,clinic,,"Jalan Harmoni Indah 1, Taman Harmoni Indah, 43300 Seri Kembangan, Selangor, Malaysia",Balakong,12805959105
101.6751293,3.022501,Klinik Pergigian Smile Infinity Puncak Jalil,dentist,dentistry,"6-1, Jalan PUJ 3/13 Taman Puncak Jalil, Bandar, Putra Permai, 43300 Seri Kembangan, Selangor, Malaysia",Seri Kembangan,11591445718
101.6408077,3.2148707,Samcare Clinic,clinic,,"25, Jalan Metro Perdana Barat 1, Taman Usahawan Kepong, 52100 Kuala Lumpur, Wilayah Persekutuan Kuala Lumpur, Malaysia",Kuala Lumpur,7317774156
101.756322,2.9631807,Klinik Anda,clinic,,"145, Jalan 8/1, Seksyen 8, 43650 Bandar Baru Bangi, Selangor, Malaysia",Bandar Baru Bangi,12243540253
101.7523674,2.964017,Klinik Pergigian Norshah,dentist,,"27a, Jalan 8/1, Seksyen 8, 43650 Bandar Baru Bangi, Selangor, Malaysia",Bandar Baru Bangi,12243540201
101.7523126,2.9639709,Klinik Mediviron,clinic,general,"NO 25GF, Jalan 8/1, Seksyen 8 Bandar Baru Bangi, 43650 Bandar Baru Bangi, Selangor, Malaysia",Bandar Baru Bangi,12243524499
101.7520358,2.9637866,Klinik Pusrawi,clinic,,"GF, 15, Jalan 8/1, Seksyen 8, 43650 Bangi, Selangor, Malaysia",Bangi,12243524495
101.1515975,4.3130418,Guardian,pharmacy,,"NO 1 & 2, GROUND FLOOR, Jalan Tokong, Kampung Masjid, 31650 Ipoh, Perak, Malaysia",Ipoh,12777558376
101.1524228,4.3133572,Sunway Multicare,pharmacy,,"No 112 (Ground Floor, Jln Idris, Kampung Masjid, 31900 Kampar, Perak, Malaysia",Kampar,12777585917
101.1524348,4.3131886,HTM Pharmacy,pharmacy,,"106, Jln Idris, Kampung Masjid, 31900 Kampar, Perak, Malaysia",Kampar,10596123299
101.1524708,4.3129368,Big Pharmacy,pharmacy,,"102, Jln Idris, Kampung Masjid, 31900 Kampar, Perak, Malaysia",Kampar,7691131455
101.1493263,4.3154005,Facesun SciTech Wellness Centre,unknown,,"A, Pusat Perdagangan, No5, Jalan Terminal Kampar 1, 31900 Kampar, Perak, Malaysia",Kampar,12777494687
101.3757695,4.4703027,Cameron Pharmacy,pharmacy,,"58-a, Persiaran Camellia 3, Tanah Rata, 39000 Tanah Rata, Pahang, Malaysia",Cameron Highlands,3254482653
101.3757178,4.4702988,Big Pharmacy,pharmacy,,"Juta Villa, G-59, Persiaran Camelia 3, Tanah Rata, 39000 Tanah Rata, Pahang, Malaysia",Cameron Highlands,3200455732
101.375565,4.4698746,NuCare,pharmacy,,"Juta Villa, 76A, Persiaran Camelia 4, Tanah Rata, 39000 Tanah Rata, Pahang, Malaysia",Tanah Rata,12778528437
103.63231,1.5144264,Caring Pharmacy,pharmacy,,"9, Jln Mutiara 1/2, Mutiara Rini, 81300 Skudai, Johor Darul Ta'zim, Malaysia",Skudai,5578532723
100.5146358,5.6952083,Pusat Rawatan Komplementari Islam,alternative,,"No 5, G & 5-1, Jalan Flora 2/2, Bandar Rimbayu, 42500 Telok Panglima Garang, Selangor, Malaysia",Telok Panglima Garang,4634874835
101.4818676,3.0627627,iCare Dental Shah Alam,dentist,dentistry,"LG-23, Central i-City, Persiaran Multimedia Seksyen 7, I-city, 40000 Shah Alam, Selangor, Malaysia",Shah Alam,12785377064
101.7425958,3.178016,Klinik Hero,clinic,,"No.22-G, Jalan Wangsa Delima 11, Wangsa Maju, 53300 Kuala Lumpur, Wilayah Persekutuan Kuala Lumpur, Malaysia",Kuala Lumpur,11645081761
110.366295,1.5174307,Pathlab,laboratory,,"Commercial Centre, 22, Jalan Song, Tabuan Heights, 93350 Kuching, Sarawak, Malaysia",Kuching,12177521885
101.7414694,3.1782304,Klinik Mediviron,clinic,,"17G, Jalan Setiawangsa 9, Taman Setiawangsa, 54200 Kuala Lumpur, Wilayah Persekutuan Kuala Lumpur, Malaysia",Kuala Lumpur,4740968869
101.648413,3.0640209,Poliklinik Vijay,clinic,,"23A, Jalan TK 1/11a, Taman Kinrara, 47100 Puchong, Selangor, Malaysia",Puchong,1866868429
101.6479645,3.0635404,Klinik Segara,clinic,,"No. 33A, Jalan TK 1/11a, Taman Kinrara, 47100 Puchong, Selangor, Malaysia",Puchong,1866857369
101.7171091,3.1614435,Good Clinic,clinic,,"Unit D-0-8, Block D, Megan Avenue 1. 189, Jalan Tun Razak, 50400 Kuala Lumpur, Wilayah Persekutuan, Hampshire Park, 50400 Kuala Lumpur, Wilayah Persekutuan Kuala Lumpur, Malaysia",Kuala Lumpur,7012847245
101.5421829,2.9439499,Poliklinik Shaik,clinic,,"20, Jalan Rimbayu 1/5, Bandar Rimbayu, 42500 Rimbayu, Selangor, Malaysia",Rimbayu,7592278262
101.5422366,2.9439895,Ooi & Khor Dental Clinic,dentist,,"7, 7A, 5A, 7B, Jalan Anggerik Vanilla N 31/N, Seksyen 31, Kota Kemuning, 40460 Shah Alam, Selangor, Malaysia",Shah Alam,7592278261
101.2684075,4.211934,Poliklinik Sri Kelana,clinic,,"Persiaran Seri Kelana 1, 35000 Tapah, Perak, Malaysia",Tapah,12777819064
101.5864309,3.1113073,Klinik Mediviron,clinic,,"C-G-7, No 8 Jalan PJU 1A/20B DATARAN ARA DAMANSARA, Ara Damansara, 47301 Petaling Jaya, Selangor, Malaysia",Petaling Jaya,4565128592
101.5861374,3.1114316,Klinik Mediviron,clinic,,"C-G-7, No 8 Jalan PJU 1A/20B DATARAN ARA DAMANSARA, Ara Damansara, 47301 Petaling Jaya, Selangor, Malaysia",Petaling Jaya,4483907189
101.558265,3.2020866,Poliklinik Mediprima,clinic,,"2078, Jalan 3/1, Bandar Baru Sungai Buloh, 47000 Sungai Buloh, Selangor, Malaysia",Sungai Buloh,10177746973
116.575743,5.9858277,MK Pharmacy Sdn Bhd,pharmacy,,"Ground Floor, Lot 19 SEDCO Kundasang Shophouses, Pekan Kundasang, 89308 Ranau, Sabah, Malaysia",Ranau,6180567585
101.7765359,3.1435644,Klinik Jaya Ampang,clinic,,"26, JALAN AWF 3, Ampang Waterfront, 68000 Ampang, Selangor, Malaysia",Ampang,5411249521
101.2940946,4.1071246,Rawatan Tabib,alternative,traditional_chinese_medicine,"19AJalan 33/154, Taman Bukit Anggerik, 56000 Kuala Lumpur, Federal Territory of Kuala Lumpur, Malaysia",Kuala Lumpur,12773332027
101.7035109,3.1703543,Pejabat Rekod/Perundangan Institut Ortopedik & Traumatologi,unknown,,"50586 Kuala Lumpur, Wilayah Persekutuan Kuala Lumpur, Malaysia",Kuala Lumpur,12181367147
101.5212125,3.6799709,Poliklinik Bakti-Aminin,clinic,,"46 & 49, Jalan Haji Mustafa Raja Kamala, 35900 Tanjong Malim, Perak, Malaysia",Tanjong Malim,8089048064
101.9623948,4.8734226,Klinik Gigi Dr Nik,dentist,,"Lebuhraya Kuala Lumpur - Gua Musang, Kampung Gata, 18300 Gua Musang, Kelantan, Malaysia",Gua Musang,4837260097
101.9623842,4.8747714,Farmasi Medi Mesra,pharmacy,,"Lot PT 7749, Blok C Jalan Persiaran Raya, Gua Musang, Kampung Gata, 18300 Gua Musang, Kelantan, Malaysia",Gua Musang,4837260106
111.8207725,2.2907743,MyTown Pharmacy,pharmacy,,"28 & 30, GF Lrg, Lorong Lau King Howe 1, Pekan Sibu, 96000 Sibu, Sarawak, Malaysia",Sibu,11257000959
110.3445907,1.5135867,Big Pharmacy,pharmacy,,"Lot 164,Ground Floor, Commercial Centre, 2, Lorong Taman Hui Sing 3, Taman Hui Sing, 93350 Kuching, Sarawak, Malaysia",Kuching,12179749363
100.9369183,4.7710555,Klinik Pakar Perubatan Kuala Kangsar,clinic,,"Lot 6634, Ground Floor, Jalan Dato Sagor, Bandar Baru, 33000 Kuala Kangsar, Perak, Malaysia",Kuala Kangsar,12765866979
101.6924211,3.1728716,Klinik Kanak-Kanak Muthiah,clinic,general,"Plaza Pekeliling, A15, Jln Tun Razak, Sentul Selatan, 50400 Kuala Lumpur, Wilayah Persekutuan Kuala Lumpur, Malaysia",Kuala Lumpur,9450391095
110.344571,1.513396,Healthcare Pharmacy,pharmacy,,"Ground Floor, No. 162, Lorong Taman Hui Seng 3/2, Taman Hui Sing, 93350 Kuching, Sarawak, Malaysia",Kuching,7884498656
100.3177625,5.4240233,iTCM Healthcare Centre 爱康中医诊所,hospital,general,"No 2, 3rd Floor, Jalan Padang Victoria, 10400 George Town, Pulau Pinang, Malaysia",George Town,10869934351
101.7298384,3.1118389,Hai-O,pharmacy,,"Block A ,PPR Pudu Ulu, Jalan Pudu Ulu, Taman Kobena, 56100 Cheras, Wilayah Persekutuan Kuala Lumpur, Malaysia",Cheras,10130292596
101.4522595,3.2317559,Farmasi GT Health,pharmacy,,"ECO GRANDEUR, 5, Jalan Eco Grandeur 1/8, 42300 Puncak Alam, Selangor, Malaysia",Puncak Alam,10779432933
110.3623525,1.505946,Caring Pharmacy,pharmacy,,"Ground Floor, Lot 5, Block A1, Saradise Kuching, 93350 Kuching, Sarawak, Malaysia",Kuching,12178270915
100.3252402,5.4212595,Guardian,pharmacy,,"Ground Floor, PENANG PLAZA, 126, Jalan Burma, 10050 George Town, Pulau Pinang, Malaysia",George Town,4708387790
117.8572761,4.9801692,Infapro,hospital,,"Lahad Datu, Sabah, Malaysia",Lahad Datu,7587051900
101.6702805,3.1089824,Klinik Azhar,doctor,,"Jalan 5/112a, Taman Bukit Angkasa, 59200 Kuala Lumpur, Wilayah Persekutuan Kuala Lumpur, Malaysia",Kuala Lumpur,4664623288
115.4678128,3.7405136,STESEN AAWS METEOROLOGI BARIO,hospital,,"Dataran Tinggi Kelabit Baram, Bario, Sarawak, Malaysia",Bario,4238755390
100.4287135,5.3378364,Guardian,pharmacy,,"1820-G1 JALAN PERUSAHAAN AUTO CITY, Lebuhraya Utara - Selatan, JURU INTERCHANGE, 13600 Perai, Pulau Pinang, Malaysia",Perai,5953823173
118.6132844,4.4792302,Watsons,pharmacy,,"Lot 23 & 24, Ground Floor, Semporna Seafront Resort Township, Taman Bandar Semporna, 91307 Semporna, Sabah, Malaysia",Semporna,4784238624
102.2495586,2.188373,Watsons,pharmacy,,"Ground 74, Mahkota Parade, 1, Jln Merdeka, Taman Costa Mahkota, 75000 Malacca, Malaysia",Malacca,3861028046
101.7037705,3.1696046,Kaunter Pandu Lalu Farmasi HKL,pharmacy,,"Jln Dr. Latif, 50586 Kuala Lumpur, Wilayah Persekutuan Kuala Lumpur, Malaysia",Kuala Lumpur,6156649500
101.7043195,3.1695766,Jabatan Pemuliham Carakerja,unknown,,"50586 Kuala Lumpur, Wilayah Persekutuan Kuala Lumpur, Malaysia",Kuala Lumpur,12181307145
110.3494929,1.5035395,Dr.Christina's Dental Clinic,dentist,,"No. 37, Lot 5387, RH Plaza, Lorong Lapangan Terbang 1, Sedc Woodhouse, 93250 Kuching, Sarawak, Malaysia",Kuching,12181183206
101.6304942,3.1946612,All Day Pharmacy,pharmacy,,"Lot F15, Mydin Mall,, Persiaran Subang Permai USJ1,, Subang Light Industrial Park, 47500 Subang Jaya, Selangor, Malaysia",Subang Jaya,11084059045
101.6464128,3.0997058,Drs Young Newton,clinic,,"48, Jalan 52/4, Pj New Town, 46200 Petaling Jaya, Selangor, Malaysia",Petaling Jaya,4723482677
101.7016079,3.1712415,Wad Diraja,unknown,,"Jalan Pahang, 50586 Kuala Lumpur, Wilayah Persekutuan Kuala Lumpur, Malaysia",Kuala Lumpur,12181376246
101.7005897,3.172961,Kompleks MRI Jabatan Radiologi,hospital,,"50586 Kuala Lumpur, Wilayah Persekutuan Kuala Lumpur, Malaysia",Kuala Lumpur,5993583360
101.7043794,3.1699364,Unit Rekod Perubatan Neurosains,unknown,,"50586 Kuala Lumpur, Wilayah Persekutuan Kuala Lumpur, Malaysia",Kuala Lumpur,12181307131
102.4158969,3.4495554,Watsons,pharmacy,,"Lot 27, Ground Floor, Jalan Sudirman 2, Bandar Sri Semantan, 28000 Temerloh, Pahang, Malaysia",Temerloh,5076866800
116.0759655,5.9856204,Watsons,pharmacy,,"Lot B-25,B-26 & B-27,B-28,B-29,Lower Ground Floor Suria Sabah Shopping Mall, No.1, Jln Tun Fuad Stephens, Kota Kinabalu, 88000 Kota Kinabalu, Sabah, Malaysia",Kota Kinabalu,4242277889
100.3830768,5.4258385,Pusat Dialisis B Braun Avitum (Butterworth),unknown,,"75, 77 & 79 Tingkat G, Jalan Merbau, Pusat Perniagaan Oren, 13000 Butterworth, Pulau Pinang, Malaysia",Butterworth,6598650558
103.4145397,4.7520941,Outpatient Unit,clinic,,"Jalan Paka, 23000 Kuala Dungun, Terengganu, Malaysia",Kuala Dungun,10260903239
103.4138173,4.7518549,Radicare Workshop,hospital,,"1st Floor, 6521, Jalan Paka, Batu 48, 23000 Kuala Dungun, Terengganu, Malaysia",Kuala Dungun,10260903237
103.413331,4.7520318,Physiotheraphy,clinic,,"PT18863-C Wisma Casalink, Jalan Besar Paka Paka, Kampung Gong Gemia, 23100 Dungun, Terengganu, Malaysia",Dungun,10260903236
103.4149078,4.752632,Specialist Clinics,clinic,,"LOT 5062, 5063 & 5064, Jalan Baru Pak Sabah, 23000 Kuala Dungun, Terengganu, Malaysia",Kuala Dungun,10260903234
103.4130036,4.7559968,Farmasi Alpro,pharmacy,,"K-205, Jalan Sura Gate, 23000 Kuala Dungun, Terengganu, Malaysia",Kuala Dungun,10098393349
103.4153198,4.7511098,Klinik Zam,clinic,,"Lot 6520, Batu 48, Jalan Dungun Paka, 23000 Kuala Dungun, Terengganu, Malaysia",Kuala Dungun,9676824911
101.7156246,3.1454879,Klinik Mediviron,clinic,,"228, Jalan Mahkota, Maluri, 55100 Kuala Lumpur, Wilayah Persekutuan Kuala Lumpur, Malaysia",Kuala Lumpur,1544290915
101.7372829,3.1470421,Health Lane Family Pharmacy,pharmacy,,"16, Jalan 1/ 76D,Desa Pandan, Off Kampung Pandan, Kampung Pandan, 55100 Kuala Lumpur, Federal Territory of Kuala Lumpur, Malaysia",Kuala Lumpur,11635059461
100.2346856,5.3503412,Kelinik Ratna,clinic,,"No. 42, Jalan Besar, Kampung Permatang Tengah, 11000 Balik Pulau, Pulau Pinang, Malaysia",Balik Pulau,7559111613
100.3327066,5.4207851,Qi Gong Rehabilitation Center,rehabilitation,,"2, Jalan Pinhorn, Jelutong, 11600 George Town, Penang, Malaysia",George Town,6601382197
103.7487899,1.574268,Poliklinik A2,clinic,,"15, Jln Setia 4/12, Taman Setia Indah, 81100 Johor Bahru, Johor Darul Ta'zim, Malaysia",Johor Bahru,11637259216
101.6788769,3.0522234,Tiny Tots Children Specialist Clinic,clinic,,"C-3A-G, Jalil Link, 2, Jalan Jalil Perkasa 1, Bukit Jalil, 57000 Kuala Lumpur, Wilayah Persekutuan Kuala Lumpur, Malaysia",Kuala Lumpur,7314365877
101.7225254,3.2459066,Klinik Kesihatan Batu 8,clinic,,"Jln Gombak, Batu 8, 53100 Kuala Lumpur, Selangor, Malaysia",Kuala Lumpur,11637617017
101.7404045,3.1003243,Klinik Mediunity,clinic,,"14, Jalan 5/101c, Taman Cheras, 56100 Kuala Lumpur, Wilayah Persekutuan Kuala Lumpur, Malaysia",Kuala Lumpur,12319911122
115.5371597,5.0239174,Klinik SFI,clinic,,"Medical Department Sabah Forest Industries, Sipitang, Sipitang, 89850 Sipitang, Sabah, Malaysia",Sipitang,5047913146
118.0553571,5.8919485,Klinik Butiza,clinic,,"Klinik Butiza, Lot 10 Sejati Corporation Garden, Mile 7, 90000 Sandakan, Sabah, Malaysia",Sandakan,11576070381
102.3503474,3.4836215,Watsons,pharmacy,,"No. 5 & 7 Ground Floor, Jalan Bunga Tanjung, Kampung Catin, 28400 Mentakab, Pahang, Malaysia",Mentakab,9007228741
102.3496276,3.4833106,Farmasi Alpro,pharmacy,,"80, Jln Melati, Kampung Catin, 28400 Mentakab, Pahang, Malaysia",Mentakab,9007228735
102.3500774,3.9683069,Klink Desa Teh,clinic,,"Kampung Teh, 27000 Jerantut, Pahang, Malaysia",Jerantut,9710681119
102.2689439,4.0739377,Klinik Kesihatan Mela,clinic,,"Mela Kuala Lipis, 27020 Kuala Lipis, Pahang, Malaysia",Kuala Lipis,9710681073
103.4146017,4.7516792,Blood Transfusion Unit,clinic,,"84GX+FX, Jalan Sultan Mahmud, 20400 Kuala Terengganu, Terengganu, Malaysia",Kuala Terengganu,10260903259
103.4147037,4.7520533,Emergency,hospital,,"LOT 5062, 5063 & 5064, Jalan Baru Pak Sabah, 23000 Kuala Dungun, Terengganu, Malaysia",Kuala Dungun,10260903258
103.4143587,4.7517644,Dentistry,dentist,,"Lot PT 14153, Sura Gate, Commercial Center, Jalan Sura Jeti, Bandar Dungun, 23000 Kuala Dungun, Terengganu, Malaysia",Kuala Dungun,10260903257
103.4141847,4.7518155,Cssd,hospital,,"1000 5 Ave SW, Calgary, AB T2P 4V1, Kanada",Calgary,10260903254
103.4134491,4.7520003,Infection Control Unit,clinic,,,,10260903253
103.4144244,4.7519259,Pulmonologist,clinic,,"8725 Co Rd 64, Daphne, AL 36526, Amerika Syarikat",Daphne,10260903252
103.4140031,4.7518837,Dietetic Unit,clinic,,"Cnr Kruis & Botha Street, Potchefstroom, 2531, Afrika Selatan",Potchefstroom,10260903249
103.414463,4.7517288,X-Ray Unit,clinic,,"Lot 4940, Jalan Besar, Jalan Teluk Lipat, Kampung Teluk Lipat, 23000 Kuala Dungun, Terengganu, Malaysia",Kuala Dungun,10260903248
103.4142626,4.7517871,Operation Theatre,hospital,,"9a St Thomas St, London SE1 9RY, United Kingdom",Greater London,10260903247
103.4135694,4.7519714,JKKP Unit,hospital,,"Wisma PERKESO, Jalan Air Jernih, 20538 Kuala Terengganu, Terengganu, Malaysia",Kuala Terengganu,10260903246
103.4145751,4.7516156,Pathology Unit,clinic,,"Tingkat 1, Lot 50058, Jalan Kemaman - Dungun, 24300 Kerteh, Terengganu, Malaysia",Kerteh,10260903242
103.4147273,4.7523808,Ward 4 (Paediatric Clinic),hospital,,,,10260903240
114.0392565,4.4518327,Klinik Pergigian Dr. Ho,dentist,,"Lot.7185,1st floor, Pusat Bandar Baru Shophouses phs 2, Bandar Baru Permyjaya, 98000 Miri, Sarawak, Malaysia",Miri,11540361122
103.0917858,5.3455271,Farmasi Lautan Batu Enam,clinic,,"Lot 9005-K, No. 6, Tingkat Bawah Pekan Batu Enam, Kampung Batu Enam, 21200 Kuala Terengganu, Terengganu, Malaysia",Kuala Terengganu,10875481216
103.0913879,5.347212,Klinik Aishah & Akma,clinic,,"No. 27, Rumah Kedai Sedc, Batu 8, Jalan Kelantan, Kampung Batu Enam, 21200 Kuala Terengganu, Terengganu, Malaysia",Kuala Terengganu,7172102363
103.0920306,5.346956,Klinik Adnin,clinic,,"Jalan Kelantan, Kampung Batu Enam, 21200 Kuala Terengganu, Terengganu, Malaysia",Kuala Terengganu,6964119091
112.3252299,2.5228734,Pokiong Pharmacy (Selangau),pharmacy,,"Lot 335, Block 15 Gigis Land District 21, Lorong Belian 2A, Jalan Belian Selangau, Pekan Selangau, 96010 Sibu, Sarawak, Malaysia",Sibu,12324800496
101.6477263,3.0873725,"Klinik Catterall, Khoo & Raja Malek",clinic,,"47, Jln Othman, Pjs 3, 46000 Petaling Jaya, Selangor, Malaysia",Petaling Jaya,4708991407
103.1456504,5.3290168,Primer Cherang Clinic Kuala Terengganu,clinic,general,"3658 GF, Jalan Sultan Sulaiman, KG LADANG PASAR, 20000 Kuala Terengganu, Terengganu, Malaysia",Kuala Terengganu,10926265151
103.1486338,5.3262535,Pusat Kesihatan Mental Masyarakat,clinic,,"84GX+FX, Jalan Sultan Mahmud, 20400 Kuala Terengganu, Terengganu, Malaysia",Kuala Terengganu,5701136575
103.1545803,5.3143865,Pusat Rehabilitasi PERKESO,physiotherapist,,"Kampung Batu Buruk, 20400 Kuala Terengganu, Terengganu, Malaysia",Kuala Terengganu,10651791464
101.6472345,3.0867512,AA Pharmacy,pharmacy,,"No. 106 (Ground Floor, Jln Othman, Pjs 4, 46000 Petaling Jaya, Selangor, Malaysia",Petaling Jaya,6215277909
101.6478935,3.0866027,Klinik Pakar Wanita Joyce Thum,maternity,,"77, Jalan 1/12, Pj Old Town, 46000 Petaling Jaya, Selangor, Malaysia",Petaling Jaya,1538367075
101.6472946,3.086702,Klinik Pergigian Loh,dentist,,"2nd Floor, No. 106B, Jln Othman, Pj Old Town, 46000 Petaling Jaya, Selangor, Malaysia",Petaling Jaya,4708695011
101.6715572,3.1327093,The Lasus Clinic,clinic,plastic_surgery,"No 46 Ground Floor, Jalan Telawi 5, Bangsar, 59100 Kuala Lumpur, Wilayah Persekutuan Kuala Lumpur, Malaysia",Kuala Lumpur,8335670016
100.3327076,5.4203881,Pure Pharmacy SDN. BHD.,pharmacy,,"88, Jln Penang, George Town, 10000 George Town, Pulau Pinang, Malaysia",George Town,6417815387
110.3065937,1.5103461,Pines Square Dental Clinic,dentist,dental_oral_maxillo_facial_surgery,"Ground Floor, Lot 6891, Block 225, Kuching North Land District at Lrg Pines Square, 2A4, Jalan Batu Kawa, New Township, 93250 Kuching, Sarawak, Malaysia",Kuching,11630274935
110.3065937,1.5103461,Pines Square Dental Clinic,dentist,dentistry,"Ground Floor, Lot 6891, Block 225, Kuching North Land District at Lrg Pines Square, 2A4, Jalan Batu Kawa, New Township, 93250 Kuching, Sarawak, Malaysia",Kuching,11630274935
100.3704039,6.1236119,Klinik Pergigian Yeo & Goh,dentist,,"Jalan Sultan Badlishah, Bandar Alor Setar, 05000 Alor Setar, Kedah, Malaysia",Alor Setar,6054521460
103.7641862,1.4634241,Caring,pharmacy,,"Lot 218, 2nd Floor, Komtar, City Centre, 80000 Johor Bahru, Johor Darul Ta'zim, Malaysia",Johor Bahru,5575086821
102.0551779,4.0155515,Klinik Desa Tanjung Besar,clinic,,"Tanjung Besar Tanjung Besar, Kampung Olak Batang, 27310 Benta, Pahang, Malaysia",Benta,9621355552
102.3605978,3.9365457,Watsons,pharmacy,,"Lot S19 & S20, Ground floor, Jalan Benom, Bandar Baru, 27000 Jerantut, Pahang, Malaysia",Jerantut,4871292322
103.1230704,5.314692,Farmasi Big,pharmacy,,"5 (PT785)Tingkat Bawah & Satu Pusat Komersial, Jalan Masjid Hiliran, Kampung Hiliran, 21000 Kuala Terengganu, Terengganu, Malaysia",Kuala Terengganu,9935173000
103.1161711,5.3169396,Klinik Desa Losong,clinic,,"Kampung Losong Ebeng, 21000 Kuala Terengganu, Terengganu, Malaysia",Kuala Terengganu,9494289641
113.9817721,4.3519074,Miri Caring Confinement Centre,birthing_centre,,"7987, EcoPark Condo, 98000 Miri, Sarawak, Malaysia",Miri,12186513314
101.7804587,2.9651288,Eureka Homecare & Rehab Supplies,rehabilitation,,"No 10, Jalan 4/11, Seksyen 4 Tambahan Bandar Baru Bangi, 43650 Bandar Baru Bangi, Selangor, Malaysia",Bandar Baru Bangi,12128822552
101.5613027,3.2115015,Poliklinik TL,doctor,,"38, Jalan BRP 1/2, Bukit Rahman Putra, 47000 Shah Alam, Selangor, Malaysia",Shah Alam,1227111300
101.5623971,3.2099911,Klinik Bandar Baru,doctor,,"2A, Jalan BRP 1/6, Bukit Rahman Putra, 47000 Sungai Buloh, Selangor, Malaysia",Sungai Buloh,1227111297
103.0920212,5.3469068,Klinik Pergigian Norisah,dentist,,"No. 11 Bangunan SEDC Pekan, Kampung Batu Enam, 21200 Kuala Terengganu, Terengganu, Malaysia",Kuala Terengganu,6440421729
101.6001622,3.103762,Caring Pharmacy,pharmacy,,"Lot LG 45, LG Floor, Paradigm Mall No. 1, Jalan SS7/26A, Ss 7, 47301 Petaling Jaya, Selangor, Malaysia",Petaling Jaya,4715487352
101.6000951,3.1059286,AA Pharmacy - Kelana Jaya,pharmacy,,"22-1, Jalan SS 6/3, Ss 6, 47301 Petaling Jaya, Selangor, Malaysia",Petaling Jaya,11454809428
103.419428,4.7563599,Dr. Fatma,clinic,,"PT 18092, Ground Floor, Kompleks Perniagaan, Jalan Sura Gate, Kampung Sura Gate, 23000 Kuala Dungun, Terengganu, Malaysia",Kuala Dungun,8892103089
100.5745409,5.3920423,Emergency,hospital,,"74, Jln KLC 3, Kulim Landmark Central, 09000 Kulim, Kedah, Malaysia",Kulim,8292997228
101.7404486,3.1005134,One Chiro Health & Wellness,alternative,chiropractic,"18, Jalan 5/101c, Cheras Business Centre, Taman Cheras, Cheras, 56100 Kuala Lumpur, Wilayah Persekutuan Kuala Lumpur, Malaysia",Kuala Lumpur,11968724692
101.6984209,3.1518333,Metrodental,dentist,,"Kuchai Lama, 24G, Jln 1/116B, Sri Desa Entrepreneur Park, 58200 Kuala Lumpur, Wilayah Persekutuan Kuala Lumpur, Malaysia",Kuala Lumpur,12754100945
118.3288005,5.0229635,Klinik Ung,clinic,,"Lot 847, Ground Floor, Jalan Teratai, Bandar Lahad Datu, 91100 Lahad Datu, Sabah, Malaysia",Lahad Datu,12254151400
100.275817,5.3346505,Clinic Bistari,clinic,,"825-A, Jln Paya Terubung, Relau, 11900 Bayan Lepas, Pulau Pinang, Malaysia",Bayan Lepas,4678825589
100.2762998,5.3336918,Clinic Bersatu,clinic,,"2-G-13, One World, Tingkat Mahsuri 3, Bayan Baru, 11950 Bayan Lepas, Pulau Pinang, Malaysia",Bayan Lepas,4678825289
101.6982055,3.1516898,Klinik Metromedic,clinic,,"Wisma Paradise, 63-1, Jln Ampang, Kuala Lumpur, 50450 Kuala Lumpur, Wilayah Persekutuan Kuala Lumpur, Malaysia",Kuala Lumpur,12754100943
101.6980948,3.151566,Klinik Chong,clinic,,"55, 2nd Floor, Bangunan Eng Choon, Jalan Ampang Ampang, Kuala Lumpur, 50450 Kuala Lumpur, Wilayah Persekutuan Kuala Lumpur, Malaysia",Kuala Lumpur,10983338332
113.9945908,4.3979063,Klinik Kong,clinic,,"No. 1060, Ground Floor, Jalan Bintang Jaya 1, Bintang Jaya, 98000 Miri, SarawakNo. 1060, Ground Floor, Jalan Bintang Jaya 1, 98000, Bintang Jaya, Miri, Sarawak, Bintang Jaya, 98000 Miri, Sarawak, Malaysia",Miri,11622228674
100.4062861,6.1517112,Pusat Dialisis Marjina Sdn. Bhd.,doctor,,"No. 30, 31, Jln Langgar, Taman Vistana Indah, 06500 Alor Setar, Kedah, Malaysia",Alor Setar,3839261961
103.0959556,5.3577925,Klinik Medicare An-Nuur,clinic,,"Lot PT 35447, Jalan Austin2, Dataran Austin,, Kampung Banggul Tiang Kulat, 21200 Kuala Terengganu, Terengganu, Malaysia",Kuala Terengganu,4372884891
100.3708912,6.1237322,Klinik Lee,clinic,,"No. 909, Jalan Sultan Badlishah, Bandar Alor Setar, 05000 Alor Setar, Kedah, Malaysia",Alor Setar,6054521466
100.3710093,6.1236882,Klinik Pergigian Low,dentist,,"920, Tingkat 1, Jalan Sultan Badlishah, Bandar Alor Setar, 05000 Alor Setar, Kedah, Malaysia",Alor Setar,6054521465
101.5480511,3.1777412,Klinik Bestari,clinic,,"70, Jalan Nova U5/N, TAMAN SUBANG BESTARI, 40150 Shah Alam, Selangor, Malaysia",Shah Alam,12750764506
101.5477312,3.1787253,Klinik Pergigian Ezhany,dentist,,"No 21A, Jln U19/1, Taman Seri Buloh, 40160 Sungai Buloh, Selangor, Malaysia",Sungai Buloh,12750764501
114.0081348,4.3680324,Bypass Pharmacy,pharmacy,,"Ground Floor, Lot 9540 Block 1, Lambir Land District, 98000 Miri, Sarawak, Malaysia",Miri,11507724186
113.9865113,4.3910414,CL Su Pharmacy Sdn Bhd,pharmacy,,"20, Jalan Cina, 98000 Miri, Sarawak, Malaysia",Miri,12214109412
113.9873311,4.3926432,Farmasi KH Wong,pharmacy,,"28, Jalan High Street, 98000 Miri, Sarawak, Malaysia",Miri,11809897272
114.0114321,4.4169837,Surgeri Pergigian Dr Hu,dentist,,"1st Floor, Lot 2502, Jalan Boulevard 3, Boulevard Commercial Centre, 98000 Miri, Sarawak, Malaysia",Miri,12060670753
114.0108571,4.4158423,Family Pharmacy,pharmacy,,"2524 Boulevard Commercial Centre, Jalan Persiaran Boulevard 2a/1. MCLD, Boulevard Commercial Centre, 98000 Miri, Sarawak, Malaysia",Miri,11769029509
113.993482,4.3440843,PMG Pharmacy,pharmacy,,"Lot 3023, Ground Floor, Block 1 LLD, Jln Morsjaya 7, Commercial Centre, 98000 Miri, Sarawak, Malaysia",Miri,11518085571
113.9866103,4.3912656,Medichem Pharmacy,pharmacy,,"No.5, China Street, 98000, Miri, Sarawak, 98000 Miri, Sarawak, Malaysia",Miri,12080266120
114.0108414,4.4158934,Ping An Tang TCM Health Centre,alternative,traditional_chinese_medicine,"Boulevard Commercial Centre, 98000 Miri, Sarawak, Malaysia",Miri,12253315001
114.0115926,4.4162507,Kuok Ding Medical & Acupuncture,alternative,traditional_chinese_medicine,"Lot 2452 Ground Floor, Block 5, Jalan Miri Pujut, Boulevard Commercial Centre, 98000 Miri, Sarawak, Malaysia",Miri,11807179884
100.3398523,6.0958773,Klinik Dr Fauzi (Cawangan Kuala Kedah),clinic,,"7 Taman Kekwa, Jalan Kuala Kedah, Kampung Teluk Chengai, 06600 Kuala Kedah, Kedah, Malaysia",Kuala Kedah,8280407909
101.6537694,3.1502858,Chiropractic Specialty Center,alternative,chiropractic,"Plaza Damansara, 71, Jalan Medan Setia 1, Bukit Damansara, 50490 Kuala Lumpur, Wilayah Persekutuan Kuala Lumpur, Malaysia",Kuala Lumpur,7513049925
101.6536873,3.1503125,Caring Pharmacy,pharmacy,,"Lot No. 1.49.00 (Level 1), Pavilion Damansara Heights, 3, Jalan Damanlela, Pusat Bandar Damansara, 50490 Kuala Lumpur, Wilayah Persekutuan Kuala Lumpur, Malaysia",Kuala Lumpur,7513049924
101.7025683,3.1457339,Wong Eye Specialist Clinic,doctor,ophthalmology,"No. 70, 2nd Floor, Bangunan Chong Keat, Jalan Pudu, 55100 Kuala Lumpur, Bukit Bintang, 55100 Kuala Lumpur, Federal Territory of Kuala Lumpur, Malaysia",Kuala Lumpur,7249874088
103.2851003,3.7841496,Farmasi Cenderawasih Sdn Bhd,dentist,,"A59, Pusat Komersial Batu 3,Jalan Sg. Isap, Kuantan, 25150, Kuantan, Pahang, Perumahan Sungai Isap Satu, 25150 Kuantan, Pahang, Malaysia",Kuantan,11142960409
101.7803504,2.9651294,AA Pharmacy,pharmacy,,"6, Jalan 4/11, Sek 4, Bandar Baru Bangi, Seksyen 4 Tambahan Bandar Baru Bangi, 43650 Bangi, Selangor, Malaysia",Bandar Baru Bangi,12128822554
101.7802105,2.9651326,Eureka Pharmacy,pharmacy,,"Jalan 4/11, Seksyen 4 Tambahan Bandar Baru Bangi, 43650 Bandar Baru Bangi, Selangor, Malaysia",Bandar Baru Bangi,12110095646
101.7812506,2.9651103,Poliklinik al-Haj,clinic,general,"34, Jalan 4/11, Seksyen 4 Tambahan Bandar Baru Bangi, 43650 Bandar Baru Bangi, Selangor, Malaysia",Bandar Baru Bangi,12110095635
101.7812506,2.9651103,Poliklinik al-Haj,clinic,vaccination,"34, Jalan 4/11, Seksyen 4 Tambahan Bandar Baru Bangi, 43650 Bandar Baru Bangi, Selangor, Malaysia",Bandar Baru Bangi,12110095635
101.7795757,2.9651593,Klinik Sofea,clinic,,"5, Jalan 4/12, Seksyen 4 Tambahan Bandar Baru Bangi, 43650 Bandar Baru Bangi, Selangor, Malaysia",Bandar Baru Bangi,12128822557
101.7805821,2.9651267,Klinik Ummi Salihah,clinic,,"14, Jalan 4/11, Seksyen 4 Tambahan Bandar Baru Bangi, 43650 Bandar Baru Bangi, Selangor, Malaysia",Bandar Baru Bangi,12128822550
101.7814416,2.9651029,Dental Suite,dentist,,"No 40, Jalan 4/11, Seksyen 4, Bandar Baru Bangi, 43650 Kajang, Selangor, Malaysia",Bandar Baru Bangi,12110095633
101.7415198,3.1358652,BIG Pharmacy,pharmacy,,"No. 1 & 3, Ground Floor, Jalan Pandan 3/5, Pandan Jaya, 55100 Kuala Lumpur, Wilayah Persekutuan Kuala Lumpur, Malaysia",Kuala Lumpur,1800495759
115.0062055,4.7578096,New Ocean Facial Treatment And Health Theraphy,physiotherapist,,"1371, Jalan Buangsiol, Pekan Limbang, 98700 Limbang, Sarawak, Malaysia",Limbang,11609731147
101.7394393,3.1346125,Klinik Alfa,clinic,,"3, Ground Floor, Jalan Pandan 2/2, Pandan Jaya, 55100 Kuala Lumpur, Wilayah Persekutuan Kuala Lumpur, Malaysia",Kuala Lumpur,11499691569
100.2810892,5.3265659,jn dental surgery,dentist,,"70-1-24, D'piazza Mall, 64, Jalan Mahsuri, Bayan Baru, 11950 Bayan Lepas, Penang, Malaysia",Bayan Lepas,6534625285
101.5459774,3.1771722,HealthHouz,pharmacy,,"Jalan Nova U5/N, Subang Bestari, 40150 Shah Alam, Selangor, Malaysia",Shah Alam,12749462574
113.9869422,4.3917852,Dr. Peter Yie Siew Kee Dental Surgeon,dentist,,"17, Jalan Raja, 98000 Miri, Sarawak, Malaysia",Miri,11709030944
101.4503448,3.2329952,Big Pharmacy,pharmacy,,"Eco Grandeur, Jln. Eco Grandeur 1/9A, 42300 Puncak Alam, Selangor, Malaysia",Puncak Alam,11446001801
101.4485307,3.2401595,U.N.I. Klinik,clinic,,"73-G, Jalan Ppaj 3/1, Pusat Perdagangan Alam Jaya, 42300 Puncak Alam, Selangor, Malaysia",Puncak Alam,11262051530
101.4511526,3.2316899,Klinik Oasis,clinic,,"Eco Grandeur, 40-G, Jln. Eco Grandeur 1/9A, 42300 Puncak Alam, Selangor, Malaysia",Bandar Puncak Alam,9892182996
101.7028657,3.1721753,"Radioterapi, Onkologi & Perubatan Nuklear",hospital,oncology,"Hospital Kuala Lumpur, 50586 Kuala Lumpur, Federal Territory of Kuala Lumpur, Malaysia",Kuala Lumpur,6092249096
101.6781947,3.1995905,Klinik Dr Shashikala,clinic,general,"763, Batu 4 1, 2, Jln Ipoh, Taman Impian, 51200 Kuala Lumpur, Federal Territory of Kuala Lumpur, Malaysia",Kuala Lumpur,9404743865
101.9124202,2.6982464,BP Diagnostik,clinic,,"26, Jalan S2 B17, Biz Avenue Seremban 2, 70300 Seremban, Negeri Sembilan, Malaysia",Seremban,4955399901
110.354895,1.5219297,Caring Pharmacy,pharmacy,,"Ground Floor, No.12 & 13, Lot 12174 Block 16, Kuching Central Land District, Song Plaza, Jalan Song, 93350 Kuching, Sarawak, Malaysia",Kuching,12189397379
110.3721014,1.5518284,Guardian,pharmacy,,"Lot 1, Section 21, KTLD, Jalan Tun Abang Haji Openg, 93586 Kuching, Sarawak, Malaysia",Kuching,12189255015
114.0094681,4.3642301,Jong Integrated Traditional Chinese Medicine & Acupuncture Center,alternative,traditional_chinese_medicine,"Jalan Miri By Pass, 98000 Miri, Sarawak, Malaysia",Miri,11507612859
101.5938151,3.1513117,AA Pharmacy Kota Damansara,pharmacy,,"39, Jalan PJU 5/10, Kota Damansara, 47810 Petaling Jaya, Selangor, Malaysia",Petaling Jaya,7521777903
110.2518369,1.5542552,PMG Pharmacy (Malihah),pharmacy,,"Ground Floor Sublot 14, 45 & 46, Block 8, Jalan Belatok Matang Land District, 93050 Kuching, Sarawak, Malaysia",Kuching,12331262180
103.1161876,5.3754248,Kliniki Seberang Takir,clinic,,"KLINIK AHLAN NO. 11148-C (TINGKAT BAWAH & TINGKAT ATAS), & NO. 11148-D (TINGKAT BAWAH, Kampung Teluk Ketapang, 21300 Kuala Terengganu, Terengganu, Malaysia",Kuala Terengganu,2861417529
101.5119129,3.1622804,Sunway Multicare Pharmacy,pharmacy,,"19-1, Jln Elektron D U16/D, Denai Alam, 40160 Shah Alam, Selangor, Malaysia",Shah Alam,11606719019
100.3961534,6.1199221,Poliklinik Dr.Azhar Dan Rakan-Rakan,clinic,,"No. 5B, Jalan Datuk Kumbar, Km5, Pusat Perniagaan Tajar Jaya, Kampung Balek Hutan, 05300 Alor Setar, Kedah, Malaysia",Alor Setar,3812778000
103.205852,5.204592,Klinik Kesihatan Marang,clinic,general,"21600 Marang, Terengganu, Malaysia",Marang,5779607416
101.5119309,3.1611161,Farmasi Zain,pharmacy,,"3471-1B, Jalan Bukit Badak, Kampung Melayu Subang, 40100 Shah Alam, Selangor, Malaysia",Shah Alam,11606719024
103.5993501,1.6621506,Klinik Adham,clinic,,"PTD 1334 & 1335, Jalan Lengkongan, Taman Kulai, 81000 Kulai, Johor Darul Ta'zim, Malaysia",Kulai,4252272023
102.3077456,2.2031714,Klinik Komuniti Duyung,clinic,,"no 12, 2a, Jalan SD Utama, Taman Seri Duyong 2, 75460 Ayer Molek, Melaka, Malaysia",Ayer Molek,8261093095
114.0075846,4.4690694,Klinik Harmoni,clinic,occupational_medicine,"Kampung Tulang, 98000, Sarawak, Malaysia",Lutong,12046166260
114.0075846,4.4690694,Klinik Harmoni,clinic,general,"Kampung Tulang, 98000, Sarawak, Malaysia",Lutong,12046166260
114.0002712,4.4059715,London Fertility Clinic,clinic,fertility,"Lot 512, 1st floor, Pelita Commercial Centre, 98000 Miri, Sarawak, Malaysia",Miri,11559703197
102.2929394,6.170867,Klinik Zahiah,clinic,,"8 Brigade Army Camp, 16100 Kota Bharu, Kelantan, Malaysia",Kota Bharu,9014682323
102.5654298,5.8253129,Klinik Dr Anita,clinic,general,"22200 Kampung Raja, Terengganu, Malaysia",Kampung Raja,8245086421
101.4735171,3.2828924,Klinik Tasik Puteri,clinic,,"94-G, JALAN 7A/2, MEDAN PUTERI, 2, Bandar Tasik Puteri, 48020 Rawang, Selangor, Malaysia",Rawang,11593945584
101.6927978,2.8269227,Klinik Pergigian Madihah,dentist,,"37-2, Jalan Arena, Arena Warisan Puteri, 43900 Sepang, Selangor, Malaysia",Sepang,12738893685
110.3087272,1.5131439,Watsons,pharmacy,,"Lot D1-G-29 (D), Ground Floor, Batu Kawah New Township, Batu Kawah Road, Bandar Baru Batu Kawa, 93100 Kuching, Sarawak, Malaysia",Kuching,12191943635
110.3073392,1.5126988,Klinik Kota Raya Batu Kawa,clinic,,"ch 103, Bandar Baru Batu Kawa, 93250 Kuching, Sarawak, Malaysia",Kuching,12191937051
110.3072621,1.5126742,Klinik Pergigian Grace Chieng,dentist,,"Grace Chieng Dental Clinic CH206, No. 2633-2-4, Lot 2633, New Township, Parcel, Block 217, Jalan Batu Kawa, Bandar Baru Batu Kawa, 93250 Kuching, Sarawak, Malaysia",Kuching,12191937049
110.3068585,1.5125294,Wira Pharmacy,pharmacy,,"GF, Lot 107, Jalan Batu Kawa, Bandar Baru Batu Kawa, 93250 Kuching, Sarawak, Malaysia",Kuching,12191919959
101.6965108,3.1445483,Tuck Heng,alternative,traditional_chinese_medicine,"133, Jalan Tun H S Lee, City Centre, 50000 Kuala Lumpur, Wilayah Persekutuan Kuala Lumpur, Malaysia",Kuala Lumpur,10941916428
100.9819377,3.7675064,Appu Clinic,clinic,,"Jalan Menteri, Pekan Sabak Bernam, 45200 Sabak, Selangor, Malaysia",Sabak,6160895485
114.0002167,4.406017,PMG Medical Clinic,clinic,general,"G/F, LOT 512, BLOCK 7, MIRI CONCESSION LAND DISTRICT, Jalan Pelita Utama, Pelita Commercial Centre, 98000 Miri, Sarawak, Malaysia",Miri,11559703196
101.653142,3.1490442,Klinik Unimed Plaza Damansara,clinic,,"PL-01, BLOCK A, Plaza Damansara, 45, Jalan Medan Setia 1, Bukit Damansara, 50490 Kuala Lumpur, Wilayah Persekutuan Kuala Lumpur, Malaysia",Kuala Lumpur,7513290690
101.5269519,3.3281355,SP Care,clinic,,"25, Jalan Desa 1/1, Bandar Country Homes, 48000 Rawang, Selangor, Malaysia",Rawang,8242256925
110.3321356,1.5535838,Watsons,pharmacy,,"Lot 465 & 466 Ground Floor, Al-Idrus Commercial Centre, Jalan Satok, 93400 Kuching, Sarawak, Malaysia",Kuching,2449072156
102.0056005,5.8553093,Klinik Kemahang,clinic,,"D/a Klinik Kesihatan Kemahang Tanah Merah, 17510 Tanah Merah, Kelantan, Malaysia",Tanah Merah,1795197659
115.2766579,4.786517,Klinik Kesihatan Trusan,clinic,,"Lawas, Merapok-Mengkalap Road (Pan Borneo Highway), 98850 Lawas, Sarawak, Malaysia",Lawas,3457428421
116.0466096,5.8987729,Klinik Kesihatan Putatan,clinic,,"D/A Penampang Lot 13A-2, Pusat Dagangan Donggongan Penampang, Jln Pasir Putih, Bandar Putatan, 88200 Putatan, Sabah, Malaysia",Putatan,6028912085
116.0721217,5.9569188,Jabatan Kecemasan QEH,hospital,,"13a, Jalan Penampang, 88200 Kota Kinabalu, Sabah, Malaysia",Kota Kinabalu,2476436164
116.0575328,5.9535522,Bro's Coffee & Tea Tanjung Aru,pharmacy,,"Sunny supermarket, Tanjung Aru, 88100 Kota Kinabalu, Sabah, Malaysia",Kota Kinabalu,2476382604
101.709983,3.1455687,Guardian,pharmacy,,"LOT NO 89 & 91, Jln Bukit Bintang, Bukit Bintang, 55100 Kuala Lumpur, Wilayah Persekutuan Kuala Lumpur, Malaysia",Kuala Lumpur,7425652898
101.9708266,2.7368615,Klinik Dayang,clinic,,"13, Jalan Kayu Manis 3, KM5, Jalan Seremban Jelebu, Taman Kayu Manis, 70400 Sikamat, Negeri Sembilan, Malaysia",Seremban,7500976903
114.006775,4.4736,Marina Pharmacy,pharmacy,,"Lot 2051, Marina Square, Phase 1, 98000 Miri, Sarawak, Malaysia",Lutong,12248042833
101.7215957,3.2026914,Homeopathy & Akupuntur Dr Nik Omar,clinic,,"No 12-1, Jalan 2/23A, Off, Jalan Genting Kelang, Taman Danau Kota, 53300 Kuala Lumpur, Wilayah Persekutuan Kuala Lumpur, Malaysia",Kuala Lumpur,7315487396
101.7121474,3.1471394,Caring Pharmacy,pharmacy,,"Lot 0.2A, Ground Floor, 101, Jln Bukit Bintang, Bukit Bintang, 55100 Wilayah Persekutuan, Wilayah Persekutuan Kuala Lumpur, Malaysia",Wilayah Persekutuan,10972402518
102.4488831,5.743227,Pusat Rawatan Dialisis Islah Cawangan Jerteh,doctor,,"PT 4538, Kampung Padang Landak, 22000 Jerteh, Terengganu, Malaysia",Jerteh,8954652936
102.6749477,5.6294985,Klinik Desa Bintang,clinic,,"Jalan Kota Bharu Bandar Permaisuri, Kampung Alur Serdang, 22030 Permaisuri, Terengganu, Malaysia",Permaisuri,6069885369
102.7070287,5.5856242,Klinik 1Malaysia,clinic,,"Jalan Tengku Embong Fatimah, 20200 Kuala Terengganu, Terengganu, Malaysia",Kuala Terengganu,6063745210
103.8990035,1.4083592,Etern Medical Clinic (Punggol Sumang LRT),clinic,,"308C Punggol Walk, #01-302 Waterway Terraces I, Singapura 823308",Singapore,10002004732
101.6979061,3.1511002,Qualitas Health,clinic,,"1st Floor, Qualitas Health, 39, Jln Ampang, Kuala Lumpur, 50450 Kuala Lumpur, Wilayah Persekutuan Kuala Lumpur, Malaysia",Kuala Lumpur,11575445872
102.4942768,5.7364532,Klinik Hasbullah,clinic,,"No 14, Taman, Kampung Tanduk, 22000 Jerteh, Terengganu, Malaysia",Jerteh,4595828690
102.4942124,5.7379758,Klinik Bharu Jerteh,clinic,,"Mdb 60-C, Jalan Besar, Terengganu, Kampung Tanduk, 22000 Jerteh, Terengganu, Malaysia",Jerteh,4465660889
102.2732583,5.3802383,Khazaai family,clinic,,"97JC+8Q, 18000 Kuala Krai, Kelantan, Malaysia",Kuala Krai,4281792994
100.3033127,5.3408693,I-Care Poliklinik Dewasa & Kanak-Kanak,clinic,,"5, Jalan Pantai Jerjak 13, Taman Pantai Jerjak, 11700 Gelugor, Pulau Pinang, Malaysia",Gelugor,9134431958
100.2997571,5.3526865,Green River Pharmacy,pharmacy,,"No 4, Ground Floor, Desa University Commercial Complex, Jalan Sungai Dua, Sungai Dua, 11700 Gelugor, Penang, Malaysia",Gelugor,2158621831
100.4444074,5.3590747,Yin Onn人安,pharmacy,,"184, Jalan Tembikai, TAMAN PADANG LALLANG, 14000 Bukit Mertajam, Pulau Pinang, Malaysia",Bukit Mertajam,5258285459
102.4038493,5.8346709,klinik Dr. Hadi,clinic,,"Pasir Puteh, 16800 Pasir Puteh, Kelantan, Malaysia",Pasir Puteh,4509740590
102.481423,5.7402403,Farmasi Ammar Medicare,pharmacy,,"Lot 3307 Tingkat Bawah Wisma R&R, Jalan Kota Bharu-Kuala Terengganu, Seberang Jerteh, 22000 Jerteh, Terengganu, Malaysia",Jerteh,8920281903
100.5370872,5.4401799,Klinik Lunas,pharmacy,,"271, Jalan Permai 2, Taman Desa Permai, 09600 Lunas, Kedah, Malaysia",Lunas,3592093438
100.5280647,5.9639503,Klinik Desa Padang Pusing,clinic,,"Kampung Padang Pusing Whatt, 06700 Pendang, Kedah, Malaysia",Pendang,6169637968
100.5044842,5.6626308,Klinik Dr Husna,clinic,,"96A, Lorong 4, Taman Ria, 08000 Sungai Petani, Kedah, Malaysia",Sungai Petani,4340286990
100.5034448,5.6158453,Klinic Dr Azhar,clinic,,"357, Lorong Angsana 1, Taman Keladi, 08000 Sungai Petani, Kedah, Malaysia",Sungai Petani,6329097573
100.5220954,5.6584334,Klinik Seraya,clinic,,"B92, Taman Perindustrian Tandop Utama, Jalan Tandop, 5, Lebuhraya Sultanah Bahiyah, Kawasan Perusahaan Tandop Baru, 05050 Alor Setar, Kedah, Malaysia",Alor Setar,6678163202
101.547592,3.1778189,Focus Point,optometrist,,"No.26-1, Ground Floor, Jalan Nova N U5/N Subang Bestari, Seksyen, U5 Shah Alam, 40150 Shah Alam, Selangor, Malaysia",Shah Alam,11951245444
101.6220892,3.0474145,Klinik Genesis,clinic,,"9, Jalan Kenari 9, Bandar Puchong Jaya, 47170 Puchong, Selangor, Malaysia",Puchong,11941292139
101.7202622,3.1613614,Big,pharmacy,,"6 Section 5, Jalan 8/27a, Wangsa Maju, 53300 Kuala Lumpur, Wilayah Persekutuan Kuala Lumpur, Malaysia",Kuala Lumpur,11943598966
101.4894824,3.0667135,Klinik Mediveron,clinic,,"Section, 17, Jalan Pinang B 18/B, Section 18, 40200 Shah Alam, Selangor, Malaysia",Shah Alam,1802410802
117.9079427,4.2518944,Tawau Specialist Medical Centre,hospital,,"Mile 2.5 Tinagat Plaza Jalan Bunga Raya, Off, Jalan Apas, Road, 91000 Tawau, Sabah, Malaysia",Tawau,11940411261
117.8962783,4.251453,Guardian,pharmacy,,"T2@Apas, Jalan Apas, Lot 12, 91000 Tawau, Sabah, Malaysia",Tawau,11940409033
101.7141369,3.1593539,"CARiNG Pharmacy Avenue K, Kuala Lumpur",pharmacy,,"Lot C-8,Concourse Floor, Avenue K, 156, Jln Ampang, 50450 Kuala Lumpur, Federal Territory of Kuala Lumpur, Malaysia",Kuala Lumpur,11941119522
101.6220561,3.0484391,Klinik Krishnasunthari,clinic,,"20, Jalan USJ 8/2a, Usj 8, 47610 Subang Jaya, Selangor, Malaysia",Subang Jaya,11941292115
117.8836921,4.2470925,KMI Tawau Medical Centre,hospital,,"TB 4551, Jalan Abaca, Bandar Tawau, 91000 Tawau, Sabah, Malaysia",Tawau,9971957289
101.5122835,3.1626688,Klinik Mediprima,clinic,,"29G, U16/D, e Boulevard, Jln Elektron U16/88, Denai Alam, 40150 Shah Alam, Selangor, Malaysia",Shah Alam,11949343487
101.5129613,3.1617848,Skyhill Clinic HQ,clinic,,"24, Jalan Elektron F U16/F, Denai Alam, 40160 Shah Alam, Selangor, Malaysia",Shah Alam,11949343485
101.5117206,3.1620113,Farmasi Falah,pharmacy,,"9-1, Jln Elektron U16/D, Denai Alam, 40160 Shah Alam, Selangor, Malaysia",Shah Alam,11949343481
101.5123871,3.162759,Guardian,pharmacy,,"Lot No 33-1, 16/D, Jln Elektron U16/D, Denai Alam, 40170 Shah Alam, Selangor, Malaysia",Shah Alam,11949343479
101.5124315,3.1627955,Health Lane,pharmacy,,"No 23, Gf, Jalan Eserina Y U16/Y, Elmina East, Seksyen, U16 Shah Alam, 40160 Shah Alam, Selangor, Malaysia",Shah Alam,11949343478
101.5140558,3.1639131,Klinik Siti,clinic,,"37, Jalan Utarid U5/11, Mutiara Subang, 40150 Shah Alam, Selangor, Malaysia",Shah Alam,11949343474
100.3828325,6.0227117,Klinik Berjaya,clinic,,"NO 11 (GROUND FLOOR & FIRST FLOOR, Penang Science Park North, Jalan PSPN 4, 14100 Simpang Ampat, Pulau Pinang, Malaysia",Simpang Ampat,3942277507
100.3208378,5.4237566,Pathlab,alternative,laboratory,"Jalan Burma, 10050 George Town, Pulau Pinang, Malaysia",George Town,2995415375
100.4444391,5.3271489,S L Lim Acupuncture and Medical Hall,alternative,,"33, Jalan Bukit Minyak 2, Taman Bukit Minyak Indah, 14000 Bukit Mertajam, Pulau Pinang, Malaysia",Bukit Mertajam,6499833239
100.310196,5.4163457,Trauma & Kecemasan,clinic,,"Jalan Residensi, 10450 George Town, Pulau Pinang, Malaysia",George Town,9485097929
100.319608,5.424551,Klinik Tropika,clinic,,"231 E, Jalan Burma, 10050 George Town, Pulau Pinang, Malaysia",George Town,9717149566
100.3316592,5.4133109,Guardian,pharmacy,,"LOTS LG-13 & LG-14, 182, Jalan Magazine, 10300 George Town, Penang, Malaysia",George Town,11165398453
100.3172753,5.4234078,ampm,pharmacy,,"15, Jln Perak, 10150 George Town, Pulau Pinang, Malaysia",George Town,6605390791
100.7217416,5.5025413,Malau,clinic,,"09020 Kulim, Kedah, Malaysia",Kulim,4317796599
100.9954181,5.7047264,Klinik Kesihatan Pengkalan Hulu,clinic,,"Jalan Tasek, 33100 Pengkalan Hulu, Perak, Malaysia",Pengkalan Hulu,9393876895
100.5537079,5.5098915,Klinik Pergigian,dentist,,"2020, Lorong Ria 9/7, Taman Ria, 09400 Padang Serai, Kedah, Malaysia",Padang Serai,4644802640
100.5545591,5.5121166,Klinik Shan,clinic,,"L. C 19, Jalan Lunas, Kampung Sungai Badak, 09000 Padang Serai, Kedah, Malaysia",Padang Serai,4644802621
100.319332,5.3976629,Poliklinik Khoo,clinic,,"236, Jalan Jelutong, Taman Ara, 11600 George Town, Pulau Pinang, Malaysia",George Town,9106562970
100.3147341,5.3988207,Alpro Pharmacy,pharmacy,,"332H-1, GF, Jalan Perak, Medan Harmony, Taman Desa Green, 11600 Jelutong, Penang, Malaysia",Jelutong,9572823392
102.4949618,5.7376619,Guardian,pharmacy,,"NO. G-244,GROUND FLOOR, Jalan Tuan Hitam, Kampung Tanduk, 22000 Jerteh, Terengganu, Malaysia",Jerteh,4523226398
100.3651848,6.1222521,Venkat Skin Clinic,doctor,,"207, Jln Tunku Abdul Rahman Putra, Bandar Alor Setar, 05100 Alor Setar, Kedah, Malaysia",Alor Setar,4903595063
100.3630471,6.1231855,Bp,doctor,,"No. 30 & 32 (Ground Floor, Jln Tunku Abdul Rahman Putra, Kampung Lubok Peringgi, 05150 Alor Setar, Kedah, Malaysia",Kota Setar,4903595077
102.1872568,6.1459122,Klinik Desa Bunut Sarang Burung,clinic,,"Batu 11 Jalan Federal Tumpat, 757, Jalan Bunut Sarang Burung, 16210 Tumpat, Kelantan, Malaysia",Tumpat,8927820486
102.27916,6.0986473,Renal Link (Kelantan) Sdn Bhd,clinic,,"Jalan KK 5/1, Kubang Kerian, 15200 Kota Bharu, Kelantan, Malaysia",Kota Bharu,4523304489
100.4581646,5.855663,Rama Kelinik,clinic,,"Taman Halaman Damai, 08800 Guar Chempedak, Kedah, Malaysia",Guar Chempedak,3789207263
100.5398582,5.6322022,Klinik Dr Shema,clinic,,"21, Jln Rambai 11, Taman Kota Masai, 81700 Pasir Gudang, Johor, Malaysia",Pasir Gudang,4634904223
100.4597429,5.853947,Klinik Kesihatan Guar Chempedak,clinic,,"Klinik Kesihatan, Guar Chempedak, 08800 Guar Chempedak, Kedah, Malaysia",Guar Chempedak,2589199566
100.4594305,5.8527807,Poliklinik Dr. Azhar dan Rakan-Rakan,clinic,,"Kampung Guar Chempedak, 08300 Guar Chempedak, Kedah, Malaysia",Guar Chempedak,2589199583
100.4635508,5.6290601,Poliklinik Dr Azhar dan Rakan-Rakan,clinic,,"100, Lorong 4, Taman Ria Fasa 2, 08000 Sungai Petani, Kedah, Malaysia",Sungai Petani,5677456792
100.4947156,5.6377324,Poliklinik dan Surgeri Gurnam,doctor,,"307, Jalan Kuala Ketil, Kampung Sungai Tongka, 08000 Sungai Petani, Kedah, Malaysia",Sungai Petani,4294765914
100.4879947,5.6373304,Well Life Pharmacy,pharmacy,,"08000 Sungai Petani, Kedah, Malaysia",Sungai Petani,4295575299
100.5051291,5.9791213,Klinik Desa Gajah Mati,clinic,,"Jln Sungai Tiang, Kampung Charok Kudong, 06700 Pendang, Kedah, Malaysia",Pendang,6172156625
100.4798272,5.626117,Klinic Pakar Perubatan Khoo,clinic,,"109 A, Jalan Pengkalan, Taman Pekan Baru, 08000 Sungai Petani, Kedah, Malaysia",Sungai Petani,6329097549
100.4778952,5.3202636,New York Skin Solutions,clinic,,"2F-25, Second Floor, Sunway Carnival Mall 3068 Jalan Todak Pusat Bandar Seberang Jaya, Seberang Jaya, 13700 Perai, Penang, Malaysia",Perai,7737280869
100.3624453,6.1228992,Gen Eye Optometrist,optometrist,,"51, Jln Tunku Abdul Rahman Putra, Bandar Alor Setar, 05150 Alor Setar, Kedah, Malaysia",Alor Setar,5986577349
102.2019482,6.1214425,Azhana Optometrist,optometrist,,"Tingkat Bawah, Wisma MDT, 2, Jalan Puteri Saadong, 16250 Wakaf Bharu, Kelantan, Malaysia",Wakaf Bharu,8869470014
100.4930349,5.6408963,Hemodialysis Center Beng Siew,unknown,,"Plot 137, Jalan Sekerat, Taman Kampian, 08000 Sungai Petani, Kedah, Malaysia",Sungai Petani,6333577836
102.1568704,5.8355174,Farmasi Nazif,pharmacy,,"PT 6598, Aras Bawah Jalan Pasir Mas, Jalan Jelatok, Kampung Jelatok, 17500 Tanah Merah, Kelantan, Malaysia",Tanah Merah,9981026987
102.238295,6.0869107,Klinik Pergigian Fasha,dentist,,"No. PT 443, Tingkat Atas Blok A, Batu 3, Jalan Kuala Krai, Kompleks Niaga Wakaf Che Yeh, Kelantan, 15100 Kota Bahru, Kelantan, Malaysia",Kota Bahru,3813367748
102.2383214,6.087458,Farmasi RimaDex,pharmacy,,"PT 130, Jalan Kuala Krai, Wakaf Che Yeh, 15150 Kota Bharu, Kelantan, Malaysia",Kota Bharu,3813367751
100.4643107,5.3603242,Jabatan Pesakit Luar Hospital Bukit Mertajam,clinic,,"Jln Kulim, 14000 Bukit Mertajam, Pulau Pinang, Malaysia",Bukit Mertajam,9111141183
102.2303847,6.1585326,Klinik Desa Kampung Laut,clinic,,"Sungai Pinang16040, 16200 Wakaf Bharu, Kelantan, Malaysia",Wakaf Bharu,3769977257
100.5549702,5.3677105,Klinik Ong,doctor,,"71, Jalan Raya, 09000 Kulim, Kedah, Malaysia",Kulim,1610799537
100.464437,5.4024707,Farmasi Ummi,pharmacy,,"No. 72-G, Lintang Sungai Pinang, 10150 George Town, Pulau Pinang, Malaysia",George Town,4573654040
101.0820874,5.6890301,Klinik Desa Lepang Nenering,hospital,,"felda nenering satu, 33100 Pengkalan Hulu, Perak, Malaysia",Pengkalan Hulu,5198419277
100.3897364,6.1325849,HP Pharmacy,pharmacy,,"NO2 & 5, Jalan Kompleks Perniagaan Jelatek, Kampung Tok Bidan, 05460 Alor Setar, Kedah, Malaysia",Alor Setar,6054521481
100.3649999,6.0983086,Imay Pharmacy,pharmacy,,"28, Jalan Psk Satu, Pekan Simpang Kuala, 05400 Alor Setar, Kedah, Malaysia",Alor Setar,6195148922
100.3720406,6.1222254,Klinik Doktor Pakar Hamdi,clinic,,"938, Jalan Sultan Badlishah, Bandar Alor Setar, 05000 Alor Setar, Kedah, Malaysia",Alor Setar,4907785560
114.0192063,4.4247398,Klinik Komuniti Pujut,clinic,general,"Lot 1190, Jalan Epal 2, Pujut 2 Commercial Central, 98000 Miri, Sarawak, Malaysia",Miri,11608082512
100.5535668,5.5095604,Klinik Desa Permatang Durian,clinic,,"Permatang Pasir, Permatang Pauh, Pulau Pinang, Malaysia",Permatang Pauh,4644802641
100.5368495,5.3742534,Klinik Nazah,clinic,,"14, Lorong Kemuning 1, Taman Kemuning, 09000 Kulim, Kedah, Malaysia",Kulim,4665596035
102.2171459,6.1194889,Klinik Perdana Pasir Pekan,clinic,,"Bandar Baru, Kampung Pasir Pekan, 16250 Wakaf Bharu, Kelantan, Malaysia",Wakaf Bharu,3772809878
102.2399015,6.1163329,Klinik Pergigian LJ,dentist,,"3804, Jalan Hamzah, Kampung Limau Manis, 15050 Kota Bharu, Kelantan, Malaysia",Kota Bharu,8917639079
100.5460358,5.3842029,Klinik Pergigian Dr Juliana,dentist,,"81, Jln KLC 3, Kulim Landmark Central, 09000 Kulim, Kedah, Malaysia",Kulim,4665596124
100.5376167,5.423062,Klinik Fernandez,clinic,,"579, Lorong Kemuning 1, Taman Kemuning, 09000 Kulim, Kedah, Malaysia",Kulim,4638906574
100.5347871,5.4293896,Farmasi Lunas,pharmacy,,"42-F, Jalan Raya, Kampung Batu Enam, 09600 Lunas, Kedah, Malaysia",Lunas,4638930147
100.4732894,5.3511035,Farmasi My-Chemist,pharmacy,,"8, Jalan Bukit Minyak 9, Taman Bukit Minyak, 14000 Bukit Mertajam, Pulau Pinang, Malaysia",Bukit Mertajam,6757130478
102.2381588,6.1271177,Klinik Lua,doctor,,"3598, Jalan Ismail, Bandar Kota Bharu, 15000 Kota Bharu, Kelantan, Malaysia",Kota Bharu,1865379406
102.2389234,6.1277746,Dr Tan,dentist,,"20, Jalan Bercham Bistari 1, Medan Bercham Bistari, 31400 Ipoh, Perak, Malaysia",Ipoh,1863119322
102.2381448,6.0869081,Klinik Primer Wakaf Che Yeh,clinic,,"2890, Jalan Kuala Krai, Wakaf Che Yeh, 15100 Kota Bharu, Kelantan, Malaysia",Kota Bharu,3813367747
102.2330055,6.1774729,Klinik Kesihatan Sungai Pinang,clinic,,"Palekbang, 16040 Tumpat, Kelantan, Malaysia",Tumpat,3783350561
102.8463239,5.4273145,Klinik Desa Sungai Lerek,clinic,,"Kampung Lerek, Chalok Setiu, Kampung Lerek, 21450 Chalok, Terengganu, Malaysia",Chalok,6057662446
100.4184133,6.2556169,Remedic Jitra,clinic,,"No 6, Kompleks Perniagaan, 2, Pekan Jitra, 06000 Jitra, Kedah, Malaysia",Jitra,6589264485
100.5146368,5.6953167,Klinik Dr Silan,clinic,,"6A, Jalan Seroja 3/5, Bandar Amanjaya, 08100 Sungai Lalang, Kedah, Malaysia",Sungai Lalang,4632509204
100.5076196,6.1665661,Klinik Yahya,clinic,,"Taman Bandar Baru, 06400 Pokok Sena, Kedah, Malaysia",Pokok Sena,3794629506
100.5181426,6.1680359,Poliklinik Dr Azhar dan Rakan-Rakan,clinic,,"1911 A, Pekan Pokok Sena, Pokok Sena, Taman Bandar Baru, 06400 Alor Setar, Kedah, Malaysia",Alor Setar,3922296983
100.517785,6.1680213,Farmasi Suria Pokok Sena,clinic,,"1912C, Pekan, Batu 12, Jalan Raya, Taman Bandar Baru, 06400 Pokok Sena, Kedah, Malaysia",Pokok Sena,3922297380
102.2179277,6.1206175,Klinik 1Malaysia,clinic,,"PT 2963 & 2964, Bandar Baru Pasir Pekan, 16250 Wakaf Bharu, Kelantan, Malaysia",Wakaf Bharu,3772809889
102.2228501,6.12617,Klinik Desa Pasir Pekan Hilir,clinic,,"Wakaf Bharu, 16250, 16210 Wakaf Bharu, Kelantan, Malaysia",Wakaf Bharu,3771322868
100.2773992,5.4016096,Klink 1 Utama,clinic,,"615-D, Jalan Pasar, Pekan Ayer Itam, 11500 Ayer Itam, Pulau Pinang, Malaysia",Air Itam,9147194891
100.3125334,5.3877498,Klinik Cheng Ghee,clinic,,"598J, Jalan Jelutong, Taman Jelutong, 11600 George Town, Pulau Pinang, Malaysia",George Town,9459869374
100.276693,5.4020409,Klinik Bersatu,clinic,general,"Ground Floor, 607-H, Jln Balik Pulau, Pekan Ayer Itam, 11500 Ayer Itam, Pulau Pinang, Malaysia",Ayer Itam,9720855774
100.3437624,5.4163355,SmileBay,dentist,,"4, Pengkalan Weld, George Town, 10300 George Town, Pulau Pinang, Malaysia",George Town,11197317420
100.3612027,6.1058677,Remedic,clinic,,"No. 92, Ground Floor, Kompleks Perniagaan Sultan Abdul Hamid, Persiaran Sultan Abdul Hamid, Taman Purnama, 05050 Alor Setar, Kedah, Malaysia",Alor Setar,3786211584
100.3610911,6.1049986,Klinik Pergigian Yap,dentist,,"107 tingkat satu kompleks sultan abdul hamid, Susuran Sultan Abdul Hamid 1B, Taman Purnama, 05050 Alor Setar, Kedah, Malaysia",Alor Setar,8849546156
102.2397749,6.1163324,Klinik Tee,clinic,,"3806, Tingkat Bawah, Jalan Hamzah, Kota Bharu, 15050, Kota Bharu, Kelantan, Kampung Limau Manis, 15050 Kota Bharu, Kelantan, Malaysia",Kota Bharu,8917639078
102.2435537,6.1310393,Yong Huat Trading,pharmacy,,"2, Jln Kebun Sultan, Bandar Kota Bharu, 15300 Kota Bharu, Kelantan, Malaysia",Kota Bharu,8928518103
102.25031,6.1135933,Watsons,pharmacy,,"Lot G41 Ground Floor, Kota Bharu Mall PT101 &102, Jalan Hamzah, Seksyen 16, 15050 Kota Bharu, Kelantan, Malaysia",Kota Bharu,6788628028
102.2472829,6.1292141,Klinik Pergigian Rays,clinic,,"Lot 829 Seksyen, 27, Jalan Sri Cemerlang, Bandar Kota Bharu, 15300 Kota Bharu, Kelantan, Malaysia",Kota Bharu,8855649670
102.2170175,6.119871,Hudaz Dialysis Centre,dialysis,,"PT 2936 Kota Kubang Labu, Kampung Pasir Pekan, 16250 Wakaf Bharu, Kelantan, Malaysia",Wakaf Bharu,8985407654
101.7897391,2.8853604,Klinik Pergigian Haslina,dentist,,"23, Jalan Seri Putra 1/5, Bandar Seri Putra, 43000 Kajang, Selangor, Malaysia",Kajang,12246095833
102.2537769,6.1332903,Klinik Nik Amir – Azmi,doctor,,"Lot 1545, Wisma Yusmah, Taman Sri Tanjong, Jalan Long Yunus, Tanjung Chat, Bandar Kota Bharu, 15200 Kota Bharu, Kelantan, Malaysia",Kota Bharu,3294823121
102.3165151,6.0359065,Klinik Kyra,clinic,,"Jln Bukit Marak, 16400 Melor, Kelantan, Malaysia",Melor,4793061437
102.3378429,6.1400872,Klinik Wakaf Aik,clinic,,"Kampung Wakaf Aik, Beris Panchor Bachok, 16150 Kota Bharu, Kelantan, Malaysia",Kota Bharu,8813215617
102.3253808,6.1396711,Klinik Desa Pengkalan Datu,clinic,,"Kampung Pangkalan Datu Sering, 16150 Kota Bharu, Kelantan, Malaysia",Kota Bharu,8813234717
100.310242,5.4321754,Klinik Joel,clinic,,"413-A, Jalan Burma, Pulau Tikus, 10350 George Town, Pulau Pinang, Malaysia",George Town,9801595045
100.3110289,5.4324042,Burma Klinik,clinic,,"37-E, Jalan Cantonment, Pulau Tikus, 10350 George Town, Pulau Pinang, Malaysia",George Town,9472075258
100.3706371,6.1240242,Klinik Pakar Perubatan Tong,doctor,,"888, Jalan Sekerat, Off, Jln Tunku Abdul Rahman Putra, Kampung Lubok Peringgi, 05100 Alor Setar, Kedah, Malaysia",Alor Setar,6054521476
100.370851,6.1236042,Farmasi Mutiara,pharmacy,,"923, Jalan Sultan Badlishah, Alor Malai, 05000 Alor Setar, Kedah, Malaysia",Alor Setar,6054521463
100.3642709,6.1167049,Klinik Doktor Gigi Lim,dentist,,"38, Jalan Sultan Muhammad Jiwa, Pekan Melayu, 05050 Alor Setar, Kedah, Malaysia",Alor Setar,8846236210
100.3642521,6.1166609,Pusat Farmasi Koay,pharmacy,,"36, Pekan Melayu , Alor Setar, Bandar Alor Setar, 05150 Alor Setar, Kedah, Malaysia",Alor Setar,8846236209
100.3614387,6.1089254,Klinik Dinamik,clinic,,"No. 57, Tingkat Bawah, Kompleks Sultan Abd Hamid, Sekolah Kebangsaan Jalan Pegawai, Taman Sultan Badlishah, 05050 Alor Setar, Kedah, Malaysia",Alor Setar,8848633260
100.5147476,6.1675114,Klinik Aman Dr. (Puan) Uma,clinic,,"3, Taman Sena, Jalan Raya, 06400 Pokok Sena, Kedah, Malaysia",Pokok Sena,3922296977
101.4347034,3.2411182,POLIKLINIK UKM PUNCAK ALAM,pharmacy,,"NO.21, 1, Jalan Puncak Alam Jaya 10, PUSAT PERDAGANGAN PUNCAK ALAM JAYA, 42300 Puncak Alam, Selangor, Malaysia",Puncak Alam,11581751304
101.6753071,2.8644492,Klinik Dr Marisa & Rakan,clinic,,"7, Jalan Mutiara 5, Taman Mutiara, 43800 Dengkil, Selangor, Malaysia",Dengkil,4719212642
101.6748198,2.8649704,Klinik Zalfah,clinic,,"No. 13, Jalan Mutiara 1 Taman Mutiara Dengkil, Taman Mutiara, 43800 Sepang, Selangor, Malaysia",Dengkil,4719212648
103.6291427,1.5423324,Guardian,pharmacy,,"TAMAN UNIVERSITY SHOPPING CENTRE UG01, UPPER, GROUND FLOOR, Jalan Pendidikan 1, Taman Universiti, 81300 Johor Bahru, Johor Darul Ta'zim, Malaysia",Johor Bahru,9590342525
103.7072284,1.507648,Klinik Kesihatan Kempas,clinic,,"Jln Persiaran Tanjung, Kempas Baru, 81200 Johor Bahru, Johor Darul Ta'zim, Malaysia",Johor Bahru,1813344467
102.076625,2.9976773,Kedai Ubat Sin Yong,pharmacy,,"Jalan Belakang, Taman Desa, 71600 Kuala Klawang, Negeri Sembilan, Malaysia",Kuala Klawang,4663409650
102.0770151,2.9977973,SHC Value Mart,pharmacy,,"119 & 121, Jalan Besar, Titi Serong, 71600 Titi, Negeri Sembilan, Malaysia",Titi,4663371479
102.0761729,2.9973344,Kedai Ubat Yee Onn Tong,pharmacy,,"71650, Jalan Besar, Titi Serong, 71600 Titi, Perak, Malaysia",Titi,4664979046
101.6037056,3.0437551,Klinik 1Malaysia Persiaran Subang Permai,clinic,,"F6-0, Blok F6, 01, Jalan Permai 2/3, Taman Puchong Permai, 47100 Puchong, Selangor, Malaysia",Subang Jaya,4828209013
103.0189585,2.3974889,Clinic Khoo,clinic,,"104, Jln Segamat, Taman Asia Timur, 85300 Labis, Johor Darul Ta'zim, Malaysia",Labis,4238951590
101.4096732,3.3765536,Sai Policlinic,clinic,,"No 6-G & 8-G, Jalan Aman Suria 1, Taman, Jln Aman Suria, 45600 Bestari Jaya, Selangor, Malaysia",Bestari Jaya,7466060638
101.6991662,3.1460694,Klinik Pergigian Cahaya Suria,dentist,,"TKT.1, BANGUNAN, Jln Pudu, City Centre, 55100 Kuala Lumpur, Wilayah Persekutuan Kuala Lumpur, Malaysia",Kuala Lumpur,3153960300
100.4197462,6.2737017,Klinik Aman,clinic,,"Pekan Jitra, 06000 Jitra, Kedah, Malaysia",Jitra,4755068198
100.4578988,5.8574994,Poliklinik Perubatan Alor Setar Cawangan Guar Chempedak,clinic,,"No.3A, Bangunan Tabung Haji, Jalan Raya, Guar Cempedak, Yan, Yan, Guar Chempedak, 08300 Guar Chempedak, Kedah, Malaysia",Guar Chempedak,3789207259
110.3376978,1.529455,Prima Medical Clinic,clinic,,"Ground Floor, No. 150, Lot 3021, Bormill Estate, Jalan Tun Ahmad Zaidi Adruce, Bormill Commercial Centre, 93150 Kuching, Sarawak, Malaysia",Kuching,12245155439
101.7897816,2.8853951,Klinik Ummu 'Ammar,clinic,,"Jalan Seri Putra 1/5, Bandar Seri Putra, 43000 Kajang, Selangor, Malaysia",Kajang,12246095834
101.7290114,3.1595331,Discovery Physiotherapy & Pilates Centre,physiotherapist,,"02-3A , BlOCK B, D' RAPPORT AMPANG JALAN NIPAH, OFF JALAN AMPANG, Jalan Berembang, Kampung Berembang, 55000 Kuala Lumpur, Selangor, Malaysia",Kuala Lumpur,7450875109
101.7043033,3.1459869,Tung Shin Hospital,hospice,,"102, Jln Pudu, Bukit Bintang, 55100 Kuala Lumpur, Selangor, Malaysia",Kuala Lumpur,7315469375
101.692707,3.1740712,Sentul Medical Centre,hospital,general,"631, Jln Sentul, Sentul Selatan, 51000 Kuala Lumpur, Wilayah Persekutuan Kuala Lumpur, Malaysia",Kuala Lumpur,9450434088
101.7563853,2.963155,Klinik Pergigian Lita Alis,dentist,,"147, Jalan 8/1, Seksyen 8, 43650 Bandar Baru Bangi, Selangor, Malaysia",Bandar Baru Bangi,12243540254
101.7566573,2.963012,Klinik Pergigian Lisa Alis,dentist,,"157, Jalan 8/1, Seksyen 8, 43650 Bandar Baru Bangi, Selangor, Malaysia",Bandar Baru Bangi,7704986201
101.7564376,2.9631202,Sunway Multicare,pharmacy,,"149-G, Jalan 8/1, Seksyen 8, 43650 Bangi, Selangor, Malaysia",Bangi,7704986200
101.7565304,2.9631322,Klinik Gigi Azila,dentist,,"151A, Jalan 8/1, Seksyen 8, 43650 Bandar Baru Bangi, Selangor, Malaysia",Bandar Baru Bangi,7704986199
101.6208127,3.0894138,Klinik Sri Jaya,clinic,,"104, Jalan SS 9a/1, Sungai Way Free Trade Industrial Zone, 47300 Petaling Jaya, Selangor, Malaysia",Petaling Jaya,7130727670
100.4781889,5.8160752,Pusat Dialisis Caring,clinic,,"Ground Floor, 204, Jalan Transfer, George Town, 10050 George Town, Pulau Pinang, Malaysia",George Town,4565301162
100.4774201,5.8189877,Klinik Tang,clinic,,"16, Jalan Utama Alor Setar-Sungai Petani, Gurun, 08300 Gurun, Kedah, Malaysia",Gurun,4565301146
100.4777936,5.8193691,Klinik Bistari,clinic,,"20, Jalan Raya, Kampung Bongkok, 08300 Gurun, Kedah, Malaysia",Gurun,4565301142
100.4778444,5.8197459,Klinik Desa Gurun,clinic,,"Klinik Desa 2G, Jalan Raya, Kampung Pulau Chengai, 08300 Gurun, Kedah, Malaysia",Gurun,3536193910
101.4873741,3.2027651,Klinik Bahiah,clinic,,"66, Jalan Bidara 6/3, Saujana Utama 3, 47000 Sungai Buloh, Selangor, Malaysia",Sungai Buloh,11361643136
100.3689654,6.1172569,Klinik Ch'ng,clinic,,"15, Jalan Tunku Ibrahim, Alor Malai, 05000 Alor Setar, Kedah, Malaysia",Alor Setar,6054527322
103.6597209,1.5187398,klinik ong,clinic,,"48, Jalan Nakhoda 2,Taman Ungku Tun Aminah,81300 Skudai, Johor, Johor Bahru, 81300 Skudai, Johor Darul Ta'zim, Malaysia",Skudai,5093985522
103.6678036,1.5312743,Klinic Asia,clinic,,"14, Jln Shahbandar 2, Taman Ungku Tun Aminah, 81300 Skudai, Johor Darul Ta'zim, Malaysia",Skudai,4402121789
110.3609035,1.5067749,Watsons,pharmacy,,"Lot G11,G12 & G13, Ground Floor Precinct, 88, Jalan Song, Tabuan Heights, 93100 Kuching, Sarawak, Malaysia",Kuching,12242758557
110.3770321,1.525759,Big Pharmacy,pharmacy,,"Lot 8884 & 8885, Block 11, Mtld, 891-892, Lorong Bayor Bukit 2A, Commercial Centre, Jalan Wan Alwi, Tabuan Jaya, 93350 Kuching, Sarawak, Malaysia",Kuching,12242626499
110.3769389,1.5257838,Union Clinic,clinic,,"893, Jalan Wan Alwi, Tabuan Jaya Commercial Centre, 93350 Kuching, Sarawak, Malaysia",Kuching,12242626498
110.3767732,1.5258274,Healthcare Clinic Tabuan Jaya,clinic,,"896, Tabuan Jaya Commercial Centre, Tabuan Jaya, 93350 Kuching, Sarawak, Malaysia",Kuching,12242626495
110.3767491,1.5258328,Gentle Care Dental Clinic,dentist,,"No.897, Ground Floor, Lot 8890, Block 11 MTLD Lorong Bayor Bukit, No.2A, Off, Jalan Wan Alwi, Tabuan Jaya, 93350 Kuching, Sarawak, Malaysia",Kuching,12242626494
110.3754348,1.5263549,Alpro Pharmacy,pharmacy,,"No 859-G, Tabuan Jaya Commercial Centre, Jalan Wan Alwi, Tabuan Jaya, 93350 Kuching, Sarawak, Malaysia",Kuching,12242626487
101.7442669,3.2012313,Pusat Perubatan Nluri,hospital,,"94, Jalan Wangsa Delima 6, Pusat Bandar Wangsa Maju, 53300 Kuala Lumpur, Wilayah Persekutuan Kuala Lumpur, Malaysia",Kuala Lumpur,1821014087
101.578349,2.95257,Guardian,pharmacy,,"Ground Floor, 69, 1, Jln SP 1/1, Bandar Saujana Putra, 41200 Jenjarom, Selangor, Malaysia",Jenjarom,12720735455
103.6664826,1.6361619,Guardian,pharmacy,,"SULTAN ISMAIL INTERNATIONAL AIRPORT, LOT E5, PUBLIC CONCOURSE, AEON MALL, 81400 Senai, Johor Darul Ta'zim, Malaysia",Senai,4571245692
101.6502499,2.915344,Guardian,pharmacy,,"Lot No. UG10, Upper Ground Floor, Dpulze Shopping Centre, Lingkaran, Cyber 12, 63000 Cyberjaya, Selangor, Malaysia",Cyberjaya,9591889966
101.6607362,2.9233374,Guardian,pharmacy,,"UNIT P1-29 SHAFTSBURY SQUARE, Persiaran Multimedia, Cyber 6, 63000 Cyberjaya, Selangor, Malaysia",Cyberjaya,7656505730
101.7097226,3.1385484,Clinic 365,clinic,,"191, Jln Pudu, Pudu, 55100 Kuala Lumpur, Wilayah Persekutuan Kuala Lumpur, Malaysia",Kuala Lumpur,11578628380
110.3789212,1.5186791,Gardencity Pharmacy,pharmacy,,"GF, Sublot 18, Jalan Setia Raja, Tabuan Stutong Commercial Centre, 93350 Kuching, Sarawak, Malaysia",Kuching,12243242714
101.7601383,2.9632314,Tini's,doctor,dermatology,"12, Jln 8/36, Seksyen 8, 43650 Bandar Baru Bangi, Selangor, Malaysia",Bandar Baru Bangi,12243540286
101.7600481,2.9632078,Klinik Perubatan Hijraa,clinic,,"No 14G & 16G, TINGKAT BAWAH, Jln 8/36, Seksyen 8, 43650 Bandar Baru Bangi, Selangor, Malaysia",Bandar Baru Bangi,12243540284
102.9533338,1.8435804,N & C,unknown,,"21 &21A, Batu Pahat,, Jalan Susur Perdana Tengah, Taman Bukit Perdana, 83000 Batu Pahat, Johor Darul Ta'zim, Malaysia",Batu Pahat,7266765806
101.6998486,3.2373644,Klinik Keluarga,clinic,,"Sri gombak, 16G, Jalan SG 1/5, Taman Sri Gombak, 68100 Batu Caves, Selangor, Malaysia",Batu Caves,7452206860
101.6998613,3.2381597,Care Clinics,clinic,,"12-G, Jalan Prima SG 1, Prima Seri Gombak, 68100 Batu Caves, Selangor, Malaysia",Batu Caves,7202926726
101.775877,2.9899287,Klinik Pakar Kanak-kanak Wong,doctor,,"Jalan Sungai Chua, Kampung Baru Sungai Chua, 43000 Kajang, Selangor, Malaysia",Kajang,4753801881
100.2906203,6.1053415,Poliklinik Dr Azhar dan Rakan-Rakan,clinic,,"Grs 1, Plaza Kuala Kedah, Lot 894, Pekan Kuala Kedah, Kuala Kedah, Kota Setar, Pekan Kuala Kedah, 06600 Kuala Kedah, Kedah, Malaysia",Kuala Kedah,8282461596
113.7162922,3.8635317,Sepupok Pharmacy,pharmacy,,"Lot 2139, Niah Bazaar, 98200 Niah, Sarawak, Malaysia",Niah,11816335480
101.517766,3.0438008,Poliklinik Zulkifli,doctor,,"42, Jalan Pinang C 18/C, Seksyen 18, 40200 Shah Alam, Selangor, Malaysia",Shah Alam,965561104
101.5478436,3.1784843,Klinik Dr Arisah,clinic,,"11-1, Jalan Nova U5/N, Subang Bestari, 40150 Shah Alam, Selangor, Malaysia",Shah Alam,12717781755
118.0526123,5.8930946,Guardian,pharmacy,,"Blok B lot 81, sejati walk, Batu, 7, Jalan Merpati, 90000 Sandakan, Sabah, Malaysia",Sandakan,11576058878
101.6892119,3.0911117,Caring Pharmacy,pharmacy,,"7,Jalan Kuchai Maju 1, Dynasty 2, Off, Jalan Kuchai Lama, Kuchai Entrepreneurs Park, 58200 Kuala Lumpur, Federal Territory of Kuala Lumpur, Malaysia",Kuala Lumpur,4705755179
100.3702333,6.1170528,Klinik Muhibbah,clinic,,"No. 18, Taman Jitra Jaya, Jitra, Kubang Pasu, Taman Jitra Jaya, 06000 Jitra, Kedah, Malaysia",Jitra,3839261729
101.663201,3.072623,Poliklinik & Surgeri Ritwika,clinic,,"63, Jalan Taman Tan Yew Lai, Taman Tan Yew Lai, 58200 Kuala Lumpur, Wilayah Persekutuan Kuala Lumpur, Malaysia",Kuala Lumpur,7314227589
101.7759178,2.8048308,Klinik Mediviron,clinic,,"No.10-G, Jalan BBN 6/3, Desa Cempaka, Putra Nilai, 71800 Nilai, Negeri Sembilan, Malaysia",Nilai,12718998913
100.2861116,5.3971467,Spring Clinic Penang,clinic,dermatology,"83-1, Jalan Pisang Embun, Kampung Melayu, 11500 Ayer Itam, Pulau Pinang, Malaysia",Air Itam,11576971727
100.2861116,5.3971467,Spring Clinic Penang,clinic,general,"83-1, Jalan Pisang Embun, Kampung Melayu, 11500 Ayer Itam, Pulau Pinang, Malaysia",Air Itam,11576971727
100.2861116,5.3971467,Spring Clinic Penang,clinic,internal_medicine,"83-1, Jalan Pisang Embun, Kampung Melayu, 11500 Ayer Itam, Pulau Pinang, Malaysia",Air Itam,11576971727
110.3752189,1.5264072,Sing Lee Pharmacy,pharmacy,,"857, Jalan Wan Alwi, Tabuan Jaya Commercial Centre, 93350 Kuching, Sarawak, Malaysia",Kuching,12242565397
110.3750432,1.5264609,PMG Pharmacy,pharmacy,,"No.855, Shopping Centre, Lot 1323, Jalan Wan Alwi, Tabuan Jaya, 93350 Kuching, Sarawak, Malaysia",Kuching,12242565395
110.3621095,1.5077343,Medsave Pharmacy,pharmacy,,"Parcel No 103, (Ground Floor), Lot 4250, Block 16, Taman Bdc Stampin, 93350 Kuching, Sarawak, Malaysia",Kuching,12242770306
101.7895511,2.9791692,Polyklinik Sri Reko,clinic,radiology,"64, Jln TB 1/1, Taman Sri Reko, 43000 Kajang, Selangor, Malaysia",Kajang,12241200677
101.7895511,2.9791692,Polyklinik Sri Reko,clinic,general,"64, Jln TB 1/1, Taman Sri Reko, 43000 Kajang, Selangor, Malaysia",Kajang,12241200677
101.1026143,3.5016306,Chiropractic doctor,doctor,,"28-2 (1st Floor), Jalan PJU 5/10, Dataran Sunway, Kota Damansara, 47810 Petaling Jaya, Selangor, Malaysia",Petaling Jaya,4961353822
101.6581696,3.5568814,Poliklinik & Surgeri Shan,doctor,,"2, Jalan Gamelan, Taman Gemelan, 44000 Kuala Kubu Baru, Selangor, Malaysia",Kuala Kubu Bharu,4842251841
101.8895749,3.56993,Klinik Desa Damai,clinic,,"Taman Desa Damai, Jalan Desa Damai Bentong, 28700 Bentong, Pahang, Malaysia",Bentong,4496109490
102.7874062,3.4837952,Sekolah Kebangsaan Kuala Wau,clinic,,"Kuala Wau, 28100 Maran, Pahang, Malaysia",Maran,4262929489
103.31005,3.79327,Klinik Sulaiman,doctor,,"a49, Jalan Bukit Setongkol, Taman Lknp Batu Setongkol, 25200 Kuantan, Pahang, Malaysia",Kuantan,1681098840
103.3004462,3.797937,Klinik Rosli,clinic,,"B - 28, Lorong Bukit Setongkol 10, Taman Cenderawasih Indah, 25200 Kuantan, Pahang, Malaysia",Kuantan,1681098842
103.3316368,3.8102947,Pahang Pharmacy,pharmacy,,"51, Jln Teluk Sisek, 25000 Kuantan, Pahang, Malaysia",Kuantan,6255741986
101.601607,3.588819,Klinik Desa Kerling,clinic,,"Bandar Baru Lembah Beringin, 44000 Kerling, Selangor, Malaysia",Kerling,5017623986
113.9820683,4.3931371,Wei Chin Traditional Chinese Orthopedist,alternative,traditional_chinese_medicine,"Marina Bay, 2 Miri, Sarawak, Malaysia",Miri,12196896544
103.3219074,3.8223534,Farmasi Sekilau,pharmacy,,"B-124 Ground Floor, Jalan Bukit Sekilau, Perkampungan Bukit Ubi, 25200 Kuantan, Pahang, Malaysia",Kuantan,9209655632
103.3242007,3.8108874,Watsons,pharmacy,,"No. 41 Ground Floor, Jalan Tun Ismail, Sri Dagangan Bussiness Centre, 25000 Kuantan, Pahang, Malaysia",Kuantan,5843379087
101.6719973,3.0724473,Klinik Lee & Cheong,clinic,,"62, Jalan Hujan Rahmat 2, Taman Overseas Union, 58200 Kuala Lumpur, Wilayah Persekutuan Kuala Lumpur, Malaysia",Kuala Lumpur,7314227590
101.7112631,3.0813054,Klinik Komuniti Seri Malaysia,clinic,,"Taman Desa Petaling, 57100 Kuala Lumpur, Wilayah Persekutuan Kuala Lumpur, Malaysia",Kuala Lumpur,7314400591
101.7022078,3.205371,Poliklinik Central & Surgeri,clinic,,"No.20, Ground Floor, Batu 4 1/2, Jalan Suria Setapak, Taman Suria Setapak, 53000 Kuala Lumpur, Wilayah Persekutuan Kuala Lumpur, Malaysia",Kuala Lumpur,7315552090
101.7116095,3.2124136,Klinik Rosanah,clinic,,"49 Jalan 4/21D, Medan Idaman Gombak, Gombak, Wilayah Persekutuan Kuala Lumpur, Medan Idaman Business Centre, 53100 Kuala Lumpur, Federal Territory of Kuala Lumpur, Malaysia",Kuala Lumpur,7315552086
100.420541,6.2576101,Klinik Pergigian Yeo,dentist,,"93, Taman Ihsan, 06000 Jitra, Kedah, Malaysia",Jitra,4472622926
100.3794128,5.4148991,E.L. Lim Dental,dentist,,"6, Jalan Raja Uda, Taman Bunga Raya, 12300 Butterworth, Pulau Pinang, Malaysia",Butterworth,6471254772
100.3723156,5.4066605,Klinik Tan Dan Rakan Rakan,clinic,,"1 & 2, JALAN RAYA, Bedong, 08100 Bedong, Kedah, Malaysia",Bedong,6406328428
100.4053777,5.5133512,Clinic Joseph,clinic,,"680, Jalan Permatang Sintok, Taman Permatang Sintuk, 13100 Penaga, Pulau Pinang, Malaysia",Penaga,4806911049
100.3973992,5.4302321,Selva Klinik,clinic,,"G-07 Block, 1, Taman Mesra, Bagan Lalang, 13400 Butterworth, Pulau Pinang, Malaysia",Butterworth,6187778976
100.3411721,5.4168331,Green River,pharmacy,,"77, Jln Trengganu, 10460 George Town, Pulau Pinang, Malaysia",George Town,6975458088
100.3890544,5.4205952,Klinik Pergigian Mak Mandin,dentist,,"Kawasan Perindustrian Mak Mandin, 13400 Butterworth, Pulau Pinang, Malaysia",Butterworth,3919711196
100.2839108,5.4657268,Tejani Medical clinic,doctor,,"547-B, Jalan Wee Hein Tze, 11200 Tanjung Bungah, Penang, Malaysia",Tanjung Bungah,5623291953
100.3993723,6.2967033,Klinik Desa,clinic,,"Jalan Gelong Kubang Pasu, Kampung Mambong, 06000 Jitra, Kedah, Malaysia",Jitra,5395410831
100.3912238,5.3842874,Perniagaan Teik Kuan,alternative,,"35, Lebuh Kurau 1, Chai Leng Park, 13700 Seberang Jaya, Pulau Pinang, Malaysia",Seberang Jaya,6145222903
100.3040105,5.382779,Kenkoya,alternative,,"46-047 Kamehameha Hwy, Kaneohe, HI 96744, Amerika Syarikat",Kaneohe,9139453395
100.4130036,6.2046379,Suria Healthcare,pharmacy,,"Taman Wira Mergong, 05150 Alor Setar, Kedah, Malaysia",Alor Setar,3936254949
100.4146404,6.207921,Klinik Dr Sherlina,clinic,,"NO 311, TINGKAT BAWAH, JALAN JALAI JAYA 1/6/1, TAMAN JALAI JAYA, Kampung Hilir, 06200 Kepala Batas, Kedah, Malaysia",Kepala Batas,5428145963
100.4403024,5.5858871,Klinik Bersatu,clinic,,"16, Jalan Ibrahim, Sungai Petani, 08000 Sungai Petani, Kedah, Malaysia",Sungai Petani,4567112623
100.4449793,5.3638507,Surgeri Pergigian Tan,dentist,,"1st Floor, 25A, Jalan Tembikai, Taman Mutiara, 14000 Bukit Mertajam, Pulau Pinang, Malaysia",Bukit Mertajam,6562882341
101.9078947,3.5235283,BIG Pharmacy Bentong,pharmacy,,"44, Jalan Ah Peng, 28700 Bentong, Pahang, Malaysia",Bentong,4574870195
100.2610274,5.3024486,Klinik Menara,clinic,,"3R-1-1, 3R-1-2, 3R, 1-3, Persiaran Kelicap, Setia Triangle, 11900 Bayan Lepas, Penang, Malaysia",Bayan Lepas,10031303248
100.4027588,5.3845899,Klinik Munawar,clinic,,"No. 19, Kompleks Taman Siakap, Tingkat Siakap 3, Seberang Jaya, 13700 Perai, Penang, Malaysia",Perai,3918117885
100.3460641,6.0964566,Farmasi Aman Jaya,pharmacy,,"Lot No.11, Ground Floor, Kompleks, Amanjaya, 08000 Sungai Petani, Kedah, Malaysia",Sungai Petani,8280457020
100.3183483,5.4186779,Jion Pharmacy,pharmacy,,"NEXT TO GRAN INN, 165-G-1, Jln Macalister, 10400 George Town, Pulau Pinang, Malaysia",George Town,9391726944
100.3091723,6.0933313,Starkids Therapy Center,doctor,,"A1346 Lorong Serai Wangi 13/6 Taman Serai Wangi 2 Padang Serai, 09400 Kulim, Kedah, Malaysia",Kulim,6192571140
100.231629,5.2931361,Poliklinik Teluk Kumbar,clinic,,"4, Tingkat Teluk Kumbar 3, Bandar Baru Telok Kumbar, 11920 Bayan Lepas, Pulau Pinang, Malaysia",Bayan Lepas,9717186310
100.2782908,5.402109,Guan Klinik,clinic,,"616K, Jln Paya Terubung, Pekan Ayer Itam, 11500 Ayer Itam, Pulau Pinang, Malaysia",Ayer Itam,6601338997
100.2754083,5.3303367,Georgetown Pharmacy,pharmacy,,"52, Jalan Mahsuri, Bayan Baru, 11950 Bayan Lepas, Pulau Pinang, Malaysia",Bayan Lepas,10613391798
100.2761077,5.3341186,Clinic Singapore,clinic,,"823-G-03 MK13, Kejora Business Point, 5, Jln Paya Terubung, 11900 Bayan Lepas, Penang, Malaysia",Bayan Lepas,4678825290
100.419582,6.2587007,MEDIKLINIK RAKYAT DR NAIM AHMAD JITRA 24 JAM,clinic,,"NO 195A, ARAS BAWAH, Jalan PJ 8, Pekan Jitra 2, 06000 Jitra, Kedah, Malaysia",Jitra,3934369278
100.4196024,6.2580795,Poliklinik Perubatan Kubang Pasu,clinic,,"171a, Jalan PJ 7, Pekan Jitra, 06000 Jitra, Kedah, Malaysia",Jitra,3934369277
100.4197065,6.2630541,Klinik Dr. Noriah,clinic,,"Jalan Jitra, Taman Pasu, 06000 Jitra, Kedah, Malaysia",Jitra,3794070565
100.4210943,6.2633736,Klinik Muhibbah,clinic,,"No. 18, Taman Jitra Jaya, Jitra, Kubang Pasu, Taman Jitra Jaya, 06000 Jitra, Kedah, Malaysia",Jitra,4472623460
100.4193896,6.2640081,Poliklinik Mutiara Sdn Bhd,clinic,,"Lebuhraya Sultanah Bahiyah, Taman Mutiara, 05200 Alor Setar, Kedah, Malaysia",Alor Setar,3934368883
100.3217417,5.4035309,Allied Healthcare Centre of Excellence,doctor,,"63, Jalan Sungai Pinang, George Town, 10150 George Town, Pulau Pinang, Malaysia",George Town,4611959092
100.3169711,5.3958378,Megamal Pharmacy Sdn Bhd,pharmacy,,"Jalan Lenggong, Symphony Park, 11600 Jelutong, Pulau Pinang, Malaysia",Jelutong,6602215988
100.3640345,6.0973066,Icon Pharmacy,pharmacy,,"No 9, Pekan Simpang Kuala, 05400 Alor Setar, Kedah, Malaysia",Alor Setar,3839261693
100.3615431,6.1104879,Poliklinik Hidayah,clinic,,"33 Kompleks, Persiaran Sultan Abdul Hamid, Bandar Alor Setar, 05050 Alor Setar, Kedah, Malaysia",Alor Setar,8848566742
113.9854165,4.3930293,Guardian,pharmacy,,"G.21-G.24, BINTANG PLAZA SHOPPING COMPLEX, Jalan Miri Pujut, Taman Herba, 98000 Miri, Sarawak, Malaysia",Miri,11494715946
100.3769942,6.0972543,Klinik Komuniti Alor Mengkudu,clinic,,"Jalan Padi Emas 2, Kampung Ganding, 05300 Alor Setar, Kedah, Malaysia",Alor Setar,6445764327
100.3694787,6.1178673,Klinik Dr. Fauzi,clinic,,"No. 1514, Bangunan Lembaga Padi, Jln Tunku Ibrahim, 05000 Alor Setar, KedahNo. 1514, Bangunan Lembaga Padi, Jalan Tunku Ibrahim, 05000, Alor Setar, Kedah, Bandar Alor Setar, 05000 Alor Setar, Kedah, Malaysia",Alor Setar,3786211609
100.3757286,6.1168591,Poliklinik Tanjung,clinic,,"Lot 6&7, Jln Langgar, Medan Bendahara, 05460 Alor Setar, Kedah, Malaysia",Alor Setar,3839261957
100.368897,6.1176903,Klinik Darulaman,clinic,,"1521, Jalan Sehala, Bandar Alor Setar, 05000 Alor Setar, Kedah, Malaysia",Alor Setar,5599521238
100.2306069,6.5145979,Klinik Kesihatan Beseri,clinic,,"Jalan Kaki Bukit, Kangar, Perlis, Malaysia, Kampung Darat, 02400 Beseri, Perlis, Malaysia",Beseri,4546701449
100.3104323,5.4168189,Tabung Darah,laboratory,,"Jalan Residensi, 10450 George Town, Pulau Pinang, Malaysia",George Town,7619070737
100.3794321,5.4149431,Win Medical Care Sdn Bhd,physiotherapist,,"Pusat Perniagaan Raja Uda, 8, Jalan Raja Uda, Kampung Baharu, 12300 Butterworth, Pulau Pinang, Malaysia",Butterworth,6419161196
100.38089,5.4209738,Phoenix Laboratory,unknown,,"159, ground floor Pusat Perniagaan, Jalan Raja Uda, Kampung Baharu, 12300 Butterworth, Penang, Malaysia",Butterworth,6240907509
100.2749402,6.4286521,FARMASI ARAU,pharmacy,,"Taman Seri Intan, 02600 Arau, Perlis, Malaysia",Arau,4427707389
100.2385965,5.3513625,7-Eleven #1159,clinic,,"37-G, Jalan Tun Sardon, 11000 Balik Pulau, Pulau Pinang, Malaysia",Balik Pulau,6605282985
100.3856396,5.4340503,SmileBay,dentist,,"No.6952, Ground Floor, Jalan Raja Uda, Raja Uda Industrial Estate, 12300 Butterworth, Penang, Malaysia",Butterworth,6201009187
100.3883263,5.4354434,VCare Pharmacy,pharmacy,,"6926, Jalan Ong Yi How, Lucky Park, 13400 Butterworth, Pulau Pinang, Malaysia",Butterworth,6436504859
100.3865743,5.4354159,Georgetown Pharmacy,pharmacy,,"1 & 3, Jalan Ong Yi How, Jalan Raja Uda, Lucky Park, 13400 Butterworth, Pulau Pinang, Malaysia",Butterworth,6423779561
100.3644481,6.0713347,Arif Medica,clinic,,"Jalan Tandop, Kampung Teluk Bagan, 05400 Alor Setar, Kedah, Malaysia",Alor Setar,4331205869
100.3282398,5.4137213,Natural Healthy Living Pharmacy,pharmacy,,"No. 1, Ground Floor, Gama Supermarket, Jalan Dato Keramat, 10150 George Town, Pulau Pinang, Malaysia",George Town,9878616663
100.3324181,5.418639,Boom pharmacy,pharmacy,,"184, Lebuh Campbell, George Town, 10200 George Town, Pulau Pinang, Malaysia",George Town,5621439321
100.2185183,6.490571,Klinik Kesihatan Padang Pauh,clinic,,"Kampung Padang Pauh, 01000 Kangar, Perlis, Malaysia",Kangar,4546701495
100.1863368,6.4333123,KPJ Specialist Hospital,hospital,,"No. 77, Jalan Dato Wan Ahmad, Taman Mutiara, 01000 Kangar, Perlis, Malaysia",Kangar,6986697286
100.2815099,5.2883389,Klinik Singapore,clinic,,"12, Lebuhraya Sungai Nibong, Bayan Baru, 11900 Bayan Lepas, Pulau Pinang, Malaysia",Bayan Lepas,9901867657
100.2817342,5.2853228,Intan Poliklinik,clinic,,"1, Lebuh Batu Maung 2, Taman Seri Indah, 11960 Bayan Lepas, Pulau Pinang, Malaysia",Bayan Lepas,6860873201
100.441942,5.8903525,Klinik Desa Batu 17,clinic,,"Jalan Batu 17 Yan, Kampung Batu 16, 06900 Guar Chempedak, Kedah, Malaysia",Guar Chempedak,3942277508
100.3119209,5.4324727,Singapore Children Specialist Centre,clinic,,"4 & 5, Jln Selasih, Taman Semarak, 09000 Kulim, Kedah, Malaysia",Kulim,9817672889
100.3098135,5.3687849,Klinik Pergigian Teh,dentist,,"28, Jalan Masjid, Taman Jubilee, 30300 Ipoh, Perak, Malaysia",Ipoh,9193696795
100.3073543,5.3923422,O2 Klinik,clinic,,"I/J/K, 129, Jln Tan Sri Teh Ewe Lim, Jelutong, 11600 George Town, Pulau Pinang, Malaysia",George Town,9131608588
100.3565548,6.125183,Poliklinik Putra,clinic,,"211A, Jln Tunku Abdul Rahman Putra, Medan Putra Seberang, 05150 Alor Setar, Kedah, Malaysia",Alor Setar,7575162301
100.3556952,6.1254964,Klinik Pergigian Heng,dentist,,"224B, Tingkat 1, Medan Putra, Seberang Jalan Putra, Alor Star, Kedah, Kampung Berjaya, 05150 Alor Setar, Kedah, Malaysia",Alor Setar,8823233053
100.3567232,6.1251197,Farmasi SPU,pharmacy,,"Kampung Berjaya, 05150 Alor Setar, Kedah, Malaysia",Alor Setar,7575162302
100.3570551,6.124995,Klinik Pergigian Farida,dentist,,"Jln Tunku Abdul Rahman Putra, Kampung Berjaya, 05100 Alor Setar, Kedah, Malaysia",Alor Setar,7575162306
101.5596396,3.4013963,Farmasi Multicare,pharmacy,,"7, Jalan Orkid 1G, Bukit Sentosa, 48300 Rawang, Selangor, Malaysia",Rawang,8114581565
101.0200789,4.0271004,Appu Clinic,doctor,,"77, Jalan Bandar, Pekan Teluk Intan, 36000 Teluk Intan, Perak, Malaysia",Teluk Intan,5355245893
100.3693442,6.1753937,Poliklinik Anak Bukit (Dr Farina binti Haji Basir),clinic,,"No. 2, Taman Tunku Bendahara, 06550 Alor Setar, Kedah, Malaysia",Alor Setar,5949075264
100.4124208,6.197925,Rumah Sakit Angkatan Tentera Kolej Tentera Udara,clinic,,"06550 Kepala Batas, Kedah, Malaysia",Kepala Batas,2725100882
100.4120454,6.1969261,Pusat Pergigian Angkatan Tentera,dentist,,"Kolej Tentera Udara Kepala Batas, Lebuhraya Utara-Selatan, Kedah, 06200 Kepala Batas, Kedah, Malaysia",Kepala Batas,2725100879
100.352146,6.1030193,Sam Pharmacy,pharmacy,,"No:299,Lorong Peremba, Kompleks Perniagaan Anggerik, Sultanah Bahiyah Hwy, Taman Anggerik, 05050 Alor Setar, Kedah, Malaysia",Alor Setar,4896167975
100.3521815,6.1028059,Klinik (Puan) Dr Ganga,clinic,,"301, Kompleks Perniagaan Anggerik, Jalan Lencong Barat, Taman Anggerik, 06600 Alor Setar, Kedah, Malaysia",Alor Setar,4896167979
101.51853,3.6815851,Watsons,pharmacy,,"No.2-A, Bangunan Akasia, Lot 14748, Jln, Proton City, 35900 Tanjong Malim, Perak, Malaysia",Tanjong Malim,9005722850
101.5214608,3.6806592,Farmasi Tanjung Malim,pharmacy,,"Lott 6, Jalan Douglas,, 35900 Tanjong Malim, Perak, Malaysia",Tanjong Malim,8089020494
101.5195402,3.6816679,Guardian,pharmacy,,"44 TINGKAT BAWAH, Jalan Bunga Raya, Taman Bunga Raya, 35900 Tanjong Malim, Perak, Malaysia",Tanjong Malim,5437017398
101.7373183,3.9891972,Klinik Desa Ulu Sungai,clinic,,"Kampung Ulu Sungai, 27610 Raub, Pahang, Malaysia",Raub,2573560448
100.3424403,6.0961537,Klinik Dr Cheng,clinic,,"Taman JOHAN FASA 2, 06600 Alor Setar, Kedah, Malaysia",Alor Setar,8280457018
100.3798857,5.7324797,Klinik Desa Singkir Mukim Singkir,clinic,,"Singkir Darat, 08100 Merbok, Kedah, Malaysia",Merbok,3870391813
100.3688537,6.1190928,We Care Pharmacy,pharmacy,,"1541, Jalan Sultan Badlishah, Bandar Alor Setar, 05000 Alor Setar, Kedah, Malaysia",Alor Setar,3327139821
100.3688791,6.1190331,Klinik Ali,clinic,,"1539, Jalan Sehala, Bandar Alor Setar, 05000 Alor Setar, Kedah, Malaysia",Alor Setar,3327139810
100.3701734,6.1187616,Klinik Kesihatan UTC,clinic,,"Jalan Kolam Air, Bandar Alor Setar, 05000 Alor Setar, Kedah, Malaysia",Alor Setar,3839261724
100.3695977,6.1197392,Pathlab,doctor,,"1578, Jalan Kota, Bandar Alor Setar, 05200 Alor Setar, Kedah, Malaysia",Alor Setar,3786211626
100.3712522,6.1236587,Klinik Haji Ayaz,clinic,,"936, Jalan Sultan Badlishah, Bandar Alor Setar, 05000 Alor Setar, Kedah, Malaysia",Alor Setar,4532485387
100.3708711,6.1236829,Klinik Pergigian Pakar Ortodontik Sundadaraj,dentist,,"Pakar Ortodontik Sundararaj, 921, Jalan Sultan Badlishah, Bandar Alor Setar, 05000 Alor Setar, Kedah, Malaysia",Alor Setar,6054521464
100.3710495,6.1239669,Poly Pharmacy,pharmacy,,"915, Jalan Sultan Badlishah , Alor Setar, Bandar Alor Setar, 05050 Alor Setar, Kedah, Malaysia",Alor Setar,6054521470
100.3706612,6.1241863,Klinik Yeoh Chin Eng,clinic,,"912, Jalan Sultan Badlishah, Alor Setar, Kota Setar, Bandar Alor Setar, 05000 Alor Setar, Kedah, Malaysia",Alor Setar,6054521479
100.4043864,6.1512215,Klinik Dr Mohammad,clinic,,"no 5, Jln Langgar, taman seri astana, 05460 Alor Setar, Kedah, Malaysia",Alor Setar,3839261728
100.3920339,6.1197353,Farmasi Derga,pharmacy,,"Lot 3166, Kilometer 3 Jalan Dato' Kumbar, Kedah, Kampung Sakan, 05300 Alor Setar, Kedah, Malaysia",Alor Setar,4504582521
100.3829692,6.0916777,HP Pharmacy,pharmacy,,"NO2 & 5, Jalan Kompleks Perniagaan Jelatek, Kampung Tok Bidan, 05460 Alor Setar, Kedah, Malaysia",Alor Setar,7939506945
100.3506847,6.1285273,Greenlife Pharmacy,pharmacy,,"107, Jln Tunku Abdul Rahman Putra, 05150 Alor Setar, Kedah, Malaysia",Alor Setar,4903595113
100.3683085,6.1299474,Klinik Mico,clinic,,"70-A, Lebuhraya Darul Aman, Taman Tunku Habsah, 05100 Alor Setar, Kedah, Malaysia",Alor Setar,3839261735
100.3580756,6.1430809,Farmasi Metro,pharmacy,,"No 3, Taman Seri Sejahtera, 02700 Simpang Ampat, Perlis, Malaysia",Simpang Ampat,4331205883
100.3590714,6.1242169,Poliklinik Pertama Sdn. Bhd.,clinic,,"1009, Kompleks Sri Putra, Seberang Jalan Putra, Alor Setar, 05150, Kampung Berjaya, 05100 Alor Setar, Kedah, Malaysia",Alor Setar,8836133898
100.3840308,6.1375597,Prima AS Farmasi,pharmacy,,"Lot 24559, Arma square, Jln Ayer Hitam, Sungai Merab Luar, 43000 Kajang, Selangor, Malaysia",Kajang,4503704322
100.3846896,6.126237,RPS Pharmacy,pharmacy,,"Taman Purnama, 05050 Alor Setar, Kedah, Malaysia",Alor Setar,4329526709
100.3425357,6.1305663,Klinik Pergigian K.L. Tan,dentist,,"B151, Tingkat Bawah, Jalan Tandop, 6, TAMAN PERINDUSTRIAN TANDOP UTAMA, 05400 Alor Setar, Kedah, Malaysia",Alor Setar,4331206708
100.3422848,6.1360657,Klinik Pergigian Jalan Putra,dentist,,"Klinik Kesihatan Jalan Putra 05150 Alor Setar, Kedah, Kampung Mergong Indah, 05150 Alor Setar, Kedah, Malaysia",Alor Setar,4539885472
100.345961,6.1406592,Klinik Bersatu,clinic,,"1, Jln Selesa 1, Taman Selesa, 05400 Alor Setar, Kedah, Malaysia",Alor Setar,4331206706
100.3553355,6.142085,Klinik Pergigian Ramli,dentist,,"24, Jalan Shahab 3, Shahab Perdana, 05150 Alor Setar, Kedah, Malaysia",Alor Setar,4764590117
100.3663948,6.1234835,WellBeing,pharmacy,,"535A, Jalan Tengah, Kampung Lubok Peringgi, 05100 Alor Setar, Kedah, Malaysia",Alor Setar,7044555048
100.3569672,6.1249363,Klinik Pergigian SY Goh,dentist,,"Tingkat 1, 203-B, Jln Tunku Abdul Rahman Putra, Medan Putra Seberang, 05150 Alor Setar, Kedah, Malaysia",Alor Setar,8823233050
101.5575913,3.402577,Pusat Rawatan AMC,clinic,,"43&45, Jalan Orkid 2B, Bukit Sentosa, 48300 Rawang, Selangor, Malaysia",Rawang,8082187604
100.280861,5.3312515,klinik relau,clinic,,"88 U, Kompleks Sri Bukit Jambul, Bukit Jambul, 11900 Bayan Lepas, Pulau Pinang, Malaysia",Bayan Lepas,6534625485
100.2985556,5.3371219,Klinik Zainal,clinic,,"247-D Blok A, Jalan Sungai Nibong, 11900 Bayan Lepas, Pulau Pinang, Malaysia",Bayan Lepas,9134295341
100.2912076,5.3246046,Klinik Singapore (Bayan Baru) by Mediaid,clinic,,"12, Lebuhraya Sungai Nibong, Bayan Baru, 11900 Bayan Lepas, Pulau Pinang, Malaysia",Bayan Lepas,6608846885
100.2973872,5.3503266,Klinik Health Plus,clinic,,"725-U, Jalan Sungai Dua, Desa Permai Indah, 11700 Gelugor, Pulau Pinang, Malaysia",Gelugor,6534541985
100.3083088,5.3384008,Wong & Sim Dental Surgery,dentist,dentistry,"110-02-26 Summerton, Persiaran Bayan Indah, 11900 Bayan Lepas, Pulau Pinang, Malaysia",Bayan Lepas,5963437848
100.383555,5.8534717,Klinik Desa Dulang Kecil,clinic,,"Kampung Kuala Dulang Kechil, 06900 Yan, Kedah, Malaysia",Yan,3611782981
100.3714324,5.781708,Klinik Kesihatan Yan,clinic,,"Kampung Sungai Belida, 06900 Yan, Kedah, Malaysia",Yan,3868576846
100.4298606,5.5164273,farmasi chong,pharmacy,,"1198, Jalan Datuk Haji Ahmad Badawi, 13200 Kepala Batas, Pulau Pinang, Malaysia",Kepala Batas,4577894383
100.3055433,5.368618,Klinik Kesihatan Ibu dan Anak Taman Tun Sardon,clinic,,"Taman Tun Sardon, 11700 Gelugor, Pulau Pinang, Malaysia",Gelugor,9170932308
100.3045268,5.3538209,Klinik Universiti,clinic,,"35, Jalan Sungai Dua, Kampung Dua Bukit, 11700 Gelugor, Pulau Pinang, Malaysia",Gelugor,6534524686
100.3010512,5.3523184,Kinik Perdana,clinic,,"Shoplot, 559-E, Jalan Sungai Dua, Sri Saujana, 11700 Gelugor, Pulau Pinang, Malaysia",Gelugor,5698576703
100.3706239,5.4085395,Seet Dental Surgery,dentist,,"1st Floor, 4423, Jalan Bagan Luar, Kampung Benggali, 12200 Butterworth, Pulau Pinang, Malaysia",Butterworth,4605136292
100.3654669,5.3947548,Guardian,pharmacy,,"2-03, Level 2,6, Penang Sentral, Jalan Pantai, 12000 Butterworth, Pulau Pinang, Malaysia",Butterworth,6168764283
100.3125356,5.3860986,Klinik Sentosa,clinic,,"20, Lebuh Penang, George Town, 10200 George Town, Pulau Pinang, Malaysia",George Town,9897456226
100.3889275,5.4354635,Klinik Pakar Kanak-Kanak B'Worth,clinic,,"6995, Jalan Ong Yi How, Taman Teratai, 13400 Butterworth, Pulau Pinang, Malaysia",Butterworth,6506015031
100.3854393,5.4350439,Klinik Koh,clinic,,"6640, Jalan Raja Uda, Taman Bunga Raya, 12300 Butterworth, Pulau Pinang, Malaysia",Butterworth,5155155322
100.3152687,5.399338,Big Pharmacy,pharmacy,,"337N, Sky Avenue, Jln Perak, Taman Ara, 11600 Jelutong, Pulau Pinang, Malaysia",Jelutong,9572823391
100.2878211,5.3189496,Klinik Harmoni 24 Jam Bayan Baru,clinic,,"8 & 10, Ground Floor Taman Sri Tunas, Jalan Tengah, Bayan Baru, 11920 Bayan Lepas, Pulau Pinang, Malaysia",Bayan Lepas,10833020536
100.3641096,6.0989869,Dr Spina,alternative,,"7-M, Jalan Gottlieb, 10350 George Town, Pulau Pinang, Malaysia",George Town,9126002269
100.3645166,6.0991545,Pro Spect Optometrist,optometrist,,"89, tingkat bawah, Jalan Psk Dua, Pekan Simpang Kuala, 05400 Alor Setar, Kedah, Malaysia",Alor Setar,9715154178
100.3881707,6.1400888,RPS Pharmacy,pharmacy,,"4044, Jalan Sultanah, Taman Mutiara, 05350 Alor Setar, Kedah, Malaysia",Alor Setar,5858982934
100.3880395,6.1363451,Mediklinik Ehsan,clinic,,"8, Taman Koperasi, Jalan Tunku Abdul Razak, Taman Mutiara, 05200 Alor Setar, Kedah, Malaysia",Alor Setar,4532486795
100.387947,6.1199514,Otto Pharma Sdn Bhd,pharmacy,,"112, 118, Jln Datuk Kumbar, Taman Datuk Kumbar, 05300 Alor Setar, Kedah, Malaysia",Alor Setar,4764097657
100.3910884,5.3843585,Farmasi Bagan Sdn Bhd,pharmacy,,"4845, Jalan Kampung Benggali, Kampung Benggali, 12200 Butterworth, Pulau Pinang, Malaysia",Butterworth,6145223000
100.4030855,5.3936356,Poliklinik Chong & Su,clinic,,"47, Lorong Tuna, 13700 Seberang Jaya, Pulau Pinang, Malaysia",Seberang Jaya,6200805085
100.4076269,5.403758,Poliklinik Taman Wakaf,clinic,,"11A, Jln Seetee Aisah, Taman Wakaf, 13700 Seberang Jaya, Pulau Pinang, Malaysia",Seberang Jaya,4462018053
100.4180325,5.3921165,Klinik Desa Kampung Pertama,clinic,,"Jln Permatang Pauh, 14000 Permatang Pauh, Pulau Pinang, Malaysia",Permatang Pauh,4598270504
100.4355462,5.3426768,Smile Bay,dentist,,"9, Jalan Juru Sentral, 14000 Bukit Mertajam, Pulau Pinang, Malaysia",Bukit Mertajam,6711660202
100.4802077,5.3314994,Klinik Pergigian Union,dentist,,"2878, Jalan Rozhan, Alma, 14000 Bukit Mertajam, Pulau Pinang, Malaysia",Bukit Mertajam,6499834056
100.4456775,5.3649744,陈文仲小儿专科病房,pharmacy,,"1399, Jln Padang Lallang, Taman Mutiara, 14000 Bukit Mertajam, Pulau Pinang, Malaysia",Bukit Mertajam,5258284193
100.2894326,5.336501,Klinik Kesihatan Bukit Jambul,clinic,,"Taman Bukit Jambul Flat, Taman Bukit Jambul, 11900 Bayan Lepas, Pulau Pinang, Malaysia",Bayan Lepas,9495525660
100.4379075,5.3664399,Klinik Pakar Kanak-Kanak Oh,clinic,paediatrics,"Pusat Komersial, 15, Lorong Tembikai 6, Taman Sri Rambai, 14000 Bukit Mertajam, Pulau Pinang, Malaysia",Bukit Mertajam,7671612842
100.2953593,5.3389112,Klinik Neoh (Neoh Clinic),clinic,,"33-G-6, Lebuh Nipah, Taman Lip Sin, 11900 Bayan Lepas, Pulau Pinang, Malaysia",Penang,3621299672
100.3854458,5.4334334,Klinik 1 Utama,clinic,,"6879, Jalan Raja Uda, Raja Uda Industrial Estate, 12300 Butterworth, Pulau Pinang, Malaysia",Butterworth,6205841783
100.3889264,5.435489,Klinik Pergigian Goh,dentist,dentistry,"1st Floor, 6995, Lorong Teratai, Taman Teratai, 13400 Butterworth, Pulau Pinang, Malaysia",Butterworth,7135099344
100.4775776,5.3208937,Guardian,pharmacy,,"G29A & G29B,GF,AEON MALL BKT MERTAJAM,LOT NO 30908, Jalan Rozhan, Kampung Alma, 14000 Bukit Mertajam, Pulau Pinang, Malaysia",Bukit Mertajam,7737309310
100.4786166,5.3150918,Georgetown Pharmacy,pharmacy,,"No. 2381, Jalan Rozhan, Taman Impian, 14000 Bukit Mertajam, Pulau Pinang, Malaysia",Bukit Mertajam,7083895131
100.4435129,5.2368338,Siang Pharmacy,pharmacy,,"1690, Jalan Besar, Taman Keruing, 14100 Simpang Ampat, Pulau Pinang, Malaysia",Bandar Cassia,10029332684
100.4443934,5.3271444,HH Farmasi,pharmacy,,"6479, Ground Floor, Jalan Raja Uda, Lucky Park, 13400 Butterworth, Pulau Pinang, Malaysia",Butterworth,6499833240
100.3084109,5.3383844,O2 Clinic Skin Specialist,clinic,,"110-1A-25 & 110-02-25, Summerton Complex, Persiaran Bayan Indah, 11900 Bayan Lepas, Pulau Pinang, Malaysia",Bayan Lepas,5530411751
100.304804,5.3388003,Georgetown Pharmacy | Sungai Nibong,pharmacy,,"72, Jalan Aziz Ibrahim, 11900 Bayan Lepas, Pulau Pinang, Malaysia",Bayan Lepas,4832331621
100.2761722,5.3321379,Pure Pharmacy,pharmacy,,"29-1-7, Golden Triangle, Jln Paya Terubung, Paya Terubong, 11900 George Town, Penang, Malaysia",George Town,10698603746
100.3313782,5.4059263,Klinik Pergigian WS Ooi,dentist,,"Gat Lebuh Macallum, Pengkalan Weld, 10300 George Town, Pulau Pinang, Malaysia",George Town,10042830367
100.3333906,5.4073657,Klink Bersatu Georgetown,clinic,,"30, Gat Lebuh Macallum, 10300 George Town, Pulau Pinang, Malaysia",George Town,9140921759
100.2770769,5.3317484,Dentist,dentist,,"35-03-11, Commercial Square, GOLDEN TRIANGLE, 2, Jalan Dato Ismail Hashim, Sungai Ara, 11900 Bayan Lepas, Pulau Pinang, Malaysia",Bayan Lepas,4678764492
100.3176176,5.4191766,Medisafe Pharmacy,pharmacy,,"Ground Floor, One part of, 177, Jln Macalister, 10400 George Town, Pulau Pinang, Malaysia",George Town,9391726943
100.3330892,5.4183287,Campbell phaemacy,pharmacy,,"174-176, Lebuh Campbell, George Town, 10100 George Town, Pulau Pinang, Malaysia",George Town,5621438721
100.3360333,5.4201222,Klinik Kesihatan Lebuh Mutri,clinic,,"36, Lebuh Muntri, George Town, 10200 George Town, Pulau Pinang, Malaysia",George Town,5510767422
100.2762486,5.3319397,O2 Clinic,clinic,,"29-1-10, Golden Triangle Condominium, Jln Paya Terubung, Relau, 11900 Bayan Lepas, Pulau Pinang, Malaysia",Bayan Lepas,6209919686
100.2782183,5.4018,Klinik Pergigian Union,dentist,,"2K, Ground Floor, Jln Lembah Permai, 11200 Tanjung Bungah, Pulau Pinang, Malaysia",Tanjung Bungah,6601382185
100.2784765,5.4020635,Farmasi City Healthcare,pharmacy,,"606 A, Jln Paya Terubung, Kampung Pisang, 11500 Ayer Itam, Pulau Pinang, Malaysia",Ayer Itam,6601338994
100.477933,5.3201059,Dr. Nano Labcel,clinic,,"F05, Aeon Mall Jalan Rozhan, 14000 Bukit Mertajam, Pulau Pinang, Malaysia",Bukit Mertajam,7737280873
100.3015753,5.3953439,NEPH Dialysis Center,alternative,dialysis,"10, Jalan Mas, Taman Guan Joo Seng, 11600 George Town, Pulau Pinang, Malaysia",George Town,9139409573
100.3902466,5.4354836,Spine Joint & Muscle Solutions,physiotherapist,,"7061, Jalan Ong Yi How, Taman Teratai, 13400 Butterworth, Pulau Pinang, Malaysia",Butterworth,6186119331
100.37996,5.4362443,Buddhist Tzu-Chi Dialysis Centre (Butterworth),unknown,,"6667-666, 6667-666, Jalan Bagan Ajam, Taman Molek, 13000 Butterworth, Penang, Malaysia",Butterworth,7604365657
100.2843607,5.3893905,Eye to Eye Optometry,optometrist,,"1-G-4, Medan Angsana 3, Bandar Baru Air Itam, 11500 Ayer Itam, Pulau Pinang, Malaysia",Ayer Itam,6700278655
100.3394389,5.4160031,Klinik Singapore,clinic,,"71-F, Jln Trengganu, Taman Free School, 10460 George Town, Pulau Pinang, Malaysia",George Town,5658629629
100.3203461,5.4176296,Hyperbaric Clinic,clinic,wound_care,"No. 125-A, Wisma Getah, Jln Macalister, 10400 George Town, Pulau Pinang, Malaysia",George Town,9391726776
100.3121093,5.4152111,Klinik Metadon,clinic,,"10450 George Town, Pulau Pinang, Malaysia",George Town,9485097861
100.3961321,5.4460406,Klinik Desa Sungai Puyu,clinic,,"Jalan Cempaka Sari, Kampung Pokok Keras, Butterworth, Pulau Pinang, Malaysia",Butterworth,2904647657
100.3862109,5.4278618,Medicare Clinic,clinic,,"9, Jalan Villa Tanjung, Villa Tanjung, 12300 Butterworth, Pulau Pinang, Malaysia",Butterworth,6652541489
100.3842584,5.4309789,Klinik Bersatu,clinic,,"5021, Jalan Raja Uda, Taman Sin Tat, 12300 Butterworth, Pulau Pinang, Malaysia",Butterworth,6539205487
100.390689,5.4308445,SkinMed Pharmacy,pharmacy,,"7427, Lorong Seri Tanjung 1, Jalan Ong Yi How, Taman Seri Tanjung, 13400 Butterworth, Pulau Pinang, Malaysia",Butterworth,6593387550
100.2823248,5.3880371,Farmasi Sim,pharmacy,,"19A, Lintang Angsana, Bandar Baru Air Itam, 11500 Ayer Itam, Pulau Pinang, Malaysia",Ayer Itam,4679533910
100.284175,5.3904299,Klinik Mediviron,clinic,,"12, Medan Angsana 1, Bandar Baru Ayer Itam, 11500 Ayer Itam, Pulau Pinang, Malaysia",Ayer Itam,6700278657
100.311965,5.4324561,Geh Plastic & Cosmetic Surgery,clinic,cosmetic,"Jalan Cantonment, 10250 George Town, Pulau Pinang, Malaysia",George Town,9817672888
100.311965,5.4324561,Geh Plastic & Cosmetic Surgery,clinic,plastic_surgery,"Jalan Cantonment, 10250 George Town, Pulau Pinang, Malaysia",George Town,9817672888
100.310811,5.4324896,M Pharmacy,pharmacy,,"1-G-1, Jalan Seri Tg Pinang, Seri Tanjung Pinang, 10470 Tanjung Tokong, Pulau Pinang, Malaysia",Tanjung Tokong,9472075253
100.3099083,5.4322776,Ampm,pharmacy,,"15, Jln Perak, 10150 George Town, Pulau Pinang, Malaysia",George Town,6605391186
100.286248,5.461448,L's workplace,doctor,,"Level 8, Livingston Tower, 170 Argyll Road, 10050 George Town, Pulau Pinang, Malaysia",George Town,2195141819
100.2911261,5.4654337,Seiki one care sdn.bhd,clinic,,"25, Jalan Sungai Kelian, 11200 Tanjung Bungah, Pulau Pinang, Malaysia",Tanjung Bungah,6605363288
100.2090893,5.4571332,Poliklinik Mutiaraku,clinic,,"48-0-7, Jalan Hassan Abbas, Teluk Bahang, 11050 George Town, Pulau Pinang, Malaysia",George Town,6601347505
101.5280961,3.3283392,Wong and Sing,clinic,,"4 & 5, Jalan Desa 1/1, Bandar Country Homes, 48000 Rawang, Selangor, Malaysia",Rawang,4596223491
101.528023,3.3283557,Eng and Sing,clinic,,"No. 6 & 7, Jalan Desa 1/1, Bandar Country Homes, 48000 Rawang, Selangor, Malaysia",Rawang,4596191890
101.5270106,3.3281883,BCH Pharmacy,pharmacy,,"NO. 23, GROUND & FIRST FLOOR, Jalan Pusat Bch 1a, Bandar Country Homes, 48000 Rawang, Selangor, Malaysia",Rawang,4596191893
101.5268109,3.3267771,Pharmacy,pharmacy,,"Jalan Desa Utama, Bandar Country Homes, 48000 Rawang, Selangor, Malaysia",Rawang,4596223493
101.2637733,3.3246697,Klinik Siti,clinic,,"No. 43 & 45, Jalan Melati 3/17, Bandar Melawati, 45000 Kuala Selangor, Selangor, Malaysia",Kuala Selangor,10286757490
101.2668924,3.3219362,Klinik Mediviron,clinic,,"No 12A, Jalan Bendahara 1a, Taman Bendahara, 45000 Kuala Selangor, Selangor, Malaysia",Kuala Selangor,6155720086
100.4198698,6.2804752,Farmasi Otto,pharmacy,,"4, Taman Jitra Indah, Pekan Jitra, 06000 Jitra, Kedah, Malaysia",Jitra,4504582203
100.9372031,3.8959022,Klinik Sri Melintang,clinic,,"Jalan Simpang Empat - Bagan Datuk, 36400 Hutan Melintang, Perak, Malaysia",Hutan Melintang,7419115461
101.691998,3.0698145,Sena Clinic,clinic,,"32A & 36, Jln Radin Bagus 3, Bandar Baru Sri Petaling, 57000 Kuala Lumpur, Wilayah Persekutuan Kuala Lumpur, Malaysia",Kuala Lumpur,7313133238
101.6900891,3.0687479,Poliklinik Kumpulan Sentral,clinic,,"26, Jalan Radin Anum, Bandar Baru Sri Petaling, 57000 Kuala Lumpur, Wilayah Persekutuan Kuala Lumpur, Malaysia",Kuala Lumpur,7313133235
101.6900891,3.06814,Klinik Sentral,clinic,,"22, Jalan Radin Anum, Bandar Baru Sri Petaling, 57000 Kuala Lumpur, Wilayah Persekutuan Kuala Lumpur, Malaysia",Kuala Lumpur,7313133234
100.4571719,5.4886954,Klinik Harmoni,clinic,,"No. 17, Pusat Perushaan, Jln Pokok Sena, 13220 Kepala Batas, Pulau Pinang, Malaysia",Kepala Batas,4571701450
100.2884638,5.4047236,O2 Clinic,clinic,,"1 & 1M, Jalan Ayer Itam, 11500 George Town, Pulau Pinang, Malaysia",George Town,6601382297
100.434472,5.509619,Sunny Pharmacy,pharmacy,,"Ground Floor, 41, Lrg Bertam Ria 2, Taman Bertam Ria, 13200 Kepala Batas, Pulau Pinang, Malaysia",Kepala Batas,4229214589
100.3974094,5.4283728,仁安堂药行,alternative,,"7, Lorong Kasawari 4, Taman Eng Ann, 41150 Klang, Selangor, Malaysia",Klang,6126430957
100.3805134,5.4219894,Tabib Zhonghua Teik Kuan,alternative,,"11a, Lorong Ceri 5, Taman Aman Jaya, 12300 Butterworth, Pulau Pinang, Malaysia",Butterworth,6419169291
102.5100867,5.7336543,Klinik Perubatan Hijraa,clinic,,"Lot 60177 & 60178, Mukim, Kampung Gong Kemuntong, 22000 Jerteh, Terengganu, Malaysia",Jerteh,11170878554
101.6941586,2.8201632,Watsons,pharmacy,,"47-G, Ground Floor, Jln Warisan Sentral 1, Kota Warisan, 43900 Sepang, Selangor, Malaysia",Sepang,11555857094
102.3777349,2.8031271,Klinik Kesihatan Bahau,clinic,,"Jalan Penarikan, Kampung Jambu Lapan, 72100 Bahau, Negeri Sembilan, Malaysia",Bahau,8743894289
101.6360066,3.1100483,Klinik Pergigian Chuah,dentist,,"21A, Jalan 14/20, Seksyen 14, 46100 Petaling Jaya, Selangor, Malaysia",Petaling Jaya,4736156260
101.605493,3.1876247,Cosway Pharmacy,pharmacy,,"No. 23G, SU Mall, Saujana Utama, 47000, Sungai Buloh, Selangor, 14G, Su Mall, Jalan Bidara 8, Saujana Utama 3, 47000 Sungai Buloh, Selangor, Malaysia",Sungai Buloh,1730303656
101.6053428,3.1882085,Caring Pharmacy,pharmacy,,"15, Jalan Tanjung SD 13/1, Bandar Sri Damansara, 52200 Kuala Lumpur, Wilayah Persekutuan Kuala Lumpur, Malaysia",Kuala Lumpur,1730303653
102.034003,3.4143004,Karak Pharmacy,clinic,,"14 Jalan Besar Karak, Kampung Baru Karak, 28600 Karak, Pahang, Malaysia",Karak,6044440292
101.6441089,3.4674551,Klinik Desa Batang Kali,clinic,,"Jalan Ulu Yam Baru, 44300 Batang Kali, Selangor, Malaysia",Batang Kali,4762585059
102.3999475,3.4896843,Klinik Desa Lubuk Kawah,clinic,,"Lubuk Paku, 26500 Maran, Pahang, Malaysia",Temerloh,2575712441
102.3951119,3.4624657,Poliklinik Cahaya Annur,clinic,,"76, Jalan Cengal 2, Taman Cengal, 28000 Temerloh, Pahang, Malaysia",Temerloh,8925979446
102.394352,3.4537544,Farmasi Temerloh Jaya,pharmacy,,"NO 2A, TINGKAT BAWAH, Jalan Tj 6/1, Taman Temerloh Jaya, 28000 Temerloh, Pahang, Malaysia",Temerloh,9439307214
102.4363022,3.4707435,Klinik Desa Bangau,clinic,,"Kampung Bangau, 28000 Temerloh, Pahang, Malaysia",Temerloh,3184165248
102.4197532,3.4508435,Guardian,pharmacy,,"NO 32 GROUND FLOOR,JALAN SUDIRMAN 1,BANDAR BARU, Bandar Sri Semantan, 28000 Temerloh, Pahang, Malaysia",Temerloh,2555708429
102.3819735,3.4698368,Poliklinik Abdul Rahman,clinic,,"Bangunan LKNP, No. 12, Jalan Mentakab, Simpang Songsang, Batu 3, Pahang, Taman Sri Semantan, 28000 Temerloh, Pahang, Malaysia",Temerloh,2554368026
101.6585659,3.4608668,Klinik Sinar,doctor,,"PERNIAGAAN, 18, Jalan Gapi 1a/1, Antara Gapi, 48200 Serendah, Selangor, Malaysia",Batang Kali,4763076239
103.758076,1.5765887,Southern Medical Clinic,clinic,,"20, Jln Sri Pelangi 4, Taman Pelangi, 80400 Johor Bahru, Johor Darul Ta'zim, Malaysia",Johor Bahru,11704058847
103.758309,1.5765711,Kang Ming Family Clinic,clinic,,"10, Jln Setia 3/12, Taman Setia Indah, 81100 Johor Bahru, Johor Darul Ta'zim, Malaysia",Johor Bahru,10828314077
101.5480562,3.1760791,Klinik Utama,clinic,,"70, Jalan Nova U5/N, TAMAN SUBANG BESTARI, 40150 Shah Alam, Selangor, Malaysia",Shah Alam,11949518563
104.1582559,2.8180164,Tioman Clinic,hospital,,"Tekek, Pulau Tioman Tioman, Tioman Island, Pahang, Malaysia",Tioman Island,1477783248
101.5352849,3.172569,Farmasi Dinar,pharmacy,,"No. 3-G, Jalan Musytari A/P U5/AP, Subang Pelangi, Seksyen, U5 Shah Alam, 40150 Shah Alam, Selangor, Malaysia",Shah Alam,11951334320
101.5351966,3.1725584,Poliklinik Dinar,clinic,,"53, Jalan Dinar G U3/G, Taman Subang Perdana, 40150 Shah Alam, Selangor, Malaysia",Shah Alam,11951334319
101.6927511,2.8273327,Oracare,dentist,,"No.40 (First Floor, Arena Warisan Puteri, Jalan Arena, Kota Warisan, 43900 Sepang, Selangor, Malaysia",Sepang,11951322421
101.6927871,2.8272951,Klinik Utama,clinic,,"39-G & 40-G, Arena Warisan Puteri, Jalan Arena, Kota Warisan, 43900 Sepang, Selangor, Malaysia",Sepang,11951322420
113.9852939,4.3905481,Jee Kwong Optical Corporation Sdn Bhd,optometrist,,"Lot 1298, Jalan Melayu, Centre Point Commercial, 98000 Miri, Sarawak, Malaysia",Miri,11962997720
101.7396007,3.0986981,Pusat Akupunktur Yulek,alternative,acupuncture,"Taman Desa Aman, 56100 Kuala Lumpur, Wilayah Persekutuan Kuala Lumpur, Malaysia",Kuala Lumpur,11964277055
101.7780985,2.9259204,Pusat Kesihatan Universiti,clinic,,"Jalan Nik Ahmed Kamil, 43600 Bandar Baru Bangi, Selangor, Malaysia",Bangi,7491313440
118.2479058,4.6847738,Farmasi Kunak Sdn Bhd,pharmacy,,"Jln Teratai, Pekan Kunak, 91207 Kunak, Sabah, Malaysia",Kunak,11950705746
101.6944646,3.1538409,Daya X-Ray Specialist Centre,clinic,,"Jln Raja Laut, City Centre, 50100 Kuala Lumpur, Wilayah Persekutuan Kuala Lumpur, Malaysia",Kuala Lumpur,11957238111
101.6944542,3.1539043,Klinik Perubatan Neuro,clinic,,"Menara DBKL 2 Wisma PKNS, Ground Floor, Jalan Raja Laut, Kuala Lumpur, Wilayah Persekutuan Kuala Lumpur, Kuala Lumpur City Centre, 50100 Kuala Lumpur, Federal Territory of Kuala Lumpur, Malaysia",Kuala Lumpur,11957238110
118.2501714,4.6881326,Klinik Ibu Dan Anak Daerah Kunak,clinic,,"Pekan Kunak, 91100 Kunak, Sabah, Malaysia",KUNAK,11984532017
111.6351041,2.1697303,PMG Pharmacy,pharmacy,,"3, Jalan Kelupu, 96507 Bintangor, Sarawak, Malaysia",Bintangor,11961748114
103.3105726,1.826332,Klinik Rafeah,clinic,general,"No. 104, Jalan Besar, Johor, Simpang Renggam, 86200 Simpang Renggam, Johor, Malaysia",Simpang Renggam,7284027639
103.3096144,1.8270988,Klinik Doktor Gigi Yang,clinic,dentistry,"Malaysia, Johor, Simpang Renggam, MY Johor Simpang Renggam Simpang Renggam Jalan Besar 46A, (1st Floor邮政编码: 86200",Simpang Renggam,7284027646
103.3086798,1.8281323,Vita Pharmacy Sdn Bhd,pharmacy,,"NO. 26,, Jalan Besar, Simpang Renggam, 86200 Simpang Renggam, Johor Darul Ta'zim, Malaysia",Simpang Renggam,7283906591
103.3108926,1.8260386,Klinik Bakti Simpang Renggam,clinic,general,"B4, Jln Besar, Medan Niaga MARA, 86200 Simpang Renggam, Johor Darul Ta'zim, Malaysia",Simpang Renggam,7283906589
103.3078295,1.8296458,Sri Tanjung,pharmacy,,"Sri tanjung, Pulau sri tanjung, 16200 Tumpat, Kelantan, Malaysia",Simpang Renggam,7284027653
102.6156791,5.6443902,Masjid Felda Selasih,clinic,,"22020 Jerteh, Terengganu, Malaysia",Jerteh,7265227134
101.709972,3.0603659,Miracle Physiotheray Centre,physiotherapist,,"17-18G, JALAN PUSAT KOMERSIAL SAUJANA 1 PUSAT KOMERSIAL SAUJANA, SEREMBAN 2 HEIGHT, Seremban 2, 70300 Seremban, Negeri Sembilan, Malaysia",Seremban,8058352785
101.7519216,3.1287483,Pathlab,laboratory,,"2, Jalan Perubatan 2, Pandan Indah, 55100 Kuala Lumpur, Wilayah Persekutuan Kuala Lumpur, Malaysia",Kuala Lumpur,12240919478
101.6657933,3.221027,Klinik Shafi,clinic,,"108, Jln Miri, Taman Beringin, Jinjang Utara, 52000 Kuala Lumpur, Federal Territory of Kuala Lumpur, Malaysia",Kuala Lumpur,7301462895
103.7106937,1.5447001,Dental Legacy,dentist,,"NO 8&10 (GF, Jalan Perjiranan 2, Bandar Dato Onn, 81100 Johor Bahru, Johor Darul Ta'zim, Malaysia",Johor Bahru,7417194267
101.7845759,2.9929737,Klinik Hidup Sihat,clinic,,"Jalan 2, Kampung Jambu, 43000 Kajang, Selangor, Malaysia",Kajang,12240441316
110.3636812,1.5456664,Lu Medical Clinic,clinic,,"Sekama, 93300 Kuching, Sarawak, Malaysia",Kuching,12347485527
103.6266511,1.6480205,Guardian,pharmacy,,"NO G-31/32/65/66 GROUND FLOOR, LEBUH BANDAR UTAMA, Bandar Putra Kulai, 81000 Kulai, Johor Darul Ta'zim, Malaysia",Kulai,9574065209
101.6824699,3.2077603,Klinik Kesihatan PPR Batu Muda,clinic,general,"No 7, Jalan 3/124, Kampung Batu Muda, 51100 Kuala Lumpur, Wilayah Persekutuan Kuala Lumpur, Malaysia",Kuala Lumpur,9406622987
101.4117563,3.0692152,Klinik Nuraini,clinic,,"3230, 31, Jln Rantau Panjang, Kampung Rantau Panjang, 42200 Klang, Selangor, Malaysia",Klang,7271541314
102.9499768,1.8418276,Kedai Ubat Heng Leong,alternative,,"94, Jalan Susur Perdana Tengah, Taman Bukit Perdana, 83000 Batu Pahat, Johor Darul Ta'zim, Malaysia",Batu Pahat,7266765879
101.6960772,3.1754869,Klinik Safacare,clinic,,"46G, Persiaran 65c, Pekeliling Business Centre, Off, Jalan Pahang Barat, Pekeliling, 53300 Kuala Lumpur, Wilayah Persekutuan Kuala Lumpur, Malaysia",Kuala Lumpur,11601312479
101.5592316,3.2027275,BE Pharmacy,pharmacy,,"2098, Jalan 3/1, Bandar Baru Sungai Buloh, 47000 Sungai Buloh, Selangor, Malaysia",Sungai Buloh,10177746962
103.7621155,1.4626316,Klinik Dr. Mahmud JB,clinic,,"83F, Jalan Trus, Bandar Johor Bahru, 80000 Johor Bahru, Johor Darul Ta'zim, Malaysia",Johor Bahru,12697721142
102.5054734,5.7344476,Kedai Ubat Tradisi Sen Seh,pharmacy,traditional_chinese_medicine,"Jalan Kota Bharu-Kuala Terengganu, Terengganu, 22000 Jerteh, Kelantan, Malaysia",Jerteh,8920443794
102.5054252,5.7344705,Klinik Dr. Nazri,clinic,,"Jalan Besar, Kg Mak Sara, 22000 Jerteh, Terengganu, Malaysia",Jerteh,4495873094
100.5363172,5.3747808,Siang Pharmacy,pharmacy,,"No 3681 & 3682, Lorong Selasih 1/3, Taman Selasih, 09000 Kulim, Kedah, Malaysia",Kulim,9571403261
102.9513023,1.8422914,klinik perdana,clinic,,"No. 50, Jalan Susur Perdana Tengah, Taman Bukit Perdana, 83000 Batu Pahat, Johor Darul Ta'zim, Malaysia",Batu Pahat,6038937287
102.9541366,1.8432034,mediwell,pharmacy,,"2-16, Jalan Susur Perdana Tengah, Taman Bukit Perdana 2, 83000 Batu Pahat, Johor Darul Ta'zim, Malaysia",Batu Pahat,6039014386
102.9500365,1.8418389,Klinik Taita,clinic,,"92, Jalan Susur Perdana Tengah, Taman Bukit Perdana, 83000 Batu Pahat, Johor Darul Ta'zim, Malaysia",Batu Pahat,7266765880
102.9538441,1.843135,Klinik Pakar Kanak Kanak Allen,doctor,,"2-8, Jalan Susur Perdana Tengah, Taman Bukit Perdana, 83000 Batu Pahat, Johor Darul Ta'zim, Malaysia",Batu Pahat,7266765845
103.6306334,1.5436341,am pm,pharmacy,,"4, Jalan Kebudayaan 6, Taman Universiti, 81300 Skudai, Johor Darul Ta'zim, Malaysia",Skudai,5722598422
103.6312099,1.5410715,Perubatan Cina Lim Han Lin,clinic,acupuncture,"27, Jalan Kebudayaan 8, Taman Universiti, 81300 Skudai, Johor Darul Ta'zim, Malaysia",Taman Universiti,7274360403
103.6312099,1.5410715,Perubatan Cina Lim Han Lin,clinic,traditional_chinese_medicine,"27, Jalan Kebudayaan 8, Taman Universiti, 81300 Skudai, Johor Darul Ta'zim, Malaysia",Taman Universiti,7274360403
103.6312099,1.5410715,Perubatan Cina Lim Han Lin,clinic,orthopaedics,"27, Jalan Kebudayaan 8, Taman Universiti, 81300 Skudai, Johor Darul Ta'zim, Malaysia",Taman Universiti,7274360403
103.6183931,1.531505,kedai ubat dan runcit heng long,pharmacy,,"29 & 31, Jalan Penyiaran 1, Taman Universiti, 81300 Skudai, Johor Darul Ta'zim, Malaysia",Taman Universiti,7274609778
101.6849519,3.1020148,Guardian,pharmacy,,"7-0-10, Jalan 3/109f, Taman Danau Desa, 58100 Kuala Lumpur, Wilayah Persekutuan Kuala Lumpur, Malaysia",Kuala Lumpur,10682499798
100.4189717,6.2640431,MU Pharmacy,pharmacy,,"KOMPLEKS, 20, Jalan Jitra, Pekan Jitra, 06000 Jitra, Kedah, Malaysia",Jitra,3934368887
100.4193006,6.2633053,Poliklinik Pakar Perubatan Jitra,clinic,,"No. 34, Kompleks Jitra, Taman Pasu, 06000 Jitra, Kedah, Malaysia",Jitra,4194016433
102.9468705,1.8591652,Flora Dental Clinic 梅花岭牙科,dentist,dentistry,"25, Jln Bintang 18, Taman Flora, 83000 Batu Pahat, Johor Darul Ta'zim, Malaysia",Batu Pahat,9558242810
103.7958915,1.5334069,BP Diagnostik,clinic,,"No. 53-G, 53-G, Jalan Ros Merah 2/10, Taman Johor Jaya, 81100 Johor Bahru, Johor Darul Ta'zim, Malaysia",Johor Bahru,9560273987
101.0402812,4.4730412,Watsons,pharmacy,,"LOT 11 Ground Floor, Jln Dewangsa, Ipoh, 31000 Batu Gajah, Perak, Malaysia",Batu Gajah,12695786633
102.2475674,6.1239422,Jabatan Psikiatri dan Kesihatan Mental,clinic,psychiatry,"Bandar Kota Bharu, 15200 Kota Bharu, Kelantan, Malaysia",Kota Bharu,12695353969
103.7864569,1.5230028,Guardian,pharmacy,,"89, Jalan Molek 3/1, Taman Molek, 81100 Johor Bahru, Johor Darul Ta'zim, Malaysia",Johor Bahru,9560277638
101.0427845,4.4686619,HTM Pharmacy,pharmacy,,"57R, Jalan Besar, 31000 Batu Gajah, Perak, Malaysia",Batu Gajah,12695934711
102.2452387,6.1245801,Farmasi Pesakit Luar,pharmacy,,"Hospital Universiti Sains Malaysia, Kubang Kerian, 15200 Kota Bharu, Kelantan, Malaysia",Kota Bharu,12688626815
102.2447182,6.1246065,Klinik Otopedik,clinic,orthopaedics,"Pusat Pengajian Sains Perubatan, Kampus Kesihatan, Universiti Sains, Kubang Kerian, 16150 Kota Bharu, Kelantan, Malaysia",Kota Bharu,12688626814
101.6898461,3.2069962,Klinik Anda,clinic,,"G-10 & G-11 (Tingkat Bawah, Maxim Sentul, 25, Jln Sentul Pasar, Setapak, 51000 Kuala Lumpur, Wilayah Persekutuan Kuala Lumpur, Malaysia",Kuala Lumpur,12696362398
101.6927182,3.1856005,AA Pharmacy,pharmacy,,"No. 11 Ground Floor, Jalan 11/48a, Sentul Raya Boulevard, 51000 Kuala Lumpur, Wilayah Persekutuan Kuala Lumpur, Malaysia",Kuala Lumpur,12696362370
101.690577,3.1950357,Klinik Mediviron,clinic,,"Klinik Mediviron KLTS 8G Plaza KLTS 99 Jalan Gombak 53000 setapak Kuala Lumpur gombak, Setapak, 53000 Kuala Lumpur, Wilayah Persekutuan Kuala Lumpur, Malaysia",Kuala Lumpur,8946601767
101.6915376,3.183658,Klinik Pergigian Sentul,clinic,,"189A Jalan Perhentian Off Jalan Haji Salleh, 51100 Kuala Lumpur. WP Kuala Lumpur, Sentul, 51100 Kuala Lumpur, Wilayah Persekutuan Kuala Lumpur, Malaysia",Kuala Lumpur,4736562924
101.9382972,2.7274336,AA Pharmacy,pharmacy,,"151, Jalan Dato Bandar Tunggal, Bandar Seremban, 70000 Seremban, Negeri Sembilan, Malaysia",Seremban,11535810254
102.0618588,2.6294333,Klinik Kesihatan Pedas,clinic,,"Kampung Gaing, 71400 Pedas, Negeri Sembilan, Malaysia",Pedas,11536460837
118.0798968,5.8567749,M C Lau Optometry Clinic,optometrist,,"Blok 37, Ground Floor, Lebuh Lima, Pusat Bandar Sandakan, 90000 Sandakan, Sabah, Malaysia",Sandakan,6172547015
100.3704699,5.4096435,Pathlab,laboratory,,"4114, Jalan Bagan Luar, Bagan Luar, 12000 Butterworth, Pulau Pinang, Malaysia",Butterworth,7083902735
103.9050683,1.409303,Bloodbank@One Punggol,blood_donation,,"1 Punggol Dr., #02-38, Singapura 828629",Singapore,11243615161
102.2459619,6.1250176,Jabatan Pakar Bedah Mulut dan Maksilofasial,clinic,dental_oral_maxillo_facial_surgery,"Hosp.Raja Perempuan Zainab 11, Jalan Hospital, Kelantan, Bandar Kota Bharu, 15586 Kota Bharu, Kelantan, Malaysia",Kota Bharu,12688626859
101.5748799,3.3210939,Namax;Patel & Kim,clinic,,"57, Jln Welman, Pusat Bandar Rawang, 48000 Rawang, Selangor, Malaysia",Rawang,2542659440
102.2454215,6.1250551,"Klinik Telinga, Hidung dan Tekak",clinic,otolaryngology,"PT179, 184, Jalan Sultan Yahya Petra, Taman Aman, 15200 Kota Bharu, Kelantan, Malaysia",Kota Bharu,12688626860
102.2456663,6.1250381,Klinik Mata,clinic,ophthalmology,"PT 65 & PT 66, Tingkat Bawah, Batu 2, Jalan Kuala Krai, Bandar Kota Bharu, 15050 Kota Bharu, Kelantan, Malaysia",Kota Bharu,12688626858
101.4407687,3.014665,Pusat Dialisis Permodalan Negeri Selangor,dialysis,nephrology,"41500, 9 & 11, Jln Seri Sarawak 20B, Taman Sri Andalas, 41200 Klang, Selangor, Malaysia",Klang,1783286857
100.2865646,5.3965624,Georgetown Pharmacy,pharmacy,,"62-1 & 62A-1, Farlim Square, Jln Pisang Berangan, Kampung Melayu, 11500 Ayer Itam, Pulau Pinang, Malaysia",Ayer Itam,11540508590
118.0790582,5.8579723,Solia Pharmacy,pharmacy,,"Lot 95 Ground Floor, Bandar Pasaraya, Sandakan, Bandar Pasaraya, 90000 Sandakan, Sabah, Malaysia",Sandakan,6172547049
118.0802499,5.8582575,JW Pharmacy,pharmacy,,"Block J, Lot 71, Bandar Pasaraya, Mile 4, 90000, Sandakan, Sabah, Bandar Pasaraya, 90000 Sandakan, Sabah, Malaysia",Sandakan,6172547036
118.0793449,5.8565126,Klinik Elopura,doctor,general,"Lot 4, Batu 4, Jalan Utara, Bandar Pasaraya, 90000 Sandakan, Sabah, Malaysia",Sandakan,6172547007
118.0785536,5.8577872,Watson Pasaraya,pharmacy,,"Block N, Lot 100 (GRD Bandar Pasaraya, Jalan Utara, Batu 4, 90000 Sandakan, Sabah, Malaysia",Sandakan,6172546568
101.6727368,3.2025184,CARiNG Pharmacy Taman Kok Lian,pharmacy,,"26,Jalan Ambar, Off, Jln Ipoh, Taman Kok Lian, 51200 Kuala Lumpur, Federal Territory of Kuala Lumpur, Malaysia",Kuala Lumpur,9447156398
101.5760901,3.1723444,Klinik Pergigian Medissa,dentist,,"29, Jalan Nuri 7a, Kota Damansara, 47810 Petaling Jaya, Selangor, Malaysia",Petaling Jaya,4444001863
101.6912418,3.173035,Kiara Medical Centre,hospital,general,"8, Jalan 31/70a, Desa Sri Hartamas, 50480 Kuala Lumpur, Wilayah Persekutuan Kuala Lumpur, Malaysia",Kuala Lumpur,4740267123
99.731444,6.3426361,Pillbox Pharmacy Langkawi International Airport,pharmacy,,"L1L33 landside, Pintu A langkawi international Airport, 07000 Langkawi, Kedah, Malaysia",Langkawi,12677966850
101.9344549,2.6892932,Klinik Sofea,pharmacy,,"10 & 11-G, Jalan Rasah Prima 1, Pusat Komersial Rasah Prima, 70300 Seremban, Negeri Sembilan, Malaysia",Seremban,9917404850
101.9344026,2.6891123,Top Vision Eye Specialist Centre,hospital,ophthalmology,"6, 7 & 8, Jalan Rasah Prima 1, Pusat Komersial Rasah Prima, 70300 Seremban, Negeri Sembilan, Malaysia",Seremban,9917404848
101.3741726,3.136981,Klinik Mediviron,clinic,,"Lot 532, Jalan Besar, Pekan Kapar, 42200 Kapar, Selangor, Malaysia",Kapar,7728991103
101.6677501,3.2043795,Guardian,pharmacy,,"Lot No. 27, Jalan Batu Ambar, Batu 5, Jln Ipoh, Taman Kok Lian, 51200 Kuala Lumpur, Federal Territory of Kuala Lumpur, Malaysia",Kuala Lumpur,7236214706
103.0770251,1.8495907,Guardian,pharmacy,,"L11 & 12, Tesco Parit Raja,HSD 70098, PTD No 23625 Mukim, Kampung Parit Jelutong, 86400 Parit Raja, Johor Darul Ta'zim, Malaysia",Parit Raja,9549247336
100.4796769,5.6278489,I-Care Farmasi Sungai Petani,pharmacy,,"A183a, Jalan Baiduri 3, Taman Baiduri, 08000 Sungai Petani, Kedah, Malaysia",Sungai Petani,7387969257
101.7808591,2.9385215,Klinik Khalifah,clinic,general,"1-05, VISTA BANGI, Jln TB 1/1, 43000 Kajang, Selangor, Malaysia",Bandar Baru Bangi,12203295462
101.9116345,2.6989884,Guardian,pharmacy,,"LOT NO 14G GROUND FLOOR, Jln S2 B18, Biz Avenue Seremban 2, 70300 Seremban, Negeri Sembilan, Malaysia",Seremban,3252997937
101.4896529,3.2345495,Poliklinik Desa Sentral,clinic,,"30, Jalan DC 4/5, Desa Coalfields, 47000 Sungai Buloh, Selangor, Malaysia",Sungai Buloh,11754489695
116.4222553,4.5000252,Klinik Kesihatan Pagalungan,clinic,,"Nabawan, Sabah, Malaysia",Nabawan,7893336945
101.6252614,3.1070338,Cosway,pharmacy,,"97, Jalan SS 2/6, SS 2, 47300 Petaling Jaya, Selangor, Malaysia",Petaling Jaya,11533968858
101.638354,3.0991027,Klinik Kakitangan MBPJ,clinic,,"43, Jalan Sungai Jernih 8/1, Seksyen 8 Petaling Jaya, 46050 Petaling Jaya, Selangor, Malaysia",Petaling Jaya,11519580657
101.6518378,3.0726274,Klinik Setia,clinic,,"33, Jalan Seri Sentosa 11a, Taman Sri Sentosa, 58000 Kuala Lumpur, Wilayah Persekutuan Kuala Lumpur, Malaysia",Kuala Lumpur,4710894403
101.6486677,3.0733937,Klinik Sri Manja,clinic,,"No 19 GF, Jalan PJS 3/48, Sri Manja Square One, 46510 Petaling Jaya, Selangor, Malaysia",Petaling Jaya,4710894184
101.6479569,3.0733382,Springhealth Pharmacy,pharmacy,,"12A, Jalan PJS 3/48, Taman Sri Manja, 46000 Petaling Jaya, Selangor, Malaysia",Petaling Jaya,4710894179
101.6458498,3.0869649,Klinik Leela Ratos,doctor,,"86, Jln Othman, Pj Old Town, 46000 Petaling Jaya, Selangor, Malaysia",Petaling Jaya,1538397888
101.6460604,3.086823,Klink Pergigian Chong,dentist,,"82-GF, Jln Othman, 46000 Petaling Jaya, Selangor, Malaysia",Petaling Jaya,1538397872
100.211301,6.6424341,Klinik Kesihatan Kaki Bukit,clinic,,"Kaki Bukit, 02200 Kaki Bukit, Perlis, Malaysia",Kaki Bukit,9893357129
110.3309059,1.4758276,Klinik Kelly Lau,clinic,,"Ground Floor, Sublot 21, Lot 3162 Sentosa Central, 7th Mile, Jalan Penrissen, Road, 93250 Kuching, Sarawak, Malaysia",Kuching,12234438154
101.3790973,4.4710885,Klinik Kesihatan Tanah Rata,hospital,,"F98R+Q7, Persiaran Dayang Endah, Tanah Rata, 39000 Tanah Rata, Pahang, Malaysia",Cameron Highlands,4603907592
113.9914882,4.3426455,Awaken Spirit-Mind Science Centre,psychotherapist,,"Malaysia, Sarawak, Miri, Phase 1, Jalan Melayu, Lot 1258 2nd Floor Blk 10 MCLD邮政编码: 98000",Miri,12149328067
102.1701051,6.1988736,Rozaimi Optometris,optometrist,,"Lot 122, Jalan Hilir Pasar, Bandar Tumpat, 16200 Tumpat, Kelantan, Malaysia",Tumpat,8939545222
101.6869108,3.1000715,Citdental,dentist,,"Jalan 3/109f, Taman Danau Desa, 58100 Wilayah Persekutuan, Wilayah Persekutuan Kuala Lumpur, Malaysia",Wilayah Persekutuan,12671271000
101.6869076,3.0995899,One2Teeth,dentist,,"1-1, Plaza Danau 2. Jalan 5/109F Taman Danau Desa, Taman Desa, 58100 Kuala Lumpur, Wilayah Persekutuan Kuala Lumpur, Malaysia",Kuala Lumpur,12671270998
100.3087052,5.4034401,Klinik Singapore,clinic,general,"71-F, Jln Trengganu, Taman Free School, 10460 George Town, Pulau Pinang, Malaysia",George Town,9848448673
100.30863,5.4039065,Poliklinik Bagan,clinic,general,"4706, Jalan Bagan Luar, Kampung Benggali, 12000 Butterworth, Pulau Pinang, Malaysia",Butterworth,9848448670
104.2235873,1.3503589,Klinik Rafeeq & Nurul,clinic,,"67, Jalan Hee Seng, Kampung Sungai Rengit, 81600 Pengerang, Johor Darul Ta'zim, Malaysia",Pengerang,4101542891
110.3286486,1.4744285,Klinik Pergigian Shin,dentist,,"Ground Floor, No. 41, Lot 3743 Block 233 KNLD, Lee Ling Heights, Batu 6 1/2, Jalan Penrissen, 93250 Kuching, Sarawak, Malaysia",Kuching,12231598392
101.7027951,3.1456807,Jolly Pharmacy,pharmacy,,"80, Jln Pudu, City Centre, 55100 Kuala Lumpur, Wilayah Persekutuan Kuala Lumpur, Malaysia",Kuala Lumpur,11581464468
102.4549743,3.2664422,Primer Cherang Clinic Bera,clinic,,"NO. 7, JALAN KERAYONG IMPIAN 1, TAMAN KERAYONG IMPIAN, 28200 Bandar Bera, Pahang, Malaysia",Bandar Bera,11518283448
100.4123559,6.2030514,Farmasi Berkat Jaya,pharmacy,,"Kampung Tok Jalai, 06200 Kepala Batas, Kedah, Malaysia",Kepala Batas,3936254939
100.4130218,6.2046873,Polikinik Dr Azhar dan Rakan-Rakan,clinic,,"pertubuhan peladang muda jaya plot 1150 pekan, Kampung Tok Jalai, 06200 Kepala Batas, Kedah, Malaysia",Kepala Batas,4503704341
100.3580169,6.1430768,Poliklinik Mahkota,clinic,,"K166 Ground Floor, Jalan Sultanah, Sambungan Mergong, 05350 Alor Setar, Kedah, Malaysia",Alor Setar,4331206729
100.3661184,6.14299,Nurina Pharmacy,pharmacy,,"Lot 10-1, Kompleks Perniagaan Utama, Jalan Sultanah Sambungann, Kampung Lubok Peringgi, 05350 Alor Setar, Kedah, Malaysia",Alor Setar,4329526693
100.3656432,6.1428563,Klinik Pergigian Wong,dentist,,"No 17, Tingkat 1, Sambungan, 05350, Jalan Sultanah, Kompleks Perniagaan Utama, 05150 Alor Setar, Kedah, Malaysia",Alor Setar,4329526481
100.3655828,6.1429537,Klinik Dr Noriah (Cawangan Alor Star),clinic,,"No 18, Jalan Sultanah, Kompleks Perniagaan Utama, 05250 Alor Setar, Kedah, Malaysia",Alor Setar,4329526480
100.3884949,5.4354435,Farmasi Chong,pharmacy,,"6929-GF, Jalan Ong Yi How, Lucky Park, 13400 Butterworth, Pulau Pinang, Malaysia",Butterworth,5995675266
101.7755506,2.9384199,Guardian,pharmacy,,"2A, Jalan 3/69, Seksyen 3 Bandar Baru Bangi, 43650 Bandar Baru Bangi, Selangor, Malaysia",Bandar Baru Bangi,12210577039
101.4427406,2.9974232,Q&M Dental (Klang),dentist,,"32A, 1, Lorong Batu Nilam 21A, Bandar Bukit Tinggi 2, 41200 Klang, Selangor, Malaysia",Klang,8198014392
101.4436443,2.9974504,My Braces Orthodontics,dentist,orthodontics,"56, Lorong Batu Nilam 21A, Bandar Bukit Tinggi 2, 41200 Klang, Selangor, Malaysia",Klang,8198014389
101.4437014,2.9974783,Dr Wong Specialist Clinic (Psychiatry),clinic,psychiatry,"62A, Lorong Batu Nilam 21A, Bandar Bukit Tinggi 1, 41200 Klang, Selangor, Malaysia",Klang,8198014388
110.3277072,1.4361662,Med Town Pharmacy,pharmacy,,"Eastcomm 2, Jalan Kuching - Serian, 94200 Siburan, Sarawak, Malaysia",Siburan,12231564832
102.3818949,6.0122229,Poliklinik Alfarhain Jelawat,hospital,,"PT 4337, Jln Jelawat - Tangok, Bandar Baru Jelawat, 16079 Bachok, Kelantan, Malaysia",Bachok,11515842388
101.742587,3.1002545,Kedai Ubat Tai Sin,pharmacy,,"18, Jalan Cengkeh, Taman Cheras, 56100 Kuala Lumpur, Wilayah Persekutuan Kuala Lumpur, Malaysia",Kuala Lumpur,12231293859
101.4531844,3.2322117,Getwell Clinic,clinic,,"Eco Grandeur, 26-G, Jln Eco Grandeur 1/8A, 42300 Puncak Alam, Selangor, Malaysia",Puncak Alam,11064490154
102.2135688,6.1125065,Poliklinik Maya 24 Jam,hospital,general,"Lot 2233 ,Kampung Baru, Kampung Pasir Pekan, 16250 Wakaf Bharu, Kelantan, Malaysia",Wakaf Bharu,11515851988
102.2135688,6.1125065,Poliklinik Maya 24 Jam,hospital,emergency,"Lot 2233 ,Kampung Baru, Kampung Pasir Pekan, 16250 Wakaf Bharu, Kelantan, Malaysia",Wakaf Bharu,11515851988
102.2943789,5.9640504,Poliklinik Maya 24 Jam,hospital,general,"Lot 1770, Jln Melor - Gunong, Kedai Melor, 16400 Kota bharu, Kelantan, Malaysia",Kota bharu,11515857086
102.2943789,5.9640504,Poliklinik Maya 24 Jam,hospital,emergency,"Lot 1770, Jln Melor - Gunong, Kedai Melor, 16400 Kota bharu, Kelantan, Malaysia",Kota bharu,11515857086
110.3276862,1.435781,Klinik JTL,clinic,,"Ground Floor, Lot 53 (Survey Lot 2015 RH Park Phase 2, 9th Mile Jalan Penrissen, Jalan Penrissen, 93250 Kuching, Sarawak, Malaysia",Kuching,12231564830
110.3511427,1.5036439,BIG Pharmacy,pharmacy,,"Lot 9903 & 9904, Ground Floor, Block 16, KCLD, RH Plaza, Jalan Lapangan Terbang, Sedc Woodhouse, 93350 Kuching, Sarawak, Malaysia",Kuching,11516248312
101.6581222,3.2089598,Poliklinik dan Surgeri Jinjang,clinic,,"NO 5 GROUND FLOOR, JALAN 2/32, 6 miles, OFF, Jln Kepong, Taman Jinjang Baru, 52000 Kuala Lumpur, Federal Territory of Kuala Lumpur, Malaysia",Kuala Lumpur,7301462898
104.2238724,1.3496539,Klinik Kesihatan Sungai Rengit,clinic,,"KLINIK KESIHATAN, Kampung Sungai Rengit, 81600 Pengerang, Johor Darul Ta'zim, Malaysia",Pengerang,11516532505
101.4464008,2.9895321,Klinik Kesihatan Bandar Botanik,clinic,,"Jalan Langat, Bandar Botanik, 41200 Klang, Selangor, Malaysia",Klang,11406270605
101.4458261,2.9955457,Klinik Mediviron,clinic,,"KS7, NO. 95 GF, Jalan Mahogani 5, Bandar Botanik, 41200 Klang, Selangor, Malaysia",Klang,7731869545
117.942069,5.4220683,Kelinik Kampung.,clinic,,"Kampung Perpanduan Datuk Moh, 90200 Kinabatangan, Sabah, Malaysia",Kinabatangan,3994535167
100.3865178,5.8351885,Poliklinik Harmoni,clinic,,"3 & 4, Jalan 1, Taman Awana, 06900 Yan, Kedah, Malaysia",Yan,3942277518
100.3848371,5.8239915,Klinik Desa Sungai Yan,clinic,,"Yan Kechil, 06900 Yan, Kedah, Malaysia",Yan,3942277509
100.4194444,6.2458536,Poliklinik,clinic,,"No 75 & 75 Atas, Jalan Tanah Merah, Taman Sri Halban, 06000 Jitra, Kedah, Malaysia",Jitra,3934368882
102.2346547,2.2117847,Klinik Salam Kota Melaka,clinic,general,"Seksyen 2, 202-A & 202-B, Jalan Kampung Lapan, Taman Kenanga, 75200 Melaka, Malaysia",MELAKA,9880156289
101.5971011,3.1862448,Klinik Damai Medik,clinic,general,"12A-1, JALAN PJU10/5A, Jln PJU 10/18, Damansara Damai, 47830 Petaling Jaya, Selangor, Malaysia",Petaling Jaya,10972440651
101.0746596,4.6724091,Klinik Usrati,clinic,,"10, Jalan Meru Bestari B2, Medan Meru Bestari, 30020 Ipoh, Perak, Malaysia",Ipoh,7725655505
100.409627,5.7226454,Klinik Kesihatan Merbok,clinic,,"Kampung Merbok, 08400 Merbok, Kedah, Malaysia",Merbok,3908564077
101.0746975,4.6723633,Klinik Pergigian Dr. White,dentist,,"12, Jalan Meru Bistari B2, 30020 Ipoh, Perak, Malaysia",Ipoh,7725634079
101.652593,3.1218203,Klinik Kesihatan Pelajar Universiti Malaya,clinic,general,"Universiti Malaya, Lingkungan Budi, 50603 Kuala Lumpur, Wilayah Persekutuan Kuala Lumpur, Malaysia",Kuala Lumpur,9318634845
101.413474,3.2336213,Foresight Dialysis,dialysis,nephrology,"No 20-1 & No, 22-1, Jln Dataran Suria 15/7/3, Sekysen 15, 42300 Puncak Alam, Selangor, Malaysia",Puncak Alam,12231024811
101.4132597,3.2331605,Suria Dental,dentist,,"No 59-1, Ground Floor, Jalan Dataran Suria 15/7/1, Seksyen 15, 42300 Puncak Alam, Selangor, Malaysia",Puncak Alam,12230825223
100.2842541,5.3894638,Healthy Clinic,clinic,,"76 B, Lintang Angsana, Bandar Baru Air Itam, 11500 Ayer Itam, Pulau Pinang, Malaysia",Ayer Itam,6681655237
101.6205375,3.0863181,Poliklinik Mohan,clinic,,"16, Jalan PJS 8/10, Bandar Sunway, 46150 Petaling Jaya, Mentari, Malaysia",Petaling Jaya,4715896552
101.6210749,3.0860754,Farmasi Sungai Way,pharmacy,,"604, Jalan SS 9a/13, Sungai Way Free Trade Industrial Zone, 47300 Petaling Jaya, Selangor, Malaysia",Petaling Jaya,4715896547
101.5999133,3.1058711,Alive Pharmacy,pharmacy,,"3, Jalan Anggerik Vanilla M 31/M, Kota Kemuning, 40460 Shah Alam, Selangor, Malaysia",Petaling Jaya,4715487375
101.5998554,3.1031187,Klinik Uzma,clinic,,"Kelana Mall, Jalan SS 6/12, Ss 6, 47301 Petaling Jaya, Selangor, Malaysia",Petaling Jaya,4715487332
101.6455996,3.0748158,Klinik Dr Khafidz,doctor,,"14G, Jalan Sri Manja 11, Taman Sri Manja, 46000 Petaling Jaya, Selangor, Malaysia",Petaling Jaya,4705754464
101.5891769,3.1156733,Renal Dialysis Centre,doctor,,"85, Jalan Gasing, Pjs 10, 46000 Petaling Jaya, Selangor, Malaysia",Petaling Jaya,2891464393
101.646799,3.0861716,Dunstan Eye Surgery,clinic,,"1st Floor, 104A, Jln Othman, Pj Old Town, 46000 Petaling Jaya, Selangor, Malaysia",Petaling Jaya,1584284622
102.610847,2.5811296,"Klinik Hee, Annandan & Siva",hospital,,"4, Jalan Lintang, Bandar Gemas, 73400 Gemas, Negeri Sembilan, Malaysia",Gemas,4436260888
102.6112546,2.5804704,Klinik Nur Sejahtera,hospital,,"8, Jalan Tampin, Kawasan Industri Gemas, 73400 Gemas, Negeri Sembilan, Malaysia",Gemas,4436210936
102.6109408,2.580378,Farmasi Gemas Sdn Bhd,pharmacy,,"NO. 37, GROUND FLOOR, JALAN BESAR, Kawasan Industri Gemas, 73400 Gemas, Negeri Sembilan, Malaysia",Gemas,4436210931
101.5999166,3.1056573,Qualitas Health,clinic,,"Suite 301, Menara PJ, Amcorp Trade Centre, 18, Persiaran Barat, Pjs 52, 46050 Petaling Jaya, Selangor, Malaysia",Petaling Jaya,4715487377
101.6530981,3.0885407,Pusat Dialisis Healthcare,clinic,,"41, Jalan 6/31, Seksyen 6, 46000 Petaling Jaya, Selangor, Malaysia",Petaling Jaya,4723061938
101.6207695,3.0860955,Klinik Dr Fernandez,clinic,,"615A, Main Rd, Sungai Way, 47300 Petaling Jaya, Selangor, Malaysia",Petaling Jaya,4715896553
101.2872761,4.1130375,Guardian,pharmacy,,"No 3, PT2319, Jalan Persatuan, 35500 Bidor, Perak, Malaysia",Bidor,7189902012
101.262375,4.1958666,Guardian,pharmacy,,"GROUND FLOOR, LOT NO. 117, Jalan Baldwin 3, PUSAT PERNIAGAAN BALDWIN, 35000 Tapah, Perak, Malaysia",Tapah,7142931433
111.6375454,2.1636835,Klinik Kesihatan Bintangor,clinic,,"96507 Bintangor, Sarawak, Malaysia",Bintangor,11961747931
111.6352022,2.1696264,Farmasi Ting,pharmacy,,"No 9, Jalan Kelupu, 96500 Bintangor, Sarawak, Malaysia",Bintangor,11962284881
111.6350906,2.1702305,Lau's Pharmacy,pharmacy,,"15, Jalan Dermaga, 96500 Bintangor, Sarawak, Malaysia",Bintangor,11962284880
101.7061689,3.1676675,Klinik Rosman,clinic,,"121, Jalan Raja Muda Abdul Aziz, Kampung Baru, 50300 Kuala Lumpur, Wilayah Persekutuan Kuala Lumpur, Malaysia",Kuala Lumpur,11963769603
110.3417058,1.6354649,Mana Pharmacy,pharmacy,,"GF, Lot 5585, Block 9, Jalan Sultan Tengah, Semariang Commercial Centre, 93050 Kuching, Sarawak, Malaysia",Kuching,11964030638
110.3418245,1.6354852,PMG Pharmacy,pharmacy,,"Ground Floor, Sublot 18, Lot 5587 Jalan Sultan Tengah, Area S3B, Ph 4, Petra Jaya, 93050 Kuching, Sarawak, Malaysia",Kuching,11964030633
101.7389638,3.0982308,Luna Clinic,clinic,,"1-1, Menara Mutiara Sentral, 2, Jalan Desa Aman 1, Cheras Business Centre, 56000 Cheras, Wilayah Persekutuan Kuala Lumpur, Malaysia",Cheras,11964277023
101.7117424,3.1575617,Health Line Family Pharmacy,pharmacy,,"Lot C43B2, Concourse Floor, Petronas Twin Tower, Kuala Lumpur City Centre, 50088 Kuala Lumpur, Federal Territory of Kuala Lumpur, Malaysia",Kuala Lumpur,10038652364
101.7075695,3.1528063,The Dentist @ KL,dentist,,"1-06 level 1, menara hap seng, Jalan P. Ramlee, Kuala Lumpur, 50250 Kuala Lumpur, Federal Territory of Kuala Lumpur, Malaysia",Kuala Lumpur,7242331185
103.7567771,1.5723698,Visionmax Optometrist,optometrist,,"No. 8, Jalan Setia 3/2, Taman Setia Indah, 81100 Johor Bahru, Johor Darul Ta'zim, Malaysia",Johor Bahru,11967819286
103.7566983,1.5727627,Carezone Wellness,unknown,,"No.22, Ground Floor, Jalan Setia 3/2, Taman Setia Indah, 81100 Johor Bahru, Johor Darul Ta'zim, Malaysia",Johor Bahru,11967819284
101.4262492,3.2450401,Hajar Optometrist,optometrist,,"PUSAT NIAGA, Astana Alam 2 Pangsapuri Blok Cinta, 19, Jalan Astana D 13/D, 42300 Puncak Alam, Selangor, Malaysia",Puncak Alam,11968089880
101.5443345,3.1779588,Bilik Kesihatan,unknown,,"40-70, Jalan Pekaka 8/3, Kota Damansara, 47810 Petaling Jaya, Selangor, Malaysia",Petaling Jaya,11968802047
100.3510357,6.1115908,Hannan Medispa (HQ),alternative,,"Lot 8B Tingkat 1, Pt 111 Kompleks Perniagaan Ampang, Sultanah Bahiyah Hwy, Taman Bahagia, 05050 Alor Setar, Kedah, Malaysia",Alor Setar,11347733821
101.5485011,3.1759215,Terapi Matematik,psychotherapist,,"No. 77, 2, Jalan Nova N U5/N, Subang Bestari, 40150 Shah Alam, Selangor, Malaysia",Shah Alam,11982086869
101.426182,3.2456234,Farmasi Noor,pharmacy,,"Fasa 3, 4, Jalan Astana A 13/E, 42300 Puncak Alam, Selangor, Malaysia",Puncak Alam,11612754116
101.6848455,3.1106758,Glow,pharmacy,,"54, Jalan Telawi, Bangsar, 59100 Kuala Lumpur, Wilayah Persekutuan Kuala Lumpur, Malaysia",Kuala Lumpur,11152489328
101.7147876,3.145682,Ting Skin & Laser Centre,doctor,,"136, Jln Imbi, Bukit Bintang, 55100 Kuala Lumpur, Wilayah Persekutuan Kuala Lumpur, Malaysia",Kuala Lumpur,1543756676
101.6986869,3.1721281,AudioLab,clinic,,"No 2 & 3, Bangunan Mma, 124, Jalan Pahang, Titiwangsa Sentral, 53000 Kuala Lumpur, Federal Territory of Kuala Lumpur, Malaysia",Kuala Lumpur,10883802082
101.6976851,3.1820771,Health Lane Family Pharmacy UTC Sentul,pharmacy,,"Sentul Perdana 43-0, 10, Jalan 1/48a, Bandar Baru Sentul, 51000 Kuala Lumpur, Federal Territory of Kuala Lumpur, Malaysia",Kuala Lumpur,9449107477
101.6968497,3.1683664,Kingz Medical Clinic,clinic,,"38, Jln Sultan Azlan Shah, Chow Kit, 51200 Kuala Lumpur, Wilayah Persekutuan Kuala Lumpur, Malaysia",Kuala Lumpur,10563031705
101.6593612,3.1761422,Klinik Prima,clinic,,"2371, Jalan 1a/3, Bandar Baru Sungai Buloh, 47000 Sungai Buloh, Selangor, Malaysia",Sungai Buloh,4613981556
103.4272313,3.0092641,desa merchong,clinic,,"Kampung Marchong Pekan, Kampung Permatang Jagu, 26680 Pekan, Pahang, Malaysia",Pekan,6486914885
113.0413906,3.1707487,Medi-K Pharmacy Sdn Bhd,pharmacy,,"No.43, G/F Main Bazaar Road, Bintulu, Shahida Commercial Centre, 97000 Bintulu, Sarawak, Malaysia",Bintulu,4223306022
101.6768384,3.1176265,IHEAL Medical Centre,hospital,,"Level 7 & 8, Annexe Block, Menara IGB, Lingkaran Syed Putra, Mid Valley City, 59200 Kuala Lumpur, Wilayah Persekutuan Kuala Lumpur, Malaysia",Kuala Lumpur,9433309787
101.7425644,3.1979169,Anggun Medi - Klinik,clinic,,"GF no 29, Jalan Wangsa Delima 12,, Pusat Bandar Wangsa Maju, 53300 Wilayah Persekutuan Kuala Lumpur, Malaysia",Wilayah Persekutuan Kuala Lumpur,7315469380
101.7450043,3.1987218,Klinik & Surgeri Permai,clinic,,"Pusat Bandar Wangsa Maju, No. 5-1, Jalan Wangsa Delima 2A, Seksyen 5, Wangsa Maju, Wilayah Persekutuan, Pusat Bandar Wangsa Maju, 53300 Kuala Lumpur, Federal Territory of Kuala Lumpur, Malaysia",Kuala Lumpur,7315469381
101.7449484,3.1986355,Klinik Mutiara,clinic,,"no g, 21, Jalan Prima SG 1, Prima Seri Gombak, 68100 Batu Caves, Selangor, Malaysia",Batu Caves,7315469382
101.6713694,3.0833139,Watsons,pharmacy,,"Lot F06 & F07, First Floor, Pearl Point Shopping Mall, Batu 5, Jln Klang Lama, Taman United, 58000 Kuala Lumpur, Wilayah Persekutuan Kuala Lumpur, Malaysia",Kuala Lumpur,4706836315
110.3349539,1.5082909,Peace Pharmacy,pharmacy,,"Sublot 21, Golden Court Commercial Center 4 1/2 Mile, Penrissen Road, 3 1/2 Mile, 93250 Kuching, Sarawak, Malaysia",Kuching,12228737424
101.6532241,3.0732023,Klinik Pergigian Datta,dentist,,"First Floor, 33, Jalan Seri Sentosa 8a, Taman Sri Sentosa, 58000 Kuala Lumpur, Wilayah Persekutuan Kuala Lumpur, Malaysia",Kuala Lumpur,4710894407
101.6462301,3.0999003,Klinik Koh Dispensary,clinic,,"40, Jalan 52/4, Town Centre, 46200 Petaling Jaya, Selangor, Malaysia",Petaling Jaya,4723482678
101.6715886,3.0742899,Guardian,pharmacy,,"Lot No. LG-003, Lower Ground Floor, Bloomsvale Shopping Gallery, 58200 Kuala Lumpur, Federal Territory of Kuala Lumpur, Malaysia",Kuala Lumpur,3046728849
101.6731297,3.0742828,Caring,pharmacy,,"21, Jalan Hujan Rahmat, Taman Overseas Union, 58200 Kuala Lumpur, Wilayah Persekutuan Kuala Lumpur, Malaysia",Kuala Lumpur,3046728848
101.6809809,3.0775681,Poliklinik Perubatan,clinic,,"7, Jalan Lazat 1, Taman Bukit Indah, 58200 Kuala Lumpur, Wilayah Persekutuan Kuala Lumpur, Malaysia",Kuala Lumpur,7314365883
110.347109,1.502143,Han Fang Chinese Physician and Acupuncturist,alternative,acupuncture,"No 126 H, GROUND FLOOR, COMMERCIAL CENTRE, Lorong Lapangan Terbang 2, Green Heights, 93250 Kuching, Sarawak, Malaysia",Kuching,11256970224
103.6554573,1.4809455,Guardian,pharmacy,,"F50, F51 7 F52, AEON, Jalan Indah 15/2, Taman Bukit Indah, 82100 Johor Bahru, Johor Darul Ta'zim, Malaysia",Johor Bahru,10285403155
103.6615258,1.5197709,klinik gigi jb,dentist,,"61, Jalan Perisai, Taman Sri Tebrau, 80500 Johor Bahru, Johor Darul Ta'zim, Malaysia",Johor Bahru,5094009721
103.6695023,1.5153336,Klinik Medical Clinic,clinic,,"47G, jalan sutera pulai 2/26, Taman Sutera Utama, 81300 Skudai, Johor Darul Ta'zim, Malaysia",Skudai,7555421558
103.6674101,1.517222,Klinik Revival ME Clinic,clinic,,"8, 8a, 8b, Jalan Sutera Tanjung 8/3, Taman Sutera Utama, 81300 Skudai, Johor Darul Ta'zim, Malaysia",Skudai,7555418243
103.6854129,1.4816425,Poliklinik Penawar,clinic,,"539, Jln Persisiran Perling 1, Taman Perling, 81200 Johor Bahru, Johor Darul Ta'zim, Malaysia",Johor Bahru,7554130970
103.6792034,1.5197102,Poliklinik WeCare,clinic,,"No. 20, Jln Pertama 1, Pusat Perdagangan Danga Utama, 81300 Skudai, Johor Darul Ta'zim, Malaysia",Skudai,5584145734
101.6688843,3.1381641,Chai Dental,dentist,,"59, Jalan Bangkung, Bangsar, 59100 Kuala Lumpur, Wilayah Persekutuan Kuala Lumpur, Malaysia",Kuala Lumpur,8384030812
113.0582688,3.1974721,Guardian,pharmacy,,"Unnamed Road, 97000 Bintulu, Sarawak, Malaysia",Bintulu,5133221621
113.0565721,3.1969976,Klinik Syazwani Sdn Bhd,clinic,general,"Ground Floor, Assyakirin Commercial Square, Kampung Baru Bintulu, 97000 Bintulu, Sarawak, Malaysia",Bintulu,9555463312
101.714037,3.2179251,Gombak Setia Medical Centre,clinic,,"PT 4453, Lorong Penghulu, Gombak Setia, 53100 Kuala Lumpur, Selangor, Malaysia",Kuala Lumpur,7315552087
101.7206388,3.2173369,Klinik 1Malaysia Taman Melati,clinic,,"Gombak Setia, 53100 Kuala Lumpur, Wilayah Persekutuan Kuala Lumpur, Malaysia",Kuala Lumpur,7315533281
101.7006642,3.1456799,Klinik Pergigian Cahaya Suria,dentist,,"TKT.1, BANGUNAN, Jln Pudu, City Centre, 55100 Kuala Lumpur, Wilayah Persekutuan Kuala Lumpur, Malaysia",Kuala Lumpur,7242308386
101.7492379,3.057463,Klinik Pakar Kanak - kanak Pediacare,clinic,,"No.97, Jalan 34/154, Taman Dahlia, 56000 Kuala Lumpur, Wilayah Persekutuan Kuala Lumpur, Malaysia",Kuala Lumpur,7314704259
103.8834889,1.4878947,Klinik Pergigian Masai,clinic,,"Jalan Sekolah, Bandar Seri Alam, 81750 Masai, Johor Darul Ta'zim, Malaysia",Masai,6298873487
101.7368052,3.0764484,Pusat Hemodialisis Yayasan Al - Sultan Abdullah,clinic,,"No 06-G, 142, Wisma Damai, 12, Jalan 18, Bukit Mandarina, 56000 Kuala Lumpur, Federal Territory of Kuala Lumpur, Malaysia",Kuala Lumpur,7314704273
101.7485596,3.1062039,Klinik Pergigian Cheras Baru,dentist,,"16, Jalan Kuari, Kampung Cheras Baru, 56100 Kuala Lumpur, Wilayah Persekutuan Kuala Lumpur, Malaysia",Kuala Lumpur,4428395289
101.675652,3.0980833,Klinik Pergigian Wong,dentist,,"31, Jalan Medan Tuanku, Medan Tuanku, 50300 Kuala Lumpur, Wilayah Persekutuan Kuala Lumpur, Malaysia",Kuala Lumpur,4666427490
101.6757295,3.0982394,Klinik Desa,doctor,,"KS-4, Jln Klang Lama, Taman evergreen, 58100 Kuala Lumpur, Wilayah Persekutuan Kuala Lumpur, Malaysia",Kuala Lumpur,4666427492
101.6659587,3.1071713,Klinik Pantai,clinic,,"1, 16, 1, Jalan Pantai Murni 1, Pantai Hillpark, 59200 Kuala Lumpur, Wilayah Persekutuan Kuala Lumpur, Malaysia",Kuala Lumpur,4745035496
101.6966498,3.1666265,Poliklinik Dan Pembedahan Peters,clinic,,"45, Jalan Chow Kit, Chow Kit, 50350 Kuala Lumpur, Wilayah Persekutuan Kuala Lumpur, Malaysia",Kuala Lumpur,10672498090
101.6967093,3.1666218,Farmasi Sentral,pharmacy,,"44, Jalan Chow Kit, Chow Kit, 50350 Kuala Lumpur, Wilayah Persekutuan Kuala Lumpur, Malaysia",Kuala Lumpur,10696978083
101.6710201,3.2000568,Shi Yi Tang International Sdn Bhd,hospital,general,"51200, Malaysia, Federal Territory of Kuala Lumpur, Kuala Lumpur, Taman Kok Lian, Jln Kuching, D-2-13A, Boulevard Business Park Jalan Kepayang",Kuala Lumpur,9555874026
101.6753627,3.1224416,Poliklinik Ludher,doctor,,"94, Jalan Bangsar, Bangsar, 59200 Kuala Lumpur, Wilayah Persekutuan Kuala Lumpur, Malaysia",Kuala Lumpur,1983986095
101.6868933,3.0991393,Red Apple,dentist,,"9-2, Jalan 109E, Desa Business Park, Taman Desa, 58100 Wilayah Persekutuan, Federal Territory of Kuala Lumpur, Malaysia",Wilayah Persekutuan,10239474847
101.6460899,3.0867855,PJ Polyclinic,doctor,,"E19, JALAN 1/21, Seksyen 1, 46000 Petaling Jaya, Selangor, Malaysia",Petaling Jaya,1538397848
101.5953209,3.1084355,KMI Kelana Jaya Medical Centre,hospital,,"No. 1 FAS Business Avenue, Jalan, SS7, 47301 Petaling Jaya, Selangor, Malaysia",Petaling Jaya,1631398125
111.5197382,2.1225165,Poliklinik Sarikei,clinic,,"Bandar Sarikei, 96100 Sarikei, Sarawak, Malaysia",Sarikei,5257638328
100.518694,5.2848888,Klinik Desa Tasek,clinic,,"Jalan Tasek, Tasek, 14120 Simpang Ampat, Pulau Pinang, Malaysia",Simpang Ampat,7099779828
101.8010631,3.0979544,Klinik Anda,clinic,,"39-G, Jalan Lagenda Suria 1, Taman Lagenda Suria, 43100 Hulu Langat, Selangor, Malaysia",Hulu Langat,12652479784
103.1186045,5.2981946,Klinik D'Health Centre,clinic,,"2582 C, kampung gelung bilal, Jalan Pasir Panjang, Kampung Bukit Bayas, 21100 Kuala Terengganu, Terengganu, Malaysia",Kuala Terengganu,5596489822
111.8635794,2.2670491,Klinik Komuniti Sentosa,hospital,,"96000 Sibu, Sarawak, Malaysia",Sibu,2744201896
111.8623043,2.2661788,Hometown Pharmacy,pharmacy,,"96000 Sibu, Sarawak, Malaysia",Sibu,7502801552
111.8628287,2.2664886,Kedai Ubat Salim,pharmacy,,"Lor Salim 28, 96000 Sibu, Sarawak, Malaysia",Sibu,7502817847
101.6753901,3.2037017,Poliklinik Dan Surgeri Ponniah,clinic,general,"937, Batu 5, Jln Ipoh, Kampung Batu, 51200 Kuala Lumpur, Wilayah Persekutuan Kuala Lumpur, Malaysia",Kuala Lumpur,9406576842
101.692973,2.8254264,Klinik Awani,clinic,,"No 18-G, Arena Exhange, Kota Warisan, 43900 Sepang, Selangor, Malaysia",Sepang,11506168569
101.692458,2.8233943,Klinik Smart,clinic,,"NO 6-GF & 8-GF JALAN WS 1 PUSAT PERDAGANGAN WARISAN, SUTERA, Kota Warisan, 43900 Sepang, Selangor, Malaysia",Sepang,10934007726
101.6750404,3.2039642,Health Lane Family Pharmacy Kampung Batu,pharmacy,,"Menara Health Lane No. 984, 986 & 988, Jalan Kampung Batu, 5th Mile, Jln Ipoh, Kampung Batu, 51200 Kuala Lumpur, Wilayah Persekutuan Kuala Lumpur, Malaysia",Kuala Lumpur,9447163588
101.4872095,3.2040387,Health Lane,pharmacy,,"Su Mall, 10G, Jalan Bidara 8, Saujana Utama 3, 47000 Sungai Buloh, Selangor, Malaysia",Sungai Buloh,11114237637
103.5838425,1.4599236,Poliklinik pekan nanas,clinic,,"PUSAT PERDAGANGAN, 49, Jalan Permata 4, Pekan Nenas, 81500 Pekan Nanas, Johor Darul Ta'zim, Malaysia",Pekan Nanas,6396145986
101.5362553,3.006666,Klinik Mesra Jaya,clinic,,"2A, Jalan Anggerik Vanilla Q 31/Q, Kota Kemuning, 40460 Shah Alam, Selangor, Malaysia",Kota Kemuning,3961150775
101.6721958,3.1329261,The Lasus Clinic,clinic,,"No 46 Ground Floor, Jalan Telawi 5, Bangsar, 59100 Kuala Lumpur, Wilayah Persekutuan Kuala Lumpur, Malaysia",Kuala Lumpur,8335897213
101.5905078,3.116009,Clinik Central,clinic,,"Pusat Perdagangan NZX, 143G, Jalan PJU 1A/41B, Ara Damansara, 47301 Petaling Jaya, Selangor, Malaysia",Petaling Jaya,2891461112
101.5933884,3.1992386,Damansara Damai Medical Clinic,clinic,,"Blok B 002-005, Jalan PJU 10/2a & PJU 10, Damansara Damai, 47830 Petaling Jaya, Selangor, Malaysia",Petaling Jaya,5430857823
101.6084039,3.1956578,Newton Pharmacy,pharmacy,,"Damansara Damai, 47810 Petaling Jaya, Selangor, Malaysia",Petaling Jaya,1730777015
101.506388,3.058532,Klinik Koh,doctor,,"71, Jalan Kenari 20, Bandar Puchong Jaya, 47100 Puchong, Selangor, Malaysia",Puchong,607631755
101.6445293,3.0473623,Sri Kinrara Klinik,clinic,,"No.5, Wisma Imej, Jalan BK 5a/2, Bandar Kinrara, 47100 Puchong, Selangor, Malaysia",Puchong,7314365871
103.6634901,1.522801,sincere,pharmacy,,"73A, Jalan Jaya Mas 1, Taman Jaya Mas, 81300 Skudai, Johor Darul Ta'zim, Malaysia",Skudai,4402082891
103.6799455,1.52077,Klinik Diagnostik BP,clinic,,"Danga Utama Commercial Center, 68, Jln Pertama 1, Taman Tampoi Indah 2, 81300 Johor Bahru, Johor, Malaysia",Johor Bahru,7555553629
103.7926788,1.5277359,CARiNG Pharmacy,pharmacy,,"14, Jalan Molek 2/1, Taman Molek, 81100 Johor Bahru, Johor Darul Ta'zim, Malaysia",Johor Bahru,9560274003
101.5941714,3.1980697,Sunway Multicare Pharmacy,pharmacy,,"J-006, Vista Shop, Jalan PJU 10/2a, Damansara Damai, 47830 Petaling Jaya, Selangor, Malaysia",Petaling Jaya,11067188867
101.5823132,3.2192224,Jabatan Patologi,clinic,,"JABATAN PATOLOGI, TING 15, JALAN YAACOB LATIF,, CHERAS KUALA LUMPUR, 56000 Kuala Lumpur, Wilayah Persekutuan Kuala Lumpur, Malaysia",Kuala Lumpur,2084242035
101.6111644,3.0957006,Health Lane Family Pharmacy SS3,pharmacy,,"No. 25, Jalan SS3/29, Taman Universiti, 47300 Petaling Jaya, Selangor, Malaysia",Petaling Jaya,2621128065
101.6208706,3.1523518,Alchemist,pharmacy,,"38-G, Block C, Zenith Corporate Park, 1, Jalan SS 7/26, Ss 7, 47301 Petaling Jaya, Selangor, Malaysia",Petaling Jaya,10656730244
101.673676,3.21145,Klinik Chin Chee Yeong,clinic,,"32A, Jalan 6/18A,Batu 5, 1/2,Off, Jalan Ipoh, Taman Mastiara, 51200 Kuala Lumpur, Wilayah Persekutuan Kuala Lumpur, Malaysia",Kuala Lumpur,7301462901
102.5686256,2.0462128,Guardian,pharmacy,,"NO 31-1 & 31-2, GROUND FLOOR, Jalan Ali, Pekan Muar, 84000 Muar, Johor Darul Ta'zim, Malaysia",Muar,7265639872
101.6972827,3.1662877,Kedai Ubat Pow Khong,alternative,,"9, Jalan Equine 9b Taman Equine, Pusat Bandar Putra Permai, 43300 Seri Kembangan, Selangor, Malaysia",Seri Kembangan,10709203037
102.2441061,6.1325193,BP Helathcare,unknown,,"Lot 795 & 796 Tingkat Bwah, Seksyen, 27, Jln Kebun Sultan, Bandar Kota Bharu, 15200 Kota Bharu, Kelantan, Malaysia",Kota Bharu,8928518108
101.7004244,3.1731618,Klinik Rehabilitasi,hospital,,"Jalan Yaacob Latif, Bandar Tun Razak, 56000 Cheras, Wilayah Persekutuan Kuala Lumpur, Malaysia",Cheras,6139028603
101.656374,2.8006388,Poliklinik Nur Fatima,clinic,,"141, Jalan LU 2/2 Taman Langat Utama, Bukit Changgang, 42700 Banting, Selangor, Malaysia",Banting,12651142865
101.6566281,2.800412,U.N.I. Klinik,clinic,,"153, Jln LU 2/2, Taman Langat Utama, 42700 Sepang, Selangor, Malaysia",Sepang,12651142851
101.6228358,3.1530613,Klinik Pergigian Dr. Putri,doctor,general,"130-A, Jalan Burhanuddin Helmi, Taman Tun Dr Ismail, 60000 Kuala Lumpur, Wilayah Persekutuan Kuala Lumpur, Malaysia",Kuala Lumpur,10656730270
103.63633,1.5221169,Rinicare Health Clinic,clinic,,"63, Jalan Utama 34, Mutiara Rini, 81300 Skudai, Johor Darul Ta'zim, Malaysia",Skudai,6251561779
101.7940921,2.9913529,Guardian,pharmacy,,"LOT LG19-21, LOWER GROUND FLOOR, PLAZA METRO KAJANG SECTION, 7, Jln Tun Abdul Aziz, Bandar Kajang, 43000 Kajang, Selangor, Malaysia",Kajang,4751683697
102.5866941,3.2567211,Atm Mybank,pharmacy,,"7, Jalan Utama Bera, Sebertak, 28300 Triang, Pahang, Malaysia",Triang,4247580189
103.613771,1.5644183,klinik keluarga,clinic,,"B-05 Blok A, Pekan Francais MARA, Taman Sri Pulai Perdana, 81300 Skudai, Johor Darul Ta'zim, Malaysia",Skudai,6577894885
101.9079978,3.5249274,Guardian,pharmacy,,"P-20G, Jalan Prima 1, Bentong Prima, 28700 Bentong, Pahang, Malaysia",Bentong,9400319187
101.9083626,3.5218216,Farmasi Alpro,clinic,,"113, Jalan Tan Sri Chan Siang Sun, 28700 Bentong, Pahang, Malaysia",Bentong,9400319175
101.768653,3.3987178,Klinik Uni-Med,doctor,,"Level1, 88, Jalan Raja Chulan, Kuala Lumpur, 50200 Kuala Lumpur, Federal Territory of Kuala Lumpur, Malaysia",Genting Highlands,4763281591
101.4271966,3.2293019,Klinik Keluarga Rohani,clinic,,"38, Lorong Naluri Sukma A8/A, 42300 Puncak Alam, Selangor, Malaysia",Puncak Alam,8530827289
101.6589956,3.2167666,Klinik Robin Ong Dan Goh,clinic,,"19, Jalan Jinjang Aman 16, Jinjang Utara, 52000 Kuala Lumpur, Wilayah Persekutuan Kuala Lumpur, Malaysia",Kuala Lumpur,7301462897
102.5223451,3.0290765,Klinik Desa Tembangau,clinic,,"Jalan Tembangau 3, Felda Tembangau, 28380 Kemayan, Pahang, Malaysia",Kemayan,7276454624
101.7002568,3.2388417,Klinik K.J. Lim,pharmacy,,"Jalan Prima SG 3/2, Prima Seri Gombak, 68100 Batu Caves, Selangor, Malaysia",Batu Caves,5265664496
101.590633,3.1139282,Farmasi Vitapharm,pharmacy,,"5, Jalan PJU 1A/41B, Pusat Perdagangan N2X, 47301 Petaling Jaya, Selangor, Malaysia",Petaling Jaya,2902905199
101.6762369,3.0615772,Klinik Elamedic,clinic,,"6-11-G, Jalan Jalil Perkasa 14 Taman Esplanad, Bukit Jalil, 57000 Kuala Lumpur, Wilayah Persekutuan Kuala Lumpur, Malaysia",Kuala Lumpur,7313133247
101.5333173,2.9792636,Poliklinik An-Nisa',clinic,,"13, Jalan Sungai Keranji Q 32/Q, Seksyen 32, 40460 Shah Alam, Selangor, Malaysia",Shah Alam,8689922990
101.6806161,3.1889563,KHY Health Care,clinic,traditional_chinese_medicine,"Unit 2-39 51200, Kompleks Mutiara, Jln Sultan Azlan Shah, Batu Complex Bussiness Centre, 51200 Kuala Lumpur, Federal Territory of Kuala Lumpur, Malaysia",Kuala Lumpur,9448854232
103.0912291,5.3468782,Klinik Pergigian Norisah,clinic,,"No. 11 Bangunan SEDC Pekan, Kampung Batu Enam, 21200 Kuala Terengganu, Terengganu, Malaysia",Kuala Terengganu,6440421721
100.6418155,5.6076942,Mega Kulim Pharmacy,pharmacy,,"21 & 22, Jalan Putra, Taman Tanjung Puteri, 09300 Kuala Ketil, Kedah, Malaysia",Kuala Ketil,12650551714
102.2540021,2.1889239,Viva care,pharmacy,,"166, Jln Merdeka, Taman Melaka Raya, 75000 Melaka, Malaysia",Melaka,5887280592
101.6112042,3.0973392,Klinik Rakyat,clinic,,"55, Jalan SS 3/29, Taman Universiti, 47300 Petaling Jaya, Selangor, Malaysia",Petaling Jaya,2621128050
102.2518507,2.1978463,CP Centrecare Pharmacy Sdn. Bhd.,pharmacy,,"53, Jalan Bendahara, Kampung Jawa, 75100 Melaka, Malaysia",Melaka,6516194285
102.2483139,2.218807,Klinik Family,clinic,,"2, Jalan Cempaka 1, Taman Seri Cempaka, 75400 Peringgit, Melaka, Malaysia",Peringgit,4644053391
102.250005,2.1944182,Klinik Kesihatan Jalan Gereja,clinic,,"17, Jalan Gereja, Banda Hilir, 75000 Melaka, Malaysia",Melaka,4641670491
102.2424124,2.2102481,Home-care Pharmacy Sdn Bhd,pharmacy,,"Jalan Tun Perak, Kampung Enam, 75300 Melaka, Malaysia",Melaka,2021238918
102.2487147,2.1899996,Revive Physio & Rehab,pharmacy,,"Taman Costa Mahkota, 75000 Melaka, Malaysia",Melaka,5887457286
101.0472747,4.5665183,Guardian,pharmacy,,"115, Jalan Besar, 31450 Menglembu, Perak, Malaysia",Menglembu,9521056410
110.1520766,1.419613,Pejabat Kesihatan Daerah Bau,hospital,,"94000 Bau, Sarawak, Malaysia",Bau,11508018982
109.85266,1.6743129,Hospital Lundu,hospital,,"Jln Sekambal, 94500 Lundu, Sarawak, Malaysia",Lundu,2530283999
103.8043263,1.5426049,Theesan Clinic,clinic,,"75, Jalan Dedap 6, Taman Johor Jaya, 81100 Johor Bahru, Johor Darul Ta'zim, Malaysia",Johor Bahru,4722095889
101.6535401,3.1240211,"Makmal Bioinformatik, Bangunan Bioinformatik",laboratory,,"Bangunan Bioinformatik, Institut Sains Biologi, Fakulti Sains, 50603 Kuala Lumpur, Wilayah Persekutuan Kuala Lumpur, Malaysia",Kuala Lumpur,5117856089
103.8212721,2.4596544,Pusat Hemodialisis Ar Rahmah,dialysis,,"Jalan Nilam 1, Taman Nilam, 86800 Mersing, Johor Darul Ta'zim, Malaysia",Mersing,8855352832
101.6163785,2.8302333,Klinik Fuziah,clinic,,"No. 1 Jalan SD 1/1, Taman Seri Dagang,, Bukit Changgang,, 42700 Banting, Selangor, Malaysia",Banting,4714340659
103.670008,1.515171,Klinik Ido's Clinic,clinic,,"131, Jalan Sutera Tanjung 8/2, Taman Sutera Utama, 81300 Johor Bahru, Johor Darul Ta'zim, Malaysia",Johor Bahru,7553897810
101.6410233,3.0821828,Klinik Dr Ashraf Hamid,clinic,,"No.9, Jalan MJ7, Taman Maju Jaya, 46000 Petaling Jaya, Selangor, Malaysia",Petaling Jaya,4710606225
101.6416548,3.1000819,Daya X Ray Specialist Centre,doctor,,"Jln Raja Laut, City Centre, 50100 Kuala Lumpur, Wilayah Persekutuan Kuala Lumpur, Malaysia",Kuala Lumpur,1555504993
101.645784,3.100064,Klinik Pergigian Lim,dentist,,"28A, Jalan Sultan 52/4, Pj New Town, 46200 Petaling Jaya, Selangor, Malaysia",Petaling Jaya,4723482686
101.652634,3.0984034,Pristine Dental Centre,dentist,,"52, Jalan Gasing, Bukit Gasing, 46000 Petaling Jaya, Selangor, Malaysia",Petaling Jaya,1583831995
101.6468607,3.1048893,Guardian,pharmacy,,"LOT NO LG-03A, 05 & 06,JAYA SHOPPING CENTRE, 26A, Jalan 14/4, Seksyen 14, 46100 Petaling Jaya, Selangor, Malaysia",Petaling Jaya,9315881967
101.6651093,3.1037639,Farmasi Pantai Hillpark,pharmacy,,"27, Jln Pantai Murni 6, Pantai Hillpark, 59200 Kuala Lumpur, Wilayah Persekutuan Kuala Lumpur, Malaysia",Kuala Lumpur,4664623270
102.5303202,2.2544804,Klinik Komuniti Taman Mega Ria,clinic,,"Jln Mega, Kampung Tanjung Batu, 84900 Tangkak, Johor Darul Ta'zim, Malaysia",Tangkak,7991634109
101.6559765,3.1857359,Klinik Mediviron,clinic,,"Jalan Prima 5, Metro Prima, 52100 Kuala Lumpur, Wilayah Persekutuan Kuala Lumpur, Malaysia",Kuala Lumpur,9586819080
101.6376486,3.0647236,Poliklinik Kinrara,clinic,,"No. 23, Jalan BK 5a/3a, Bandar Kinrara, 47180 Puchong, Selangor, Malaysia",Puchong,4734085652
101.7088474,3.212217,Klinik Komuniti Sungai Mulia,clinic,,"JKR 1772, Bt 5 Jalan Gombak, 53000 Kuala Lumpur. WP Kuala Lumpur, Taman Setapak, 53000 Kuala Lumpur, Wilayah Persekutuan Kuala Lumpur, Malaysia",Kuala Lumpur,7315487397
103.900891,1.7304049,Klinik Moiz,clinic,,"32, Jalan Niaga 1, Pusat Dagangan Jalan Mawai, 81900 Kota Tinggi, Johor Darul Ta'zim, Malaysia",Kota Tinggi,4142137389
101.6205808,3.0862562,Multicare Pharmacy,pharmacy,,"LG2.129B, Lower Ground 2 Floor, Sunway Pyramid Shopping Mall, 3, Jalan PJS 11/15, Bandar Sunway, 46150 Petaling Jaya, Selangor, Malaysia",Petaling Jaya,4715896509
101.6207919,3.086367,Klinik Gigi Drs Wong & Partners,dentist,,"78, Jalan 1/14, Seksyen 1, 46000 Petaling Jaya, Selangor, Malaysia",Petaling Jaya,4715896508
101.6358509,3.1101888,Klinik Kulit & Laser Cosmetic Goo,clinic,,"27, First Floor, Jalan 14/20, Seksyen 14, Petaling Jaya, 46100, Petaling Jaya, Selangor, Seksyen 14, 46100 Petaling Jaya, Selangor, Malaysia",Petaling Jaya,4736156265
101.6338763,3.1116323,Poliklinik Pusrawi SMC,clinic,,"Jalan TP 7/2, Taman Perindustrian Uep, 46200 Subang Jaya, Selangor, Malaysia",Petaling Jaya,4736156299
101.6339192,3.110993,Klinik Pakar Sakit Puan PJ,clinic,,"Seksyen 14, 46100 Petaling Jaya, Selangor, Malaysia",Petaling Jaya,4736156307
101.6736754,3.0730525,Big,pharmacy,,"Unit AT3, Level LG, Lingkaran Syed Putra, Mid Valley City, 59200 Kuala Lumpur, Federal Territory of Kuala Lumpur, Malaysia",Kuala Lumpur,3046728860
110.3526687,1.5533459,Wong Yieng Beauty Professional Centre,clinic,,"Lot 285, First Floor, Jalan Ban Hock, Section 47, 93100 Kuching, Sarawak, Malaysia",Kuching,7217877185
110.3669064,1.5170334,Watsons,pharmacy,,"Lot G11,G12 & G13, Ground Floor Precinct, 88, Jalan Song, Tabuan Heights, 93100 Kuching, Sarawak, Malaysia",Kuching,5671763121
110.3616486,1.5386809,Lim Medical Clinic,clinic,,"46, Ground Floor, Kenyalang Shopping Centre, Jalan Datuk Sim Kheng Hong, Kampung Kenyalang Park, 93300 Kuching, Sarawak, Malaysia",Kuching,4201565400
110.3561158,1.555759,Lee Physician & Drugstore,clinic,,"123, Jln Padungan, Road, 93100 Kuching, Sarawak, Malaysia",Kuching,5163053421
110.3589923,1.5285582,KinCentre Pharmacy,pharmacy,,"King's Centre, Jalan Simpang Tiga, King Centre, 93300 Kuching, Sarawak, Malaysia",Kuching,7087884885
103.6586638,1.4929317,Pusat Pakar Sakitpuan Dan Perbidanan Khor & Loh,doctor,,"145 & 147, Jalan Bestari 1/5, Taman Nusa Bestari, 81300 Skudai, Johor Darul Ta'zim, Malaysia",Skudai,4375697816
103.6507783,1.4770271,lai and surgery,clinic,,"72, Jalan Indah 8/15, Taman Bukit Indah, 81200 Johor Bahru, Johor Darul Ta'zim, Malaysia",Johor Bahru,6189698487
101.6469822,3.0501329,Guardian,pharmacy,,"Giant Hypermarket Bandar Kinrara, F7, Jalan BK 5a/1, Bandar Kinrara 5, 47180 Puchong, Selangor, Malaysia",Puchong,4733564770
101.6692917,3.094,Klinik Kesihatan Ibu & Anak Pantai Indah,clinic,,"No 7, Jln 2/ 112 F, Taman Pantai Indah, Jln Pantai Dalam, Bangsar Kuala Lumpur 59000 Kuala Kumpur, Pantai Dalam, 59200 Kuala Lumpur, WP Kuala Lumpur, Malaysia",Kuala Lumpur,4664623261
101.67579,3.0985299,Pusat Rawatan Buasir Cheah,clinic,,"KS-2, TAMAN EVERGREEN, Jln Klang Lama, BATU 4, 58000 Kuala Lumpur, Wilayah Persekutuan Kuala Lumpur, Malaysia",Kuala Lumpur,4666427493
101.6718089,3.1315136,Koh Dental,dentist,,"36-1, Jalan Telawi 2, Bangsar, 59100 Kuala Lumpur, Wilayah Persekutuan Kuala Lumpur, Malaysia",Kuala Lumpur,7322123730
101.6979747,3.1671562,Gigi Inc,dentist,,"512, Jalan Tuanku Abdul Rahman, Chow Kit, 50100 Kuala Lumpur, Wilayah Persekutuan Kuala Lumpur, Malaysia",Kuala Lumpur,10563031703
101.6215116,3.1525872,CARiNG Pharmacy,pharmacy,,"Lot B6 & B6A Basement, 1 Utama Shopping Centre (New Wing), Bandar Utama, 47800 Petaling Jaya, Selangor, Malaysia",Petaling Jaya,10656730253
101.6979822,3.159044,My Dental Care,dentist,,"B-11-G, Sunway Giza Mall, Jalan Pju 5/14, Dataran Sunway, Kota Damansara, 47810 Petaling Jaya, Selangor, Malaysia",Petaling Jaya,11005057257
101.6980448,3.15899,Klinik Pergigian BP,dentist,,"15, Lorong Medan Tuanku 2, Chow Kit, 50300 Kuala Lumpur, Wilayah Persekutuan Kuala Lumpur, Malaysia",Kuala Lumpur,11043869360
101.6834744,3.103122,Klinik Taman Desa,clinic,,"11, Jalan 2/109f, Taman Danau Desa, 58100 Kuala Lumpur, Wilayah Persekutuan Kuala Lumpur, Malaysia",Kuala Lumpur,4503689289
101.6963856,3.1725839,O.W.Gigi Dental Titiwangsa,dentist,,"G-5, Residensi Tun Razak, 83, Jalan Pekeliling Lama, Titiwangsa Sentral, 50400 Kuala Lumpur, Wilayah Persekutuan Kuala Lumpur, Malaysia",Kuala Lumpur,10739639445
101.6928492,3.1733517,Woon Orthodontic Clinic,dentist,general,"Igb Plaza, 6, Jln Kampar, Sentul Selatan, 50450 Kuala Lumpur, Wilayah Persekutuan Kuala Lumpur, Malaysia",Kuala Lumpur,9450376995
101.6928492,3.1733517,Woon Orthodontic Clinic,dentist,orthodontics,"Igb Plaza, 6, Jln Kampar, Sentul Selatan, 50450 Kuala Lumpur, Wilayah Persekutuan Kuala Lumpur, Malaysia",Kuala Lumpur,9450376995
101.6870524,3.0991783,Klinik Dan Surgeri Danau Desa,doctor,,"16, Jln 5/109f, Taman Danau Desa, 58100 Kuala Lumpur, Wilayah Persekutuan Kuala Lumpur, Malaysia",Kuala Lumpur,10239557107
101.6950202,3.1701438,Damai Service Hospital,hospital,general,"1st Mile, 109-119, Jln Sultan Azlan Shah, Titiwangsa Sentral, 51200 Kuala Lumpur, Wilayah Persekutuan Kuala Lumpur, Malaysia",Kuala Lumpur,4736590223
101.6939918,3.1703663,Klinik Pusrawi,clinic,,"No. 132-138, Ground Floor, Wisma Baitulmal, Jalan Ipoh, 51200 Kuala Lumpur, Federal Territory of Kuala Lumpur, Malaysia",Kuala Lumpur,10213282100
101.6932967,3.1715447,Vije Eye Clinic & Surgery,optometrist,,"175 & 177, Jln Sultan Azlan Shah, Titiwangsa Sentral, 51200 Kuala Lumpur, Wilayah Persekutuan Kuala Lumpur, Malaysia",Kuala Lumpur,10647811414
101.6921764,3.18502,Klinik Pergigian Rohaya,dentist,,"No.18-2, Jalan 14/48A, Off, Jln Sentul, Sentul Raya Boulevard, 51000 Kuala Lumpur, Federal Territory of Kuala Lumpur, Malaysia",Kuala Lumpur,1818435257
101.7227901,3.1599506,KL City Dentist,dentist,,"3-1, 3rd Floor, KL Trillion, 338, Jln Tun Razak, Kampung Datuk Keramat, 50400 Kuala Lumpur, Federal Territory of Kuala Lumpur, Malaysia",Kuala Lumpur,6659670985
101.4279597,3.2353826,Farmasi An Nisa,pharmacy,,"19, Jalan Niaga Bestari 6, Puncak Bestari, 42300 Puncak Alam, Selangor, Malaysia",Puncak Alam,8859817982
101.5772753,3.0568837,Klinik Kok,clinic,,"14, Jalan USJ 4/1, Usj 4, 47600 Subang Jaya, Selangor, Malaysia",Subang Jaya,10869922610
101.7057335,2.8247251,Pharmart Pharmacy,pharmacy,,"32G, Jalan Warisan Megah 1/4, Kota Warisan, 43900 Sepang, Selangor, Malaysia",Kota Warisan,10931156066
101.6515438,3.2105947,Klinik Medilove Kepong,clinic,,"5, Jalan Ambong Kiri 2, Kepong Baru, 52100 Kuala Lumpur, Wilayah Persekutuan Kuala Lumpur, Malaysia",Kuala Lumpur,7317774148
101.6900749,3.0675321,Dr. Spina,clinic,,"no 19, Jalan SS 21/56b, Damansara Utama, 47400 Petaling Jaya, Selangor, Malaysia",Petaling Jaya,7313133233
101.6901045,3.0669258,AA Pharmacy,pharmacy,,"No. 2 & 4, Bandar Baru, Jalan Radin Anum, Bandar Baru Sri Petaling, 57000 Kuala Lumpur, Wilayah Persekutuan Kuala Lumpur, Malaysia",Kuala Lumpur,1349431608
101.6941917,3.0691192,Bella Clinic,clinic,,"Sri Petaling Kuala Lumpur MY, 16, Jalan Radin Bagus, Bandar Baru, 57000 Kuala Lumpur, Wilayah Persekutuan Kuala Lumpur, Malaysia",Kuala Lumpur,7313133240
101.6490721,3.1620382,Segara,doctor,,"D4-G4-6, 1, Jln Dutamas 1, Solaris Dutamas, 50480 Kuala Lumpur, Wilayah Persekutuan Kuala Lumpur, Malaysia",Kuala Lumpur,2968970992
101.6849619,3.128288,Raffles Dental Clinic,dentist,,"Suite 1, Level 1, Pines Clubhouse, Jln Sultan Abdul Samad, Brickfields, 50470 Kuala Lumpur, Wilayah Persekutuan Kuala Lumpur, Malaysia",Kuala Lumpur,10292720607
101.6692729,3.0939088,Klinik Medic Bestari,clinic,,"31, Jalan USJ 1/19, Taman Subang Permai, 47500 Subang Jaya, Selangor, Malaysia",Kuala Lumpur,1556653442
101.5533197,3.1334355,Selcare Clinic (Skypark),clinic,,"M19, Lapangan Terbang Sultan Abdul Aziz Shah, SkyPark Terminal, Lapangan Terbang Sultan Abdul Aziz Shah, 47200 Subang, Selangor, Malaysia",Subang,9876409122
101.6705792,3.1311456,Dr Chong Clinic,clinic,plastic_surgery,"40 & 42, Jalan Telawi, Bangsar, 59100 Kuala Lumpur, Wilayah Persekutuan Kuala Lumpur, Malaysia",Kuala Lumpur,7530624866
101.698229,3.1527437,Klinik Medilink Masjid India,clinic,,"No. 81B-1, Medan Bunus, Off Jalan Masjid India,, 81B-1, Jalan Medan Bunus, Kuala Lumpur City Centre, 50100 Kuala Lumpur, Federal Territory of Kuala Lumpur, Malaysia",Kuala Lumpur,8628981517
101.6212572,3.1524929,The Smile Clinic,dentist,,"No. 86, Jalan Burhanuddin Helmi, Taman Tun Dr Ismail, 60000 Kuala Lumpur, Wilayah Persekutuan Kuala Lumpur, Malaysia",Kuala Lumpur,10656730249
101.6217815,3.1098987,Guardian,pharmacy,,"Ground And Mezzanine Floor, 19, Jalan SS 2/64, SS 2, 47300 Petaling Jaya, Selangor, Malaysia",Petaling Jaya,300833849
101.6281063,3.0829583,Klinik Famili TTDI,clinic,,"7, Jalan Sri Manja 10, Taman Sri Manja, 46000 Petaling Jaya, Selangor, Malaysia",Petaling Jaya,4749607833
101.6238863,3.0778421,MDZ Haemodialysis Centre,clinic,,"18, Jln PJS 5/28 B, Sunwaymas Commercial Centre, 46150 Petaling Jaya, Selangor, Malaysia",Petaling Jaya,4734662522
110.3314678,1.5536294,Guardian,pharmacy,,"Lot 1, Section 21, KTLD, Jalan Tun Abang Haji Openg, 93586 Kuching, Sarawak, Malaysia",Kuching,2449072157
101.6698926,3.0495789,Royal Smile Dental Clinic,clinic,,"66 1st floor,Jalan Jalil 1,Bumi Bukit Jalil, Lebuhraya Puchong, Sg. Besi, The Earth @ Bukit Jalil, 57000 Kuala Lumpur, Wilayah Persekutuan Kuala Lumpur, Malaysia",Kuala Lumpur,7314365874
101.6733123,3.0601785,DentalFirst Clinic,clinic,,"1, Jalan Jalil Jaya 7, The Link Business Centre, 57000 Kuala Lumpur, Wilayah Persekutuan Kuala Lumpur, Malaysia",Kuala Lumpur,7314365876
101.6512626,3.0750606,Pusat Hemodialisis Fasa,clinic,,"30, Jalan PJS 3/59, Sri Manja Square 2, 46000 Petaling Jaya, Selangor, Malaysia",Petaling Jaya,4703989028
101.6501806,3.0752359,Klinik TTDI,clinic,,"7, Jalan Sri Manja 10, Taman Sri Manja, 46000 Petaling Jaya, Selangor, Malaysia",Petaling Jaya,4664219509
101.6529656,3.0726282,Farmasi Alpha.com,pharmacy,,"76, Jalan 1/14, Seksyen 1, 46000 Petaling Jaya, Selangor, Malaysia",Kuala Lumpur,4710894404
101.6982018,3.2351343,Poliklinik Aisyah,clinic,,"585, Jln Samudera Utara 2, Taman Samudra, 68100 Batu Caves, Selangor, Malaysia",Batu Caves,7452206863
101.6997923,3.1772107,Hospital Tawakal,hospital,,"1, Jalan Pahang Barat, Pekeliling, 53000 Kuala Lumpur, Wilayah Persekutuan Kuala Lumpur, Malaysia",Kuala Lumpur,312108493
110.3428313,1.5599072,Oriental Pharmacy,pharmacy,,"GF, No. 69, India St, 93000 Kuching, Sarawak, Malaysia",Kuching,7884614091
110.3344665,1.5534228,Pergigian Anmas - Dental clinic,clinic,,"224, Jalan Satok, Satok, 93400 Kuching, Sarawak, Malaysia",Kuching,2438923775
101.6718437,3.0534013,Ozhean A.M Clinic,clinic,,"GF, 1-37, Residensi Park Bukit Jalil Persiaran Jalil Utama Bandar Bukit Jalil, Bukit Jalil, 57000 Kuala Lumpur, Wilayah Persekutuan Kuala Lumpur, Malaysia",Kuala Lumpur,7314365873
101.6525209,3.2383499,Klinik Seri Indah Taman Selayang Jaya,clinic,,"No. 5, 7&9, Jalan SJ 6, Taman Selayang Jaya, 68100 Batu Caves, Selangor, Malaysia",Batu Caves,7317774145
101.4284574,3.2358564,Mata,optometrist,,"No. 27, Jalan Niaga Bestari 7, Puncak Bestari, 42300 Puncak Alam, Selangor, Malaysia",Puncak Alam,10651282619
101.4327729,3.2412742,Klinik Siti,clinic,,"No 226, Jalan Sungai, Bertek Di Jalan Pulai, 41100 Klang, Selangor, Malaysia",Klang,10931096845
101.5386932,3.0042277,AA Pharmacy,pharmacy,,"56, Jalan Anggerik Vanilla M 31/M, Kota Kemuning, 40460 Shah Alam, Selangor, Malaysia",Shah Alam,7294406685
103.744285,1.5704206,Klinik Johor,clinic,,"88, Jalan Adda 7, Taman Adda, 81100 Johor Bahru, Johor Darul Ta'zim, Malaysia",Johor Bahru,7432915003
101.6560414,3.2560038,Big Pharmacy,pharmacy,,"11-G, Jalan 2/8, Dataran Templer, 68100 Batu Caves, Selangor, Malaysia",Batu Caves,11165482421
101.703956,3.1883271,Klinik Pergigian Yong,dentist,general,"414, Jalan Pahang, Setapak, 53000 Kuala Lumpur, Wilayah Persekutuan Kuala Lumpur, Malaysia",Kuala Lumpur,1858243858
101.703956,3.1883271,Klinik Pergigian Yong,dentist,orthodontics,"414, Jalan Pahang, Setapak, 53000 Kuala Lumpur, Wilayah Persekutuan Kuala Lumpur, Malaysia",Kuala Lumpur,1858243858
101.7418431,3.1973567,Klinik Mediviron,clinic,,"7, Jalan 14/27b, Desa Setapak, 53300 Kuala Lumpur, Wilayah Persekutuan Kuala Lumpur, Malaysia",Kuala Lumpur,4961945829
101.7790753,2.9906537,Alpha.com,pharmacy,,"The Mines Shopping Mall, L4-K01, Jalan Dulang, Mines Wellness City, 43300 Seri Kembangan, Selangor, Malaysia",Kajang,4753801908
101.6433417,3.2132557,Gorgeous Clinic,clinic,,"6-G, Block A, Vista Magna, Jalan Prima 5, Metro Prima, Metro Prima, 52100 Kuala Lumpur, Wilayah Persekutuan Kuala Lumpur, Malaysia",Kuala Lumpur,7317774162
110.3445715,1.5138768,Provida Pharmacy,pharmacy,,"166, Ground Floor, Commercial Centre, Lorong Taman Hui Seng 3/2, Taman Hui Sing, 93350 Kuching, Sarawak, Malaysia",Kuching,7884472653
101.6910617,3.1885458,Farmasi Alpha.com Sentul,pharmacy,,"Jln Sentul, Sentul, 51000 Kuala Lumpur, Wilayah Persekutuan Kuala Lumpur, Malaysia",Kuala Lumpur,9449837097
101.6175194,3.0885138,Klinik Ganesan,clinic,,"25c, Jalan Puchong, Taman Kinrara Seksyen 1, 47180 Puchong, Selangor, Malaysia",Petaling Jaya,4715896531
102.0398308,2.3613445,Poliklinik Nur,clinic,,"Jalan KJ 1, Taman Kuala Jaya, 78200 Kuala Sungai Baru, Melaka, Malaysia",Kuala Sungai Baru,7124682399
102.2502183,2.1890676,Guardian,pharmacy,,"G8, Mahkota Parade, Jalan Taman, Taman Costa Mahkota, 75000 Malacca, Malaysia",Malacca,3874636226
110.3371885,1.5319006,Gribbles Pathology,clinic,,"GF & 1ST FLOOR, LOT 3285 BLOCK 10, KCLD, Jalan Tun Ahmad Zaidi Adruce, Bormill Commercial Centre, 93150 Kuching, Sarawak, Malaysia",Kuching,5755335021
103.7590833,1.5727599,Klinik Wah,clinic,,"17, Jalan Setia 3/8, Taman Setia Indah, 81100 Johor Bahru, Johor Darul Ta'zim, Malaysia",Johor Bahru,9863744257
103.7345206,1.5625363,i-SiHAT Clinic,clinic,,"8, Jln Perjiranan 4/1, Bandar Dato Onn, 81100 Johor Bahru, Johor Darul Ta'zim, Malaysia",Johor Bahru,9892831624
102.9534187,1.8629127,Klinik L' Medina,clinic,,"28, Jalan Rotan Batu, Taman Sri Jaya, 83000 Batu Pahat, Johor Darul Ta'zim, Malaysia",Batu Pahat,6040722089
103.3918871,1.4803724,Farmasi Pontian,pharmacy,,"722 & 723, Jalan Bakek, Kampung Atap, 82000 Pontian, Johor Darul Ta'zim, Malaysia",Pontian,1712488982
103.3081272,1.8308158,Alpro Pharmacy Simpang Renggam,pharmacy,,"Lot 2, 4, Jln Kasih 1, Taman Kasih, 86200 Simpang Renggam, Johor Darul Ta'zim, Malaysia",Simpang Renggam,7283906598
103.3091304,1.8309525,Klinik Lee,clinic,general,"32, Jalan Rumas, Taman Rumas, 86200 Simpang Renggam, Johor Darul Ta'zim, Malaysia",Simpang Renggam,7283906599
103.3117216,1.826291,Poliklinik Penawar,clinic,general,"2, Jalan Delima, Simpang Renggam, 86200 Simpang Renggam, Johor Darul Ta'zim, Malaysia",Simpang Renggam,7280244202
101.4266991,3.2400613,Klinik Komuniti,doctor,,"105, Lorong Cakera Purnama 12/24, 45010 Puncak Alam, Selangor, Malaysia",Puncak Alam,2653595214
101.7013194,3.1640871,Pusat Dialisis Aiman,clinic,,"16, Jln Alam Damai 1, Damai 23, 56000 Kuala Lumpur, Wilayah Persekutuan Kuala Lumpur, Malaysia",Kuala Lumpur,10807245901
101.6706277,3.1327748,O2 Klinik Signature,clinic,,"No.2, Jalan Telawi, Bangsar, 59100 Wilayah Persekutuan, Wilayah Persekutuan Kuala Lumpur, Malaysia",Wilayah Persekutuan,7249577085
101.6699852,3.1280852,Ban Joo,doctor,,"19, Persiaran Ara Kiri, Bangsar, 59100 Kuala Lumpur, Wilayah Persekutuan Kuala Lumpur, Malaysia",Kuala Lumpur,10199618604
101.6964244,3.1656366,Kedai Ubat Chee Seng,alternative,,"378, Jln Raja Laut, Chow Kit, 50350 Kuala Lumpur, Wilayah Persekutuan Kuala Lumpur, Malaysia",Kuala Lumpur,10618457745
101.6974375,3.1653497,Kedai Ubat Tat Seo,alternative,,"9, Lorong Haji Taib 4, Chow Kit, 50350 Kuala Lumpur, Wilayah Persekutuan Kuala Lumpur, Malaysia",Kuala Lumpur,10770692829
110.3292597,1.4640562,Hospital Sentosa,hospital,,"Batu 7, Jalan Penrissen, Kota Sentosa, 93250 Kuching, Sarawak, Malaysia",Kuching,2464942604
101.6960746,3.1646446,Klinik Asia,clinic,,"90, Jln Raja Laut, Chow Kit, 50350 Kuala Lumpur, Wilayah Persekutuan Kuala Lumpur, Malaysia",Kuala Lumpur,10134858535
101.6961879,3.166103,GM Pharmacy,pharmacy,,"120, Jln Raja Laut, Chow Kit, 50350 Kuala Lumpur, Wilayah Persekutuan Kuala Lumpur, Malaysia",Kuala Lumpur,10137283226
110.327051,1.4308123,Sia Pharmacy,pharmacy,,"Lot 2239, SL 30, M10 Commercial Centre, 10 Mile, Penrissen Road, 93250 Kuching, Sarawak, Malaysia",Kuching,5205564121
101.6271289,3.1408402,DBC Physiotherapy,clinic,,"6-3-3, Above Alliance Bank, Sinaran TTDI, Jalan Tun Mohd Fuad 3, Taman Tun Dr Ismail, 60000 Kuala Lumpur, Wilayah Persekutuan Kuala Lumpur, Malaysia",Kuala Lumpur,4782173627
101.4139463,3.2324996,Farmasi Puncak Alam,pharmacy,,"17-1 JALAN DATARAN SURIA 15/8, 4, SEKSYEN 15, 42300 Puncak Alam, Selangor, Malaysia",Puncak Alam,10730880666
102.6113163,2.5814511,Alpro,pharmacy,,"6, Jalan Mahkamah, Gemas, 73400 Gemas, Negeri Sembilan, Malaysia",Gemas,4436251977
102.6107504,2.5814136,Klinik Mohd Rafi,hospital,,"G26, Jalan Harmoni Gemas 2, Pusat Perniagaan Harmoni, 73400 Gemas, Negeri Sembilan, Malaysia",Gemas,4436251978
103.3521866,2.0531061,BIG Pharmacy Taman Sri Tengah Kluang,clinic,,"1 (ARAS BAWAH, Jln Cengkih, Taman Sri Tengah, 86000 Kluang, Johor Darul Ta'zim, Malaysia",Kluang,6595361785
103.5182501,1.5045838,thetacare,pharmacy,,"92, Jalan Utama 3, Taman Utama, 81500 Pekan Nanas, Johor Darul Ta'zim, Malaysia",Pekan Nanas,4826327521
103.320563,2.0305316,Klinik Pergigian Khoo,dentist,,"66, Jalan Mersing, Kampung Masjid Lama, 86000 Kluang, Johor Darul Ta'zim, Malaysia",Kluang,6040865504
103.4016612,1.5586733,Klinik Kesihatan Kayu Ara Pasong,clinic,,"Jalan Kayu Ara pasong, Johor, Pekan Kayu Ara Pasong, 82010 Pontian District, Johor, Malaysia",Pontian District,8870087622
103.5889724,1.5659655,alam syifa,clinic,,"56, Jalan Pulai Ria 2, Bandar Baru Kangkar Pulai, 81110 Johor Bahru, Johor Darul Ta'zim, Malaysia",Johor Bahru,5404754821
103.5883041,1.5653447,clinic salina,clinic,,"319, Lebuh Arked, Taman Arked, 08000 Sungai Petani, Kedah, Malaysia",Sungai Petani,5404737424
102.9504284,1.8419766,Klinik Pakar Sakit Puan & Ibu Mengandung Kartik,doctor,,"78, Jalan Susur Perdana Tengah, Taman Bukit Perdana, 83000 Batu Pahat, Johor Darul Ta'zim, Malaysia",Batu Pahat,7266765873
102.9526269,1.8427762,Am Pm Pharmacy Sdn Bhd,pharmacy,,"18, Jalan Susur Perdana Tengah, Taman Bukit Perdana 2, 83000 Batu Pahat, Johor Darul Ta'zim, Malaysia",Batu Pahat,7266765856
102.9507505,1.8426831,first spinal care and physiotherapy,clinic,,"5, Jalan Flora Utama 6, Taman Flora Utama, 83000 Batu Pahat, Johor Darul Ta'zim, Malaysia",Batu Pahat,6038983687
102.9567086,1.8114451,Family Clinic Batu Pahat,clinic,,"48, Jalan Gemilang 1, Taman Bukit Flora, 83000 Batu Pahat, Johor Darul Ta'zim, Malaysia",Batu Pahat,10088390804
102.9526301,1.9128334,Klinik Pergigian Happy Family,dentist,,"No. 3, Ground Floor, Jalan Tanjung Utama Medan Niaga, Taman Tanjung, 83000 Batu Pahat, Johor Darul Ta'zim, Malaysia",Batu Pahat,8646615623
101.6695719,3.2210075,Klinik Komuniti PPR Taman Wahyu 2,clinic,,"Blok C, PPR, 2, Jalan Sibu, Taman Wahyu, 52100 Kuala Lumpur, Wilayah Persekutuan Kuala Lumpur, Malaysia",Kuala Lumpur,7301462892
101.6691368,3.209562,Aliya,dentist,,"No 48 G&M, Jalan Medan Setia 2, Bukit Damansara, 50490 Kuala Lumpur, Wilayah Persekutuan Kuala Lumpur, Malaysia",Kuala Lumpur,7322125544
102.2765207,2.9250398,Klinik Desa Serting Ulu,clinic,,"Kampung Serting Hulu, 72300 Simpang Pertang, Negeri Sembilan, Malaysia",Simpang Pertang,6707736774
101.6817608,2.928166,Pusat Bersalin Berisiko Rendah (PBBR),clinic,,"Jalan P8G, Presint 8, 62250 Putrajaya, Wilayah Persekutuan Putrajaya, Malaysia",Putrajaya,6376932485
103.6290241,1.5447964,Perdana Specialist Maternity Centre,clinic,gynaecology,"51 & 52, Jalan Pendidikan 3, Taman Universiti, Skudai, 81300, Johor Bahru, Johor, Taman Universiti, 81300 Skudai, Johor, Malaysia",Taman Universiti,7265306732
101.63801,3.2236772,Klinik & Surgeri Guna,clinic,,"E-G-19,20,21, 22, Jalan PP 33, Taman Pinggiran Putra, 43300 Seri Kembangan, Selangor, Malaysia",Seri Kembangan,7317774163
101.5751052,3.3205208,JP Dental Clinic,dentist,,"First Floor, 13, Jalan Bandar Rawang 11, Pusat Bandar Rawang, 48000 Rawang, Selangor, Malaysia",Rawang,2542783953
101.5192026,3.6820243,Farmasi Multicare,pharmacy,,"No.4, Lot 184, Jalan Chong Ah Peng, 35900 Tanjong Malim, Perak, Malaysia",Tanjong Malim,8089429377
101.576913,3.3221101,Klinik Pergigian Teh,dentist,,"First Floor, 5, Jalan Bandar Rawang 1, Pusat Bandar Rawang, 48000 Rawang, Selangor, Malaysia",Rawang,8118119512
102.0707623,2.4537672,Klinik Kesihatan Ibu dan Anak,clinic,,"Taman Rumah Awam, 78000 Alor Gajah, Melaka, Malaysia",Lubok China,8749958319
101.7056077,2.8247383,Syamsul,clinic,,"NO 28, Jalan Warisan Megah 1/4, Kota Warisan, 43900 Sepang, Selangor, Malaysia",Kota Warisan,10934112378
102.8162655,2.5089731,Watson,pharmacy,,"No. 8 Ground Floor, Jalan Susur Utama 2/1, Taman Utama, 85000 Segamat, Johor Darul Ta'zim, Malaysia",Segamat,577512400
102.8233021,2.5045902,Guardian,pharmacy,,"NO. 154, Jalan Sia Her Yam, Kampung Abdullah, 85000 Segamat, Johor Darul Ta'zim, Malaysia",Segamat,304665370
101.6982367,3.1631871,Farmasi Britain,pharmacy,,"Jalan Tuanku Abdul Rahman, Chow Kit, 50100 Kuala Lumpur, Wilayah Persekutuan, Malaysia",Kuala Lumpur,5487787521
103.3340543,2.0377308,Klinik Penawar,clinic,,"10, Jln Lada Hitam, Taman Sri Tengah, 86000 Kluang, Johor Darul Ta'zim, Malaysia",Kluang,5429356599
103.3321307,2.0371447,Poliklinik P & Lee,doctor,,"507, Jalan Mersing, Kluang Baru, 86000 Kluang, Johor Darul Ta'zim, Malaysia",Kluang,10296350394
103.3027041,2.0198504,Klinik 1 Malaysia,clinic,,"15, Jalan Sahabat 1, Taman Emas, 86000 Kluang, Johor Darul Ta'zim, Malaysia",Kluang,6040813087
103.3517405,2.0541123,Sri Tengah,pharmacy,,"Taman Sri Tengah, 86000 Kluang, Johor Darul Ta'zim, Malaysia",Kluang,6564362385
102.611618,2.5811751,Kedai Ubat Hen Lin Choon,pharmacy,,"Taman Bukit Baru, 85000 Bukit Siput, Johor Darul Ta'zim, Malaysia",Bukit Siput,4436225168
102.6127754,2.5808293,Poliklinik Amin,clinic,,"4624, Gemas Square, Gemas, Tampin, Kawasan Industri Gemas, 85100 Gemas, Negeri Sembilan, Malaysia",Gemas,5116346610
102.6084812,2.5806676,Klinik Mohd Rafi,clinic,,"G26, Jalan Harmoni Gemas 2, Pusat Perniagaan Harmoni, 73400 Gemas, Negeri Sembilan, Malaysia",Gemas,7321613410
102.2708828,2.2156726,KMT Wound Care Center,unknown,,"15, JALAN PNBBU 3, PUSAT NIAGA, BUKIT BARU UTAMA, Kampung Bukit Baru, 75150 Melaka, Malaysia",Bukit Baru,7009935027
102.2300862,2.213351,Klinik Pergigian Tengkera,dentist,,"Klinik Pergigian Tengkera Jalan Datuk Wira Poh, Ah Tiam, 75200, Jln Tengkera, Kampung Lapan, Melakaa, Malacca, Malaysia",Melakaa,6346500542
101.649694,3.0750002,Klinik Pakar Wanita Sri Manja,maternity,,"6-1, Jalan PJS 3/59, Taman Sri Manja, 46000 Petaling Jaya, Selangor, Malaysia",Petaling Jaya,4418365289
101.6991767,3.1669137,Klinik Alam Medic,clinic,,"24, Jalan 14/48a, Sentul Raya Boulevard, 51000 Kuala Lumpur, Wilayah Persekutuan Kuala Lumpur, Malaysia",Kuala Lumpur,10672498095
101.6740208,3.0575205,Klinik Ng Poh Huat,clinic,,"8, Jalan Jalil Jaya 1, Jalil Link, 57000 Kuala Lumpur, Wilayah Persekutuan Kuala Lumpur, Malaysia",Kuala Lumpur,7313133243
101.7180512,3.0588293,Klinik Keluarga ATM Sg. Besi,clinic,,"Sungai Besi, 57000 Kuala Lumpur, Wilayah Persekutuan Kuala Lumpur, Malaysia",Kuala Lumpur,7313133252
101.6778621,3.1279066,Klinik Sharani,clinic,,"20, Jalan Bangsar Utama 1, Bangsar, 59000 Kuala Lumpur, Wilayah Persekutuan Kuala Lumpur, Malaysia",Kuala Lumpur,10810966202
101.7373518,3.0744416,Khoo's Baby and Child Clinic,clinic,,"35, Jalan Damai Niaga 1, Alam Damai, 56000 Kuala Lumpur, Wilayah Persekutuan Kuala Lumpur, Malaysia",Kuala Lumpur,7314704270
101.6880418,3.0524116,The Doctors Clinic,clinic,,"D-0-7, Arena Green Apartment Jalan 1, 155a, Jalan Barat, Bukit Jalil, 57000 Kuala Lumpur, Wilayah Persekutuan Kuala Lumpur, Malaysia",Kuala Lumpur,7313133241
101.6725997,3.0730442,Klinik Kanak - Kanak Pauline,clinic,,"42, Jalan Hujan Rahmat 2, Taman Overseas Union, 58200 Kuala Lumpur, Wilayah Persekutuan Kuala Lumpur, Malaysia",Kuala Lumpur,7314227591
101.6822745,3.0837912,Poliklinik Famili Medic,clinic,,"542, Jalan Riang 11, Taman Gembira, 58200 Kuala Lumpur, Wilayah Persekutuan Kuala Lumpur, Malaysia",Kuala Lumpur,8058488267
101.5925402,3.1513945,Signature Dental Clinic,clinic,,"NO. 1, Ground Floor, Jalan PJU 5/10 Dataran Sunway, Kota Damansara, 47810 Petaling Jaya, Selangor, Malaysia",Petaling Jaya,7521777905
101.6973703,3.1522213,Health Lane,pharmacy,,"No.1005, Ground Floor, Jalan Masjid India, Selangor Mansion, 50100 Masjid Jamek, Federal Territory of Kuala Lumpur, Malaysia",Masjid Jamek,10742840080
101.5941325,3.1979764,Klinik Idzham,clinic,general,"No. J006, Blok J, Vista Shop, Jalan PJU 10/2a, Damansara Damai, 47830 Petaling Jaya, Selangor, Malaysia",Petaling Jaya,11067188869
101.594185,3.198117,Farmasi Damai,pharmacy,,"L-011, Vista Shop, Jalan PJU 10/2a, Damansara Damai, 47830 Petaling Jaya, Selangor, Malaysia",Petaling Jaya,11067188858
102.6535969,2.2107739,Klinik Malaya,clinic,,"9, Jln Gambir 3, Bandar Baru, 84800 Bukit Gambir, Johor Darul Ta'zim, Malaysia",Bukit Gambir,302537260
102.6631907,2.2183764,Klinik Elizabeth,hospital,,"1-14, Jalan Arab, Pekan Muar, 84000 Muar, Johor Darul Ta'zim, Malaysia",Muar,302537262
102.5585166,2.059495,poliklinik keluarga,clinic,,"INDAH, No 35, Taman Sri Tanjung indah, 84000 Muar, Johor, Malaysia",Muar,6036237985
102.2413173,2.2511027,Caring Medical specialist,clinic,,"81, Jalan Mp1, Taman Merdeka Permai, 75350 Batu Berendam, Melaka, Malaysia",Batu Berendam,5558154724
102.5851382,2.0500165,Klinik Kesihatan Kampung Kenangan,clinic,,"Klinik Pergigian Kg Kenangan Tun Dr. Ismail,, Jalan Pesta 1/4, Kampung Kenangan Tun Dr Ismail 1, 84000 Muar, Johor Darul Ta'zim, Malaysia",Muar,6871838628
102.5754,2.0485694,Klinik Ilham,clinic,,"Jalan Bakri, Taman Orkid, 84000 Muar, Johor Darul Ta'zim, Malaysia",Muar,6036276286
102.6380363,2.098338,Farmasi Gemilang,pharmacy,,"37, Jln Panchor, Taman Bintang Emas, 84300 Bukit Pasir, Johor Darul Ta'zim, Malaysia",Bukit Pasir,2514648857
103.3320407,2.0370933,AM/PM Farmasi,pharmacy,,"505, Jalan Mersing, Taman Kluang Baru, 86000 Kluang, Johor Darul Ta'zim, Malaysia",Kluang,10296237586
103.6682325,1.5144741,Pusat Perubatan Teen Yi,clinic,,"89, Jalan Sutera Tanjung 8/2, Taman Sutera Utama, 81300 Skudai, Johor Darul Ta'zim, Malaysia",Skudai,7553890351
103.7132015,1.5454996,Klinik Lai,clinic,,"42, Jalan Setia Tropika 1/24, Setia Tropika, 81200 Johor Bahru, Johor Darul Ta'zim, Malaysia",Johor Bahru,7417319890
103.7117068,1.5455018,Farmasi The Family Pharmacy,pharmacy,,"Livistonia Square, 7, Jalan Setia Tropika 1/15, Setia Tropika, 81200 Johor Bahru, Johor, Malaysia",Johor Bahru,4621581790
103.7120816,1.5457241,Farmasi IJ,pharmacy,,"87, Jalan Molek 3/1, Taman Molek, 80110 Johor Bahru, Johor Darul Ta'zim, Malaysia",Johor Bahru,7417280580
103.7109523,1.5449014,Klinik Famili,clinic,,"4, Jalan Setia Tropika 1/1, Setia Tropika, 81200 Johor Bahru, Johor Darul Ta'zim, Malaysia",Johor Bahru,7417194270
103.6910861,1.4546739,Klinik Desa Sungai Melayu,clinic,,"Jalan Bunga Melati, Kampung Sungai Melayu, 79503 Johor Bahru, Johor Darul Ta'zim, Malaysia",Johor Bahru,5606457022
101.6913471,3.0868728,Klinik Kuchai Avenue,clinic,,"2-1-2,KUCHAI AVENUE,JLN KUCHAI MAJU 13, OFF, Jalan Kuchai Lama, Kuchai Entrepreneurs Park, 58200 Kuala Lumpur, Wilayah Persekutuan Kuala Lumpur, Malaysia",Kuala Lumpur,7314400585
101.673497,3.0589666,BeauLife Clinic,clinic,,"10-G, Jalan Jalil Jaya 4, Jalil Link, Bukit Jalil, 57000 Kuala Lumpur, Wilayah Persekutuan Kuala Lumpur, Malaysia",Kuala Lumpur,7313133244
101.6283741,3.1402399,Prema Nathan Dental Surgery,dentist,,"2a, Jalan Tun Mohd Fuad, Taman Tun Dr Ismail, 60000 Kuala Lumpur, Wilayah Persekutuan Kuala Lumpur, Malaysia",Kuala Lumpur,7368450050
101.6522079,3.1496979,Poliklinik Plaza Damansara,clinic,,"21G, Jalan Medan Setia 1, Bukit Damansara, 50490 Kuala Lumpur, Wilayah Persekutuan Kuala Lumpur, Malaysia",Kuala Lumpur,7513116071
101.6919888,3.0712883,Klinik Mycare,clinic,,"157, Jalan Radin Bagus, Bandar Baru Sri Petaling, 57000 Kuala Lumpur, Wilayah Persekutuan Kuala Lumpur, Malaysia",Kuala Lumpur,6561831094
101.6931194,3.0703308,Yuen Clinic,clinic,,"18-3, 18-3, Jalan Radin Anum, Taman Sri Petaling, 57000 Kuala Lumpur, Federal Territory of Kuala Lumpur, Malaysia",Kuala Lumpur,7314365880
101.6900537,3.0672847,Klinik Chin,clinic,,"6-G, Jalan Radin Anum, Bandar Baru Sri Petaling, 57000 Kuala Lumpur, Wilayah Persekutuan Kuala Lumpur, Malaysia",Kuala Lumpur,7313133232
101.6791862,3.0519919,Klinik ICON Bukit Jalil,clinic,,"C-9-G, LINK 2, Jalan Jalil Perkasa 1, Bukit Jalil, 57000 Kuala Lumpur, Wilayah Persekutuan Kuala Lumpur, Malaysia",Kuala Lumpur,7313133242
101.4256113,3.2447524,Poliklinik & Surgeri Astana Jaya,clinic,,"7 Jln Astana C 13/C, Pusat Niaga Astana Alam, Puncak Alam Bandar Puncak Alam, 42300 Kuala Selangor, Selangor, Malaysia",Kuala Selangor,11965639555
101.4251395,3.2439957,Klinik Mawarni,clinic,,"11, Jalan Astana A 13/A, 42300 Puncak Alam, Selangor, Malaysia",Puncak Alam,11965639513
101.7393118,3.0990035,Pusat Hemodialisis Harmoni,dialysis,nephrology,"15, Jalan 4/101c Cheras business centre cheras, Cheras Business Centre, 56100 Kuala Lumpur, Wilayah Persekutuan Kuala Lumpur, Malaysia",Kuala Lumpur,11965812431
101.5670859,3.1945524,Klinik Teratai,clinic,,"Taman Medan Mas, 37, Jalan Kati E U19/E, Kampung Baru Sungai Buloh, 40160 Shah Alam, Selangor, Malaysia",Shah Alam,11965925816
101.5477934,3.1786801,Klinik Mediviron,clinic,,"Lot 5-1, jalan nova u5/n, subang bestari sek u5, S. A, Subang Bestari, 40150 Shah Alam, Selangor, Malaysia",Shah Alam,11966347434
101.4260891,3.2451683,Poliklinik Dr. Azhar Dan Rakan-rakan,clinic,,"No 11, Jalan Astana D 13/D, pusat niaga astana alam, 42300 Puncak Alam, Selangor, Malaysia",Puncak Alam,11968089885
101.1291265,5.4351198,Poliklinik Azzahra,clinic,,"Pt 11068, Jalan Suda Bahagia, Off, Jalan Sultan Iskandar, Taman Purba Lahamat, 33300 Gerik, Perak, Malaysia",Gerik,11974209844
101.1297421,5.4334717,Klinik Kesihatan Ibu Anak,clinic,,"Pekan Gerik, 33300 Gerik, Perak, Malaysia",Gerik,11975204125
111.556797,1.0202943,Klinik Batu Lintang,clinic,,"Batu Lintang, 95000 Simanggang, Sarawak, Malaysia",Simanggang,11977530968
110.3065462,1.512482,Klinik Khaira,clinic,,"GF CD 102, Jalan Batu Kawa, Bandar Baru Batu Kawa, 93250 Kuching, Sarawak, Malaysia",Kuching,11981033047
111.511608,1.7656069,Klinik Desa Nanga Budu,clinic,,"Nanga Budu, Sarawak, 95400 Saratok, Sarawak, Malaysia",Saratok,11981353748
101.5484771,3.1760035,Klinik Pergigian Dr. Smile,clinic,,"75A, Jalan Nova U5/N, Subang Bestari, 40150 Shah Alam, Selangor, Malaysia",Shah Alam,11982079568
110.4179791,1.463325,Wymed Pharma,pharmacy,,"No. 30, Lot 5679 G/F Uni Capital Kiching-Kota Samarahan Expressway, 94300 Kota Samarahan, Sarawak, Malaysia",Kota Samarahan,11982336772
118.2467974,4.683101,Guardian,pharmacy,,"Pekan Kunak, 91100 Kunak, Sabah, Malaysia",Kunak,11982306354
118.2474851,4.6832427,"Lot No.3, MDKNK 2336, Plaza, 91209 Kunak, Sabah",clinic,general,"Lot No.3, MDKNK 2336, Plaza, Pekan Kunak, 91209 Kunak, Sabah, Malaysia",KUNAK,11982304392
118.2474851,4.6832427,"Lot No.3, MDKNK 2336, Plaza, 91209 Kunak, Sabah",clinic,dermatology,"Lot No.3, MDKNK 2336, Plaza, Pekan Kunak, 91209 Kunak, Sabah, Malaysia",KUNAK,11982304392
118.2474851,4.6832427,"Lot No.3, MDKNK 2336, Plaza, 91209 Kunak, Sabah",clinic,otolaryngology,"Lot No.3, MDKNK 2336, Plaza, Pekan Kunak, 91209 Kunak, Sabah, Malaysia",KUNAK,11982304392
118.2474851,4.6832427,"Lot No.3, MDKNK 2336, Plaza, 91209 Kunak, Sabah",clinic,biology,"Lot No.3, MDKNK 2336, Plaza, Pekan Kunak, 91209 Kunak, Sabah, Malaysia",KUNAK,11982304392
113.9933065,4.3776393,NEURO Physio Rehab,physiotherapist,,"First Floor, Riam road, Lot 3816, Lorong Cahaya 2, Jalan lopeng, 98000 Miri, Sarawak, Malaysia",Miri,11992256750
101.7568757,2.9617293,Farmasi Materia Medica,pharmacy,,"12, Jalan BB 1/3, Taman Banting Baru, 42700 Banting, Selangor, Malaysia",Banting,7764625664
101.6425653,3.0620302,Klinik 1 Malaysia,doctor,,"PPR Pinggiran Aras Bawah Blok E, Jalan Bukit Jalil Indah 1, Bukit Jalil, 58000 Kuala Lumpur, Selangor, Malaysia",Puchong,4705755107
101.6451033,3.0612967,Klinik Pergigian Puchong,dentist,,"Klinik Pergigian Puchong Batu 14, Taman Puchong Utama, 47100 Puchong, Selangor, Malaysia",Puchong,4705755122
103.6314825,1.4257376,Splash Down Photo,clinic,,"Persiaran Medini 3, 79100 Iskandar Puteri, Johor Darul Ta'zim, Malaysia",Iskandar Puteri,10238204489
103.7065981,1.7681739,Klinik Kesihatan Felda Bkt Besar,clinic,,"Felda Bukit Besar, 81450 Gugusan Taib Andak, Johor Darul Ta'zim, Malaysia",Gugusan Taib Andak,4317950190
101.5392495,3.0643589,Poliklinik Lourdes,clinic,,"39, 15/B, Jalan Utas D 15/B, Seksyen 15, 40200 Shah Alam, Selangor, Malaysia",Shah Alam,299415475
101.7661395,3.0363242,Guardian,pharmacy,,"F-37, AEON Mall Cheras Selatan Jalan Cheras Perdana Cheras, 43200 Balakong, Selangor, Malaysia",Cheras,9843437772
101.7902259,2.9921287,Klinik Kanak-Kanak Kwan,doctor,,"21, Jalan Raja Haroun, Bandar Kajang, 43000 Kajang, Selangor, Malaysia",Kajang,4751683687
101.790524,2.9927542,Klinik Dr Karim,doctor,,"Wisma Komas, Lot 6, Jalan Semenyih, Bandar Kajang, 43000 Kajang, Selangor, Malaysia",Kajang,4751683693
103.835946,2.4312819,Klinik ilIshsan,doctor,,"153, Jalan Wawasan 2, Taman Wawasan, 86800 Mersing, Johor Darul Ta'zim, Malaysia",Mersing,4171574226
103.8366182,2.4308053,Clinic grace,clinic,,"48, Jalan Abu Bakar, Mersing Kechil, 86800 Mersing, Johor Darul Ta'zim, Malaysia",Mersing,6021171985
101.6535972,3.0739944,Klinik HP Kwok,clinic,,"5, Jalan Seri Sentosa 8a, Taman Sri Sentosa, 51000 Kuala Lumpur, Wilayah Persekutuan Kuala Lumpur, Malaysia",Kuala Lumpur,2195180214
101.6498931,3.0664694,Klinik Baba,clinic,,"12, Jln Kinrara, Taman Kinrara, 47180 Puchong, Selangor, Malaysia",Puchong,4734085629
103.8658333,2.0095769,Klinik Desa Felcra Sungai Ara,clinic,,"Felcra Sungai Ara Kota Tinggi, Jalan Jemaluang, Jemaluang, 81900, Johor, Malaysia",johor,5423711843
103.6352951,1.5155472,Watsons,pharmacy,,"NO.21, GROUND FLOOR, Jln Mutiara 1/2, 81300 Skudai, Johor Darul Ta'zim, Malaysia",Skudai,5793183653
103.6173778,1.424092,KARDIA PHARMACY (Previously known as Amber Pharmacy),pharmacy,,"Lot 33, Anjung Neighbourhood Centre, 5, Persiaran Ledang Heights, East Ledang, 79250 Iskandar Puteri, Johor Darul Ta'zim, Malaysia",Iskandar Puteri,4202405240
101.647828,3.0862488,Klinik Pakar Wanita Good Hope,clinic,,"79, Jalan 1/12, Seksyen 1, 46000 Petaling Jaya, Selangor, Malaysia",Petaling Jaya,4708695014
101.6467765,3.0860391,Cosway Pharmacy,pharmacy,,"No. 18A, Ground Floor, Jalan Suarasa 8/4, Tun Hussein Onn, 43200 Cheras, Selangor, Malaysia",Cheras,2542880989
101.6579012,3.0673276,Poliklinik Perdana,clinic,,"D3-0-28 Jalan 1/152 Taman OUG Parklane, 58200 Kuala Lumpur, Wilayah Persekutuan Kuala Lumpur, Malaysia",Kuala Lumpur,7314227587
103.6195897,1.6412383,Klinik Dr Ko,clinic,,"Jalan Kenanga 29/4, Bandar Indahpura, 81000 Kulai, Johor Darul Ta'zim, Malaysia",Kulai,7818460000
101.6472112,3.0626719,Klinik Leow,clinic,,"Jln 5/62a, Bandar Menjalara, 52200 Kuala Lumpur, Wilayah Persekutuan Kuala Lumpur, Malaysia",Puchong,4705755133
101.6376685,3.0654471,Klinik Walia,clinic,,"32, Ground Floor, Jln TK 4/5, Taman Kinrara Seksyen 4, 47100 Puchong, Selangor, Malaysia",Puchong,4734085655
101.6485751,3.0642019,Caring Pharmacy,pharmacy,,"Caring Pharmacy, 19A, Jalan TK 1/11a, Taman Kinrara Seksyen 1, 47100 Puchong, Selangor, Malaysia",Puchong,4733564782
101.6478456,3.0634026,Guardian,pharmacy,,"36A, Jalan TK 1/11a, Batu 7, Taman Kinrara Seksyen 1, 47100 Puchong, Selangor, Malaysia",Puchong,1169361503
101.6408063,3.0604113,Klinik Chakara,clinic,,"Ground Floor, Jalan PPK 1, Taman Kinrara, 47100 Puchong, Selangor, Malaysia",Puchong,4734659360
101.6406948,3.058825,Klinik Famili,clinic,,"7, Jalan Sri Manja 10, Taman Sri Manja, 46000 Petaling Jaya, Selangor, Malaysia",Puchong,4734659358
101.6529617,3.0729813,Klinik Chang,clinic,,"L1-19, Jalan Seri Sentosa 9a, Taman Sri Sentosa, 58000 Wilayah Persekutuan, Wilayah Persekutuan Kuala Lumpur, Malaysia",Kuala Lumpur,4710894409
101.6500291,3.0664108,Klinik Pergigian Dr Goh,dentist,,"8A, Jalan Kinrara, Off, Jalan Puchong, Taman Kinrara, 47100 Kuala Lumpur, Selangor, Malaysia",Puchong,4734085627
101.673408,3.0600957,Klinik Familycare,clinic,,"5, Jalan Jalil Jaya 7, Jalil Link, 57000 Kuala Lumpur, Wilayah Persekutuan Kuala Lumpur, Malaysia",Kuala Lumpur,7313133246
101.6738407,3.0578788,CY Child Specialist Clinic,clinic,,"No 8-G Block 2, Bukit Jalil, Jalan Jalil Jaya 2, Jalil Link, 57000 Kuala Lumpur, Wilayah Persekutuan Kuala Lumpur, Malaysia",Kuala Lumpur,7314365875
101.6464682,3.0866533,Big Pharmacy,pharmacy,,"No. 19 & 21, Plaza Danau 2, Jalan 2/109f, Taman Danau Desa, 58100 Kuala Lumpur, Federal Territory of Kuala Lumpur, Malaysia",Petaling Jaya,3085890616
101.6343552,3.1111953,Paul Dental Centre,dentist,,"9-2, 9-2, Jalan 14/22, Seksyen 14, 46100 Petaling Jaya, Selangor, Malaysia",Petaling Jaya,4736169122
101.6356824,3.1103061,Poliklinik Ludher,clinic,,"94, Jalan Bangsar, Bangsar, 59200 Kuala Lumpur, Wilayah Persekutuan Kuala Lumpur, Malaysia",Petaling Jaya,1557945343
101.6365851,3.1094235,Cheong & Chai Dental Surgery,dentist,,"5A, Jalan 14/20, Seksyen 14, 46100 Petaling Jaya, Selangor, Malaysia",Petaling Jaya,4736156258
101.6343804,3.1112241,Klinik Mediprime,clinic,,"9-1, Jalan 14/22, Seksyen 14, 46100 Petaling Jaya, Selangor, Malaysia",Petaling Jaya,4736169121
101.6338496,3.1113405,Klinik Pergigian Saidah,dentist,,"16-2, Jalan 14/22, Seksyen 14, 46100 Petaling Jaya, Selangor, Malaysia",Petaling Jaya,4736156302
101.6414023,3.2150168,Sia Orthodontic Dental Specialist Clinic,clinic,,"First Floor, 5, Jalan Metro Perdana Barat 1, Taman Usahawan Kepong, 52100 Kuala Lumpur, Federal Territory of Kuala Lumpur, Malaysia",Kuala Lumpur,7317774155
101.6408045,3.2139257,H - II Clinic Kepong,clinic,,"54G (GROUND FLOOR), JALAN PRIMA VISTA MAGNA, Metro Prima, 52100 Kuala Lumpur, Wilayah Persekutuan Kuala Lumpur, Malaysia",Kuala Lumpur,7317774159
101.6352079,3.1171676,Guardian,pharmacy,,"P2.019 , P2.021 & P2.023, 72A, Jln Profesor Diraja Ungku Aziz, Seksyen 13, 46200 Petaling Jaya, Selangor, Malaysia",Petaling Jaya,1942556856
101.4285123,3.0270485,Bp Lab,clinic,,"No. 29, Jln Bayu Tinggi 1a, Taman Bayu Perdana, 41200 Klang, Selangor, Malaysia",Klang,4269862591
101.4384398,3.0342092,SMJ Medical Centre,hospital,,"No. 1, Jalan SS 12/1A, Ss 12, 47500 Subang Jaya, Selangor, Malaysia",Subang Jaya,4223727792
101.4474438,3.0509556,Klinik Pritam,clinic,,"6, Jalan Nanas, Kawasan 18, 41400 Klang, Selangor, Malaysia",Klang,8007494157
101.4562808,2.9414987,Klinik Kesihatan Sijangkang,clinic,,"Jalan Sekolah, Batu 1, Kampung Sijangkang Teluk Panglima Garang, Sijangkang, 42500 Telok Panglima Garang, Selangor, Malaysia",Teluk Panglima Garang,4727686076
101.6751317,3.0836564,Pharmasave Pharmacy,pharmacy,,"27, Jalan Bandar 3, Pusat Bandar Puchong, 47100 Puchong, Selangor, Malaysia",Puchong,8058528653
103.6317435,1.4260418,Baby Care,midwife,,"7, Persiaran Medini Utara 3, 79100 Iskandar Puteri, Johor Darul Ta'zim, Malaysia",Iskandar Puteri,10238204493
101.6731304,3.074426,Neoh & Chiew Dental Surgery (OUG),dentist,,"First Floor, 65, Jalan Lazat 1, Taman Bukit Indah, 58200 Kuala Lumpur, Federal Territory of Kuala Lumpur, Malaysia",Kuala Lumpur,8048099820
101.675377,3.0833652,Klinik Pergigian Drs Wong & Partners,dentist,,"78, Jalan 1/14, Seksyen 1, 46000 Petaling Jaya, Selangor, Malaysia",Petaling Jaya,8058528657
101.5355314,3.0051444,Poliklinik Kota Kemuning,clinic,,"26G, Jalan Anggerik Vanilla Ad 31/Ad, Kota Kemuning, 40460 Shah Alam, Selangor, Malaysia",Shah Alam,3961161662
101.5371779,3.0049328,Poliklinik Kumpulan City (Kota Kemuning),clinic,,"26G, Jalan Anggerik Vanilla Ad 31/Ad, Kota Kemuning, 40460 Shah Alam, Selangor, Malaysia",Shah Alam,3961150790
110.353517,1.5550595,Sin Hui Hong Foot Reflexology,alternative,,"Taman Timberland, 93200 Kuching, Sarawak, Malaysia",Kuching,10961136352
111.8607077,2.2665214,Sinar Permata Solution,optometrist,,"96000 Sibu, Sarawak, Malaysia",Sibu,7502986075
101.6560068,3.1555075,Dhdc,dentist,,"No. 75, Jln Setia Bakti, Bukit Damansara, 50490 Kuala Lumpur, Wilayah Persekutuan Kuala Lumpur, Malaysia",Kuala Lumpur,10312504183
101.6120428,3.0887171,Mediconstant Pharmacy Sdn. Bhd. @ Pusat Perdagangan Puchong Prima,clinic,,"Pusat Perdagangan Puchong Prima, F-01-04, Blok F, Jalan Prima 5/3, Taman Puchong Prima, 47100, Puchong, Selangor, Sungai Way Free Trade Industrial Zone, 47300 Petaling Jaya, Selangor, Malaysia",Petaling Jaya,4741180277
101.6324823,3.2002488,Caring Pharmacy,pharmacy,,"Lot G11, G Floor, Lotuss Kepong, Jalan 7A/62A, Bandar Menjalara, 52200 Kuala Lumpur, Wilayah Persekutuan Kuala Lumpur, Malaysia",Kuala Lumpur,6617835627
101.6181303,3.202554,Klinik Aw,doctor,,"16, Jalan Tembaga SD 5/2a, Bandar Sri Damansara, 52200 Kuala Lumpur, Wilayah Persekutuan Kuala Lumpur, Malaysia",Kuala Lumpur,1277982336
101.527239,3.0473734,Klinik Baharudin,clinic,,"25, Jalan Bunga Melur 2/18, Seksyen 2, 40000 Shah Alam, Selangor, Malaysia",Shah Alam,295130270
101.5141147,3.0161146,Klinik Prima Impian,clinic,,"G-0-4, Jalan Tun Teja B 35/B, Alam Impian, Seksyen 35, 40470 Shah Alam, Selangor, Malaysia",Shah Alam,3961960021
101.6327315,3.2004213,Big Pharmacy,pharmacy,,"No. 68 & 68-1, Ground & First Floor, Jalan Ambong Kiri 1, Kepong Baru, 52100 Kuala Lumpur, Wilayah Persekutuan Kuala Lumpur, Malaysia",Kuala Lumpur,6239043511
101.6323204,3.2001641,Drs. Wong & Partners,dentist,,"37, Jalan Burung Jentayu, Taman Bukit Maluri, 52100 Kuala Lumpur, Wilayah Persekutuan Kuala Lumpur, Malaysia",Kuala Lumpur,6320242423
101.6395348,3.0999352,Klinik & Surgeri Muthu,doctor,,"Seksyen 8, 43650 Bandar Baru Bangi, Selangor, Malaysia",Petaling Jaya,4725485174
101.6202688,3.1186281,Guardian,pharmacy,,"Ground And Mezzanine Floor, 19, Jalan SS 2/64, SS 2, 47300 Petaling Jaya, Selangor, Malaysia",Petaling Jaya,7673348451
101.6250689,3.078304,Poliklinik PJCC,clinic,,"Selatan PJCC, Pusat Perdagangan, 21-G, Jalan PJS 5/28, Taman Medan, 46150 Petaling Jaya, Selangor, Malaysia",Petaling Jaya,4734662540
101.6355485,3.0748249,Klinik Fatimah,clinic,,"30, Jalan Medan 9, Taman Medan, 46000 Petaling Jaya, Selangor, Malaysia",Petaling Jaya,4703988992
110.3561057,1.5410598,Eye Specialist Centre,clinic,,"Sublot 21, Panovel Commercial Centre, Simpang Tiga, (Junction of Jalan Simpang Tiga & Jalan, Jalan Mendu, Kampung Kenyalang Park, 93050 Kuching, Sarawak, Malaysia",Kuching,12222285768
110.355977,1.5407461,Guardian,pharmacy,,"Lot 1, Section 21, KTLD, Jalan Tun Abang Haji Openg, 93586 Kuching, Sarawak, Malaysia",Kuching,12222285770
100.4907053,5.4838836,Pusat Haemodialisis Zakat,clinic,,"Jalan Gelugor, Tasek Gelugor, Pulau Pinang, Malaysia",Tasek Gelugor,7631365983
101.6530059,3.2324483,Klinik Komuniti PPR Intan Baiduri,clinic,,"Kepong Utara, 68100 Kuala Lumpur, Wilayah Persekutuan Kuala Lumpur, Malaysia",Kuala Lumpur,7317774143
101.6513457,3.0951752,Klinik Diagnostik Gasing MediAssist4U,clinic,,"4, Jalan Gasing, Seksyen 5, 46000 Petaling Jaya, Selangor, Malaysia",Petaling Jaya,1548385516
101.8014083,2.5209817,Watsons,pharmacy,,"No. 26, Jalan Aman, Kawasan Penambahan Laut Bandar, 71000 Port Dickson, Negeri Sembilan, Malaysia",Port Dickson,4859539468
101.6939391,3.070116,Clinic RX Sri Petaling,clinic,,"27, Jalan Radin Bagus 3, Bandar Baru, Bandar Baru Sri Petaling, 57000 Kuala Lumpur, Wilayah Persekutuan Kuala Lumpur, Malaysia",Kuala Lumpur,7313133239
101.7025873,3.0828352,Guardian,pharmacy,,"Lot No.1-03, Plaza Salak Park, 2, Jalan 1/125e, Taman Desa Petaling, 57100 Kuala Lumpur, Wilayah Persekutuan Kuala Lumpur, Malaysia",Kuala Lumpur,11032457158
101.7019016,3.0835624,Klinik Mediviron,clinic,,"3-0-3, 3-0-3, Jalan 1/125e, Taman Desa Petaling, 57100 Kuala Lumpur, Wilayah Persekutuan Kuala Lumpur, Malaysia",Kuala Lumpur,11032989827
103.9017682,1.4167142,Pinnacle Family Clinic,clinic,,"407 Northshore Dr, #02-18 Northshore Plaza I, Singapura 820407",Singapore,9269019959
103.9023981,1.4353172,KLINIK ACOHEALTH,clinic,,"Lot 3A, The Oasis, Johor Port Berhad, Pasir Gudang, Johor Bahru, Kawasan Perindustrian Pasir Gudang, 81700 Pasir Gudang, Johor, Malaysia",Pasir Gudang,5146470823
103.9023837,1.4352563,Poliklinik Yusnila,clinic,,"313, Jalan Pusat Dagangan Sendayan 3/6 Sendayan Merchant Square, Bandar Sri Sendayan, 71950 Siliau, Negeri Sembilan, Malaysia",Siliau,4312218190
101.6920498,3.0669808,Klinik Ong & Cheong,clinic,,"110, Jalan Radin Anum 1, Bandar Baru Sri Petaling, 57000 Kuala Lumpur, Wilayah Persekutuan Kuala Lumpur, Malaysia",Kuala Lumpur,7313133231
101.6918349,3.0703323,EE Clinic,clinic,,"No. 12a, Jln Radin Bagus 8, Bandar Baru Sri Petaling, 57000 Kuala Lumpur, Wilayah Persekutuan Kuala Lumpur, Malaysia",Kuala Lumpur,7314365882
101.6908536,3.0698788,Klinik Mediviron,clinic,,"23G, Jalan Radin Anum, Bandar Baru Sri Petaling, 57000 Kuala Lumpur, Wilayah Persekutuan Kuala Lumpur, Malaysia",Kuala Lumpur,7313133237
103.7384354,1.5576991,Klinik Tan,clinic,,"56, Jalan Perjiranan 2, Bandar Dato Onn, 81100 Johor Bahru, Johor Darul Ta'zim, Malaysia",Johor Bahru,7432913791
103.8191465,1.6003344,poliklinik not arasiah,clinic,,"33 & 35, Jalan Tiram 1/1, 81800 Ulu Tiram, Johor Darul Ta'zim, Malaysia",Ulu Tiram,6481925585
110.341824,1.525087,Chong Clinic,clinic,,"Twin Tower Centre, Ground Floor 2 1/2 Mile, Rock Road, Sarawak, 93250 Kuching, Sarawak, Malaysia",Kuching,12221999144
102.2405159,6.1283771,Kian Farmasi,pharmacy,,"2981-B & C, Jalan Padang Garong, Kota Bharu15000, 15000 Kota Bharu, Kelantan, Malaysia",Kota Bharu,12649470581
102.241068,6.1281735,Guardian,pharmacy,,"LOT NO 31, GROUND FLOOR, KB MALL, PT, Jalan Hamzah, SEKSYEN 16, 15050 Kota Bharu, Kelantan, Malaysia",Kota Bharu,10220824671
101.6902292,3.1741793,Klinik Pergigian ORION Dental Clinic,dentist,general,"260F, First Floor, Batu, 2, 1/2, Jalan Ipoh, 51200 Kuala Lumpur, Federal Territory of Kuala Lumpur, Malaysia",Kuala Lumpur,9450362372
101.6902292,3.1741793,Klinik Pergigian ORION Dental Clinic,dentist,orthodontics,"260F, First Floor, Batu, 2, 1/2, Jalan Ipoh, 51200 Kuala Lumpur, Federal Territory of Kuala Lumpur, Malaysia",Kuala Lumpur,9450362372
110.3559917,1.5414674,Klinik Pergigian Calm,dentist,,"Ground Floor, Lot 17&18 , Section 64, Jalan Simpang Tiga, Panovel Commercial Centre, 93300 Kuching, Sarawak, Malaysia",Kuching,12222285767
103.9052279,1.4870392,klinik 1malaysia taman cendana,clinic,,"No 27, Jalan Cendana 13, Taman Cendana, 81700 Pasir Gudang, Johor Darul Ta'zim, Malaysia",Pasir Gudang,6243444685
103.6568451,1.417474,Caring,pharmacy,,"18, Jalan Eko Botani 3/2, Taman Eko Botani, 79100 Iskandar Puteri, Johor Darul Ta'zim, Malaysia",Iskandar Puteri,4264443066
110.3418433,1.5247233,C.K.Goh Dental Surgery,dentist,,"1st Floor, Lot 2676, Sublot No. 10, 2 1/2 Mile, Jalan Rock, Twin Tower Centre, 93200 Kuching, Sarawak, Malaysia",Kuching,12221777682
110.3404866,1.53513,Asia Eye,clinic,,"Ground Floor, Sublot 17, Stallion Building, 1 1/2 Mile, Jalan Rock, Min Chu Garden, 93200 Kuching, Sarawak, Malaysia",Kuching,12221987667
102.2404682,6.1284509,Klinik Gigi Dr. Choong,dentist,,"2981A (1st Floor, Jalan Padang Garong, Bandar Kota Bharu, 15000 Kota Bharu, Kelantan, Malaysia",Kota Bharu,1870943105
102.2404507,6.1284039,Klinik Wee,doctor,,"2981 - A, Jalan Padang Garong, Bandar Kota Bharu, 15000 Kota Bharu, Kelantan, Malaysia",Kota Bharu,1868720160
110.3534392,1.5560265,City Center Dental Clinic,dentist,,"13, Lot 264, Jalan Song Thian Cheok, 93100 Kuching, Sarawak, Malaysia",Kuching,12222155299
110.3533264,1.5558781,Yong Dental Surgery,dentist,,"1st Floor, No 5, Jalan Song Thian Cheok, 93100 Kuching, Sarawak, Malaysia",Kuching,12222155296
103.7908108,1.495741,Klinik 1Malaysia,clinic,,"Jalan Sri Stulang 1, Projek Perumahan Rakyat, 81750 Johor Bahru, Johor Darul Ta'zim, Malaysia",Johor Bahru,2758361011
103.7043969,1.5223941,Hospital Permai Johor Bahru,hospital,,"Jln Persiaran Kempas Baru, Kempas Banjaran, 81200 Johor Bahru, Johor Darul Ta'zim, Malaysia",Johor Bahru,4319761193
103.762809,1.5451025,Poliklinik Kathi,clinic,,"No. 40, 40A, Jalan Sagu 8, Taman Daya, 81100 Johor Bahru, Johor, Malaysia",Johor Bahru,10841435863
103.7585868,1.5597327,Klinik Dr. Z,clinic,,"10, Jln Pinang 52, Taman Daya, 81100 Johor Bahru, Johor Darul Ta'zim, Malaysia",Johor Bahru,9878243389
103.758843,1.5664414,Klinik Taman Daya JB,clinic,,"NO 5, BLOK F, PUSAT PERNIAGAAN, Jalan Daya, Taman Daya, 81100 Johor Bahru, Johor Darul Ta'zim, Malaysia",Johor Bahru,9929962049
103.7639553,1.4612359,Guardian,pharmacy,,"Lot no 106-107, 1st, Komtar JBCC, Bandar Johor Bahru, 80000 Johor Bahru, Johor, Malaysia",Johor Bahru,1591739340
103.7580728,1.572247,Klinik Setia Indah,clinic,,"11, Jalan Setia 3/5, Taman Setia Indah, 81100 Johor Bahru, Johor Darul Ta'zim, Malaysia",Johor Bahru,10752228905
103.7581318,1.5722497,Klinik Roswati,clinic,,"No. 9, Jalan Setia 3/5, Taman Setia Indah, Johor Bahru, Johor Bahru, Taman Setia Indah, 81100 Johor Bahru, Johor, Malaysia",Johor Bahru,10752228504
110.3418169,1.5252567,Ohana Chiropractor,alternative,chiropractic,"Ground Floor, Lot 2667, Block 10, Twin Tower Centre 2 and half mile, Rock Road, 93250 Kuching, Sarawak, Malaysia",Kuching,12221999145
110.3559287,1.5416376,Lee Chiropractic,alternative,chiropractic,"Ground Floor, Sublot 13 (New Lot 10377), Panovel Commercial Centre Jalan Simpang Tiga, Jalan Mendu, Kampung Kenyalang Park, 93350 Kuching, Sarawak, Malaysia",Kuching,12222285766
110.3534189,1.5559635,BP Clinical Lab,laboratory,,"11, Jalan Song Thian Cheok, 93100 Kuching, Sarawak, Malaysia",Kuching,12222155298
101.6521698,3.1496501,Chiropractic Specialty Center,alternative,chiropractic,"Plaza Damansara, 71, Jalan Medan Setia 1, Bukit Damansara, 50490 Kuala Lumpur, Wilayah Persekutuan Kuala Lumpur, Malaysia",Kuala Lumpur,7513116072
103.8093834,1.559738,Klinik Pergigian Cemerlang,hospital,,"85, Jalan Tanjong 1, Taman Desa Cemerlang, 81800 Ulu Tiram, Johor Darul Ta'zim, Malaysia",ULU TIRAM,9433161086
103.7447574,1.5707888,Klinik Azreen,clinic,,"Jln Perjiranan 15/1, Bandar Dato Onn, 81100 Johor Bahru, Johor, Malaysia",Johor Bahru,7432914997
103.7108526,1.5426348,Klinik Raihan,clinic,,"33, Jalan Setia Tropika 1/30, Setia Tropika, 81200 Johor Bahru, Johor Darul Ta'zim, Malaysia",Johor Bahru,7417262416
103.6240773,1.6502302,Klinik Ar-Raudah Damai,clinic,,"3096&3097, Jalan Merbau 1, Bandar Putra Kulai, 81000 Kulai, Johor Darul Ta'zim, Malaysia",Kulai,7818492216
103.5924558,1.4506931,klinik pergigian teoh,dentist,,"17(Tingkat bawah) &17A (Tingkat atas, Jalan Suria 4, Pusat Komersial Suria, 81550 Gelang Patah, Johor Darul Ta'zim, Malaysia",Gelang Patah,5683603521
103.6439869,1.4582228,Poliklinik horizon family,clinic,,"2, Jalan Hijauan 4, Horizon Hills, 79100 Iskandar Puteri, Johor Darul Ta'zim, Malaysia",Iskandar Puteri,6328251886
103.6651199,1.4814168,caring,pharmacy,,"Lot S51, 2Nd Floor, AEON Mall, No. 8, Jalan Indah 15/2, Bukit Indah, 79100 Iskandar Puteri, Johor, Malaysia",Iskandar Puteri,5297611021
103.6665878,1.4816748,Klinik Johor,doctor,,"No. 45(GF, Jln Undan 15, Taman Perling, 81200 Johor Bahru, Johor Darul Ta'zim, Malaysia",Johor Bahru,4349750490
103.6307105,1.5427505,klinik pergigian amim,dentist,,"2, Jalan Kebudayaan 1, Taman Universiti, 81300 Skudai, Johor Darul Ta'zim, Malaysia",Skudai,5722599622
103.6174573,1.642277,Farmasi Caring,pharmacy,,"No.237, Jln Kenanga 29/8, Indahpura, 81000 Kulai, Johor, Malaysia",Kulai,7818459999
103.6877614,1.5070938,Poliklinik Bintang,clinic,,"84, Jalan Nusa Bestari 2, 1, 4, Taman Nusa Bestari 2, 81300 Skudai, Johor Darul Ta'zim, Malaysia",Skudai,7555668705
103.6868151,1.5069286,Poliklinik Dan Surgeri,clinic,,"46, Jalan Titiwangsa 3, Taman Tampoi Indah, 81200 Johor Bahru, Johor Darul Ta'zim, Malaysia",Johor Bahru,7555646038
103.7674003,1.4925276,Pharmex Pharma Sdn Bhd,pharmacy,,"59, Jalan Sutera 1, Taman Sentosa, 80150 Johor Bahru, Johor Darul Ta'zim, Malaysia",Johor Bahru,1710407834
103.7761565,1.4975955,The Eye Specialist Southkey (眼科专家 Southkey),hospital,ophthalmology,"01-09 & 01-10 (Tingkat Bawah Block H, Komersil Southkey Mozek, Persiaran Southkey 1, Kota Southkey, 80150 Johor Bahru, Johor Darul Ta'zim, Malaysia","Johor Bahru, Johor",9644871871
103.6846417,1.4807596,Poliklinik Abreza,clinic,,"567, Jln Persisiran Perling 1, Taman Perling, 81200 Johor Bahru, Johor Darul Ta'zim, Malaysia",Johor Bahru,7554130059
101.5621032,3.2094294,Putra Medical Center,hospital,,"47, Jalan BRP 1/3, Bukit Rahman Putra, 47000 Sungai Buloh, Selangor, Malaysia",Sungai Buloh,1085296414
101.5638654,3.2092447,Guardian,pharmacy,,"NO 368 JALAN 1A/3,BANDAR BARU, SEKSYEN U20, 47000 Sungai Buloh, Selangor, Malaysia",Sungai Buloh,645874629
101.5661463,3.210227,Klinik Pergigian Sharifah,dentist,,"402, Tingkat, 1, Jalan 1a/1, Bandar Baru Sungai Buloh, 47000 Sungai Buloh, Selangor, Malaysia",Sungai Buloh,1227111218
101.5656599,3.2110217,Guardian,pharmacy,,"NO 368 JALAN 1A/3,BANDAR BARU, SEKSYEN U20, 47000 Sungai Buloh, Selangor, Malaysia",Sungai Buloh,645975342
101.5647612,3.2109854,Klinik Perwira,clinic,,"Lot 2390, Jalan 1a/1, Bandar Baru Sungai Buloh, 47000 Sungai Buloh, Selangor, Malaysia",Sungai Buloh,1227111178
110.339464,1.5229809,Alpro Pharmacy,pharmacy,,"Lot 2589 Ground Floor Block 10 KCLD 3rd Miles Rock Road, Central Park Commercial Centre, 93200 Kuching, Sarawak, Malaysia",Kuching,12221777637
110.3390229,1.5228345,J.O.Y. Pharmacy,pharmacy,,"Lot 2585, Block 10, Central Park, KCLD, 3rd Miles, Rock Road, Central Park Commercial Centre, 93200 Kuching, Sarawak, Malaysia",Kuching,12221767034
110.338903,1.522797,Klinik Pergigian D. Dentist,dentist,,"Ground Floor, Lot 2582, Block 10, Kuching Central Land District No. 248, Jalan Rock, Central Park Commercial Centre, 93250 Kuching, Sarawak, Malaysia",Kuching,12221767032
110.3387942,1.5227655,Ee Syn Pharmacy,pharmacy,,"Rock Road, Central Park Commercial Center, 93200 Kuching, Sarawak, Malaysia",Kuching,12221767029
110.3386621,1.5227208,Helen Ngu Women Hospital,clinic,,"No. 250 - 251, Lot 2579 - 2580, Central Park Commercial Center, 3rd Mile, Rock Road, Central Park Commercial Centre, 93200 Kuching, Sarawak, Malaysia",Kuching,12221767028
103.7062911,1.4956133,Watsons,pharmacy,,"LOT L1.29A, L1.30, L1.31 & L1.32, Lbh Skudai, Pusat Bandar Tampoi, 81200 Johor Bahru, Johor Darul Ta'zim, Malaysia",Johor Bahru,4349720593
103.7000978,1.4993056,Guardian,pharmacy,,"BANGUNAN PLAZA ANGSANA LOT NO. L1.35, LEVEL 1 PUSAT BANDAR, Bandar Baru Uda, 81200 TAMPOI, Johor Darul Ta'zim, Malaysia",TAMPOI,9901942794
103.7431866,1.4957588,Watsons,pharmacy,,"1-07&1-08,LEVEL 1, Larkin Junction, Jalan Larkin Perdana 2, Taman Larkin Perdana, 80350 Johor Bahru, Johor Darul Ta'zim, Malaysia",Johor Bahru,4402075290
103.6600519,1.5190528,Guardian,pharmacy,,"LOT G251, 252,253,254 LEVEL 2 SUTERA MALL.1, JALAN SUTERA TANJUNG 8/4,TAMAN SUTERA UTA, Taman Sutera Utama, 81300 Johor Bahru, Johor, Malaysia",Johor Bahru,5093984022
103.8159501,1.5000711,Clinic Koh & Surgery,clinic,,"37, Jalan Permas 10/1, Bandar Baru Permas Jaya, 81750 Masai, Johor Darul Ta'zim, Malaysia",Masai,4245782389
103.9049269,1.7337825,Klinik Healqare,clinic,,"NO 15, BLOK E, KLINIK HEALQARE, HERITAGE MALL, Jalan Kerapu, Taman Ria, 81900 Kota Tinggi, Johor Darul Ta'zim, Malaysia",Kota Tinggi,6482416591
101.4819676,3.1442756,Klinik Nurzawati,clinic,,"PU 10/P, 45, Persiaran Pulau Lumut, Alam Budiman, 40170 Shah Alam, Selangor, Malaysia",Shah Alam,2554397606
101.4813191,3.1445762,Klinik As Syakirin,clinic,,"No. 23G (Ground Floor), Jalan Pulau Lumut P U10/P, Alam Budiman, Seksyen U10, Selangor, Alam Budiman, 40170 Shah Alam, Selangor, Malaysia",Shah Alam,5845587090
101.5463357,3.1760453,Klinik Syifa',clinic,,"Jalan Nova K U5/K, Subang Bestari, 40150 Shah Alam, Selangor, Malaysia",Shah Alam,10939765642
101.5658614,3.2108936,Farmasi Alychem,pharmacy,,"36A, Jalan 1a/3, Bandar Baru Sungai Buloh, 47000 Sungai Buloh, Selangor, Malaysia",Sungai Buloh,1227111145
101.5648857,3.2105026,Farmasi Evercare,pharmacy,,"2384, Jalan 1a/1, Bandar Baru Sungai Buloh, 47000 Sungai Buloh, Selangor, Malaysia",Sungai Buloh,1227111229
101.5326197,3.1682788,1M Clinic,clinic,,"Jalan Jubli Perak 22/1, SECTION 22, 40400 Shah Alam, Selangor, Malaysia",Shah Alam,4403591590
101.5616976,3.0672474,Poliklinik Lourdes,clinic,,"39, 15/B, Jalan Utas D 15/B, Seksyen 15, 40200 Shah Alam, Selangor, Malaysia",Shah Alam,299415575
101.5606215,3.211175,Klinik Kanak-Kanak Serena,doctor,,"20G, Jalan BRP 1/2, Bukit Rahman Putra, 47000 Sungai Buloh, Selangor, Malaysia",Sungai Buloh,1227111171
101.5608843,3.2102484,Klinik Milenia,doctor,,"Jalan PJU 10/10g, Damansara Damai, 47830 Petaling Jaya, Selangor, Malaysia",Petaling Jaya,1227111182
101.5399263,3.083099,Klinik Mesra,clinic,,"10, Jalan Bola Tampar 13/14, Seksyen 13, 40100 Shah Alam, Selangor, Malaysia",Shah Alam,305358701
101.5273434,3.0817728,Poliklinik Alia,clinic,,"15, Jalan Tengku Ampuan Zabedah B 9/B, Seksyen 9, 40100 Shah Alam, Selangor, Malaysia",Shah Alam,4746993768
101.5766333,3.1185252,Guardian,pharmacy,,"Citta Mall, Lot G, 26, Jalan PJU 1a/48, Ara Damansara, 47301 Petaling Jaya, Selangor, Malaysia",Petaling Jaya,9146294980
101.5682801,3.1976896,Klinik Pergigian LJ Lee,dentist,,"1st floor, No. 12, Jalan Public, Kampung Baru Sungai Buloh, 40160 Shah Alam, Selangor, Malaysia",Shah Alam,8259009537
101.5605624,3.2104198,Poliklinik dan Pusat Rawatan Mutiara,doctor,,"1, Jalan BRP 1/4, Bukit Rahman Putra, 47000 Sungai Buloh, Selangor, Malaysia",Sungai Buloh,1227111206
101.4278254,3.2346346,Klinik Pergigian Bestari,dentist,,"No 26-1, Pusat Perdagangan, Jalan Puncak Alam Jaya 13, Puncak Alam Jaya, 42300 Puncak Alam, Selangor, Malaysia",Puncak Alam,8883508611
101.4276629,3.2351258,Klinik Usrah Medic,clinic,,"No. 28 & 28A, Jalan Niaga Bestari 8 Puncak Bestari Bandar Puncak Alam, 42300 Kuala Selangor, Selangor, Malaysia",Puncak Alam,4950932057
101.4277106,3.2347629,Klinik Nur Raisha,clinic,,"20, Jalan Niaga Bestari 8, 45010 Puncak Alam, Selangor, Malaysia",Puncak Alam,8883508605
101.4736292,3.2068245,Klinik Fiza,clinic,,"D-1, 27, Jln SP 11/2, Seri Pristana, 47000 Sungai Buloh, Selangor, Malaysia",Sungai Buloh,10651052792
101.4503882,3.2329215,Klinik Ajwa,clinic,,"Ground Floor, Eco Grandeur, No 6&8, Jln. Eco Grandeur 1/9A, 42300 Puncak Alam, Selangor, Malaysia",Puncak Alam,10651052789
101.4529348,3.2326961,Dr. Halid,dentist,,"Eco Grandeur, 31-G, Jalan Eco Grandeur 1/8, 42300 Puncak Alam, Selangor, Malaysia",Puncak Alam,10285892764
101.4283375,3.2356987,Klinik Pergigian Avisienna,dentist,,"31A, Jalan Niaga Bestari 7, Puncak Bestari, 42300 Puncak Alam, Selangor, Malaysia",Puncak Alam,9941433970
101.4263143,3.2454272,Klinik Pergigian Qisya,dentist,,"Pusat Niaga, 18A, Jalan Astana A 13/E, ASTANA ALAM, 42300 Puncak Alam, Selangor, Malaysia",Puncak Alam,4948595392
101.4877286,2.9122373,Klinik Kesihatan Kebun Baru,clinic,,"Kampung Batu 10, Kebun Baru, Jalan Rajawali Banting, 42500 Telok Panglima Garang, Selangor, Malaysia",Teluk Panglima Garang,4728985478
101.4753433,2.9259291,Klinik Utara,clinic,,"B129, Jalan Kebun Baru, Batu 9, Kampung Batu 9 Kebun Baru, 42500 Telok Panglima Garang, Selangor, Malaysia",Teluk Panglima Garang,4728732950
101.4747043,2.9142971,Poliklinik Jaya TPG,clinic,,"Jalan Temenggong, Taman Desa Wira, 42500 Telok Panglima Garang, Selangor, Malaysia",Teluk Panglima Garang,4728985468
101.5351465,3.0042374,Lozex Medical Laboratory,laboratory,,"Level 1, Selgate Specialist Hospital Rawang, Persiaran Anggun Ria, Sungai Bakau, 48000 Rawang, Selangor, Malaysia",Rawang,4945332887
101.451907,3.0652642,Klinik Guan,clinic,,"No. 192, Jalan Pekan Baru, Off, Jln Meru, Batu 2, 41050 Klang, Selangor, Malaysia",Klang,8007311407
101.4616983,3.0987527,I-Teeth Setia Dental Clinic,dentist,dentistry,"29-1, Jalan Setia Indah X U13/X, Setia Alam, 40170 Shah Alam, Selangor, Malaysia",Shah Alam,5704434511
101.4441344,3.0995342,Eden,pharmacy,,"7-1-2, Jalan Setia Prima A U13/A, Setia Alam, 40170 Shah Alam, Selangor, Malaysia",Shah Alam,4199773349
101.5512356,3.0374837,Klinik Ahmad Shah,clinic,,"4, Jalan Tukas 18/34, Seksyen 18, 40200 Shah Alam, Selangor, Malaysia",Shah Alam,287396094
101.6050502,3.1126652,Guardian,pharmacy,,"14, Jalan SS 6/3, Ss 6, 47301 Petaling Jaya, Selangor, Malaysia",Petaling Jaya,6294218526
101.4452809,2.9967338,Klinik Pakar Mata Vista,clinic,ophthalmology,"Jalan Mahogani 5, Bandar Botanic, 41200 Klang, Selangor, Malaysia",Klang,7731869547
101.5431101,3.1503963,Klinik Alam Medic Subang Perdana,clinic,,"Seksyen U3, 30-G, Jalan Dinar F U3/F, Taman Subang Perdana, 40150 Shah Alam, Selangor, Malaysia",Shah Alam,2708957246
101.4262624,3.2294775,Poliklinik An-Nisa',clinic,,"11GF, Lorong Naluri Sukma B8/B, 42300 Puncak Alam, Selangor, Malaysia",Puncak Alam,2877108057
101.5713975,3.1571081,Primer Cherang Clinic Kota Damansara 24H,clinic,,"Emporis, Persiaran Surian, Kota Damansara, 47810 Petaling Jaya, Selangor, Malaysia",Petaling Jaya,8454054599
101.593717,3.1504941,Klinik San & Surgeri,clinic,,"37-1, Jalan PJU 5/9, Dataran Sunway, 47810 Petaling Jaya, Selangor, Malaysia",Petaling Jaya,7742210327
101.6068278,3.1944848,Clinic Aman Putra,clinic,,"21, Jalan Cempaka SD 12/2, Bandar Sri Damansara, 52200 Kuala Lumpur, Wilayah Persekutuan Kuala Lumpur, Malaysia",Kuala Lumpur,10059992437
101.6053093,3.1884457,Guardian,pharmacy,,"13, Jalan Tanjung SD 13/1, Bandar Sri Damansara, 52200 Kuala Lumpur, Wilayah Persekutuan Kuala Lumpur, Malaysia",Kuala Lumpur,1730075066
101.6077901,3.1846292,London Children's Clinic,hospital,,"61 Wimpole St, London W1G 8AH, United Kingdom",Greater London,1730075068
101.4746431,2.9259997,Pusat Rawatan DarusSyifa,alternative,,"Batu 9, Sejangkang, Kampung Medan, 42500 Telok Panglima Garang, Selangor, Malaysia",Teluk Panglima Garang,4728732949
101.4589037,3.1074109,TGGD Medical & Dental Clinic,dentist,,"Level 1, Top Glove Tower, No.16, Persiaran Setia Dagang,, Setia Alam, Seksyen U13, Setia Alam, 40170 Shah Alam, Selangor, Malaysia",Shah Alam,10556930854
101.5863705,3.0459949,UNI Pharmacy,pharmacy,,"12(Grd Floor, Jalan USJ 9/5q, Subang Business Centre, 47620 Subang Jaya, Selangor, Malaysia",Subang Jaya,4918574824
101.5398691,3.0828727,umra,hospital,,"No. 12, 18, Jalan Bola Tampar 13/14, Seksyen 13, 40100 Shah Alam, Selangor, Malaysia",Shah Alam,5674560621
101.5866801,3.1103715,Guardian,pharmacy,,"EV-G-19 & EV-G-20, GROUND FLOOR, EVOLVE CONCEPT MALL@PACIFIC PLACE, Jalan PJU 1a/4, 47301 Petaling Jaya, Selangor, Malaysia",Petaling Jaya,4565128598
101.2682444,3.3204019,klinik anda,clinic,,"No. 3, 5, 7 & 9, Jalan Bendahara 1/1, Taman Bendahara, 45000 Kuala Selangor, Selangor, Malaysia",Kuala Selangor,6157724596
101.6859278,3.1780239,Klinik Dr.Prevents Jalan Ipoh 24 Jam,clinic,,"A-2-8 Viva, Jalan Ipoh, 51200 Kuala Lumpur, Wilayah Persekutuan Kuala Lumpur, Malaysia",Kuala Lumpur,11492902164
102.8160664,2.505997,Klinik Pakar Lim,clinic,gynaecology,"85000 Segamat, Johor Darul Ta'zim, Malaysia",Segamat,8021340685
101.780474,2.9853933,Prof Muhaya Eye & Lasik Centre,clinic,,"9, 10, 11, Residensi Park, Persiaran Jalil Utama, Bukit Jalil, 57000 Kuala Lumpur, Wilayah Persekutuan Kuala Lumpur, Malaysia",Kajang,4750925414
101.7803436,2.985922,Pusat Fisioterapi Liew,clinic,,"PA-S-35 Pearl Avenue, Jalan Pasir Emas, Taman Berjaya, 43000 Kajang, Selangor, Malaysia",Kajang,4884478322
115.7432756,5.3463829,Farmasi Wan,pharmacy,,"Farmasi Wan Grd. Flr. Lot D TL1727 Lorong Padas Satu, Jalan Padas Utama, Beaufort, 89800 Beaufort, Sabah, Malaysia",Beaufort,5052351721
100.372174,5.4100822,Farmasi Bagan (BW) Sdn. Bhd.,pharmacy,,"4845, Jalan Kampung Benggali, Kampung Benggali, 12200 Butterworth, Pulau Pinang, Malaysia",Butterworth,8127896886
101.6526796,3.1125345,UMMC Main Lobby,hospital,,"Jln Profesor Diraja Ungku Aziz, Seksyen 13, 50603 Petaling Jaya, Wilayah Persekutuan Kuala Lumpur, Malaysia",Petaling Jaya,4713094662
101.2601413,4.1977969,Klinik Sandhu,clinic,,"34, Jalan Stesen, 35000 Tapah, Perak, Malaysia",Tapah,11494624788
101.5089859,3.0907785,Klinik Dr Noraini,clinic,,"22, Jalan Liku 8, Seksyen 8, 40000 Shah Alam, Selangor, Malaysia",Shah Alam,4730571681
101.5273818,3.0817129,Klinik Rohana,clinic,,"Jalan Tengku Ampuan Zabedah B 9/B, Seksyen 9, 40100 Shah Alam, Selangor, Malaysia",Shah Alam,4746993769
101.5272,3.0819788,D'Apotic Pharmacy,pharmacy,,"4, Jalan Nelayan 19/B, Seksyen 19, 40300 Shah Alam, Selangor, Malaysia",Shah Alam,4746993775
101.6895624,3.1326876,Brickfields Pharmacy,pharmacy,,"21, Jalan Tun Sambanthan 4, Brickfields, 50470 Kuala Lumpur, Wilayah Persekutuan Kuala Lumpur, Malaysia",Kuala Lumpur,5328930822
101.6978362,3.1590691,Klinik Pemmi Dhillon,clinic,,"No. 9 - 3, Third Floor, Jalan Medan Tuanku 1, Chow Kit, 50300 Kuala Lumpur, Federal Territory of Kuala Lumpur, Malaysia",Kuala Lumpur,10968603962
101.6974501,3.158044,Wong Dental Specialist Clinic,dentist,,"31, Jalan Medan Tuanku, Medan Tuanku, 50300 Kuala Lumpur, Wilayah Persekutuan Kuala Lumpur, Malaysia",Kuala Lumpur,11039549430
102.2560415,2.9453277,Klinik Rakyat,clinic,,"13 Taman Seri Pertang, Simpang Pertang, Simpang Pertang, Jelebu, Taman Sri Desa, 72300 Simpang Pertang, Negeri Sembilan, Malaysia",Simpang Pertang,6707736766
102.1082598,2.3512189,Farmasi Dama Sdn. Bhd.,pharmacy,,"AG8559 wisma hj sulong siban, Jalan Besar Masjid Tanah, 78300 Melaka, Malaysia",Melaka,8736241062
101.7063959,3.1732673,National Blood Bank Malaysia,hospital,,"Jln Tun Razak, Titiwangsa, 50400 Kuala Lumpur, Wilayah Persekutuan Kuala Lumpur, Malaysia",Kuala Lumpur,1813382765
101.7013108,3.1719281,Emergency & Trauma,hospital,,"Jalan Pahang, 50586 Kuala Lumpur, Wilayah Persekutuan Kuala Lumpur, Malaysia",Kuala Lumpur,5940936663
101.7009086,3.1720004,Jabatan Patologi,hospital,,"JABATAN PATOLOGI, TING 15, JALAN YAACOB LATIF,, CHERAS KUALA LUMPUR, 56000 Kuala Lumpur, Wilayah Persekutuan Kuala Lumpur, Malaysia",Kuala Lumpur,5940936664
102.8145982,2.5041788,Farmasi Pandu Lalu Klinik Kesihatan Segamat,pharmacy,,"33, Jalan Kekwa Segamat, Kampung Abdullah, 85000 Johor, Malaysia",Johor,8022125967
101.8356327,2.5124757,Bekam Ibnu Bakar,alternative,,"1079, Jalan Pinang 5, Taman Dato Hj, Taman Dato Haji Abdul Samad, 71000 Port Dickson, Negeri Sembilan, Malaysia",Port Dickson,11494377043
101.6918049,3.1661748,Guardian,pharmacy,,"LG-5, 100, Jalan Putra, Chow Kit, 50350 Kuala Lumpur, Wilayah Persekutuan Kuala Lumpur, Malaysia",Kuala Lumpur,10161084959
101.7033458,3.1727457,Blok Kejuruteraan,hospital,,"Jalan Sultan Salahuddin, Kuala Lumpur, 50480 Kuala Lumpur, Wilayah Persekutuan Kuala Lumpur, Malaysia",Kuala Lumpur,6092249098
101.7023194,3.1689307,Klinik Pergigian Institut Pediatrik,dentist,,"Jalan Masjid Hospital, 50586 Kuala Lumpur, Wilayah Persekutuan Kuala Lumpur, Malaysia",Kuala Lumpur,6156813059
101.6936071,3.2352554,Guardian,pharmacy,,"No. 17, Jalan SG 1/6, Taman Sri Gombak, 68100 Batu Caves, Selangor, Malaysia",Batu Caves,5413501125
101.7119688,3.2130401,Klinik Setia,clinic,,"24, Jalan Jernai 3, Medan Idaman Business Centre, 53100 Kuala Lumpur, Wilayah Persekutuan Kuala Lumpur, Malaysia",Kuala Lumpur,7315533284
101.714617,3.2180696,Klinik Kesihatan Gombak Setia,clinic,,"PT 4453, Lorong Penghulu, Gombak Setia, 53100 Kuala Lumpur, Selangor, Malaysia",Kuala Lumpur,7315552088
102.8162564,2.5092098,Pathlab,pharmacy,,"125, Jalan Sia Her Yam, Kampung Abdullah, 85000 Segamat, Johor Darul Ta'zim, Malaysia",Segamat,577512403
101.7113707,3.1954553,Farmasi Tip Top,pharmacy,,"18, Jln 2/50C, Taman Setapak Indah Jaya, 53300 Kuala Lumpur, Wilayah Persekutuan Kuala Lumpur, Malaysia",Kuala Lumpur,9457456872
101.7034196,3.2030662,Watsons,pharmacy,,"No. 93A-G, Ground Floor, Block E, KL Traders Square, Jln Gombak, Kampung Kuantan, 53000 Kuala Lumpur, Wilayah Persekutuan Kuala Lumpur, Malaysia",Kuala Lumpur,7201719616
101.7030602,3.2043277,Klinik KL Trader Center,clinic,,"No 13A-G @ 15-G KL, Traders Square, 289, Jln Gombak, Setapak, 53000 Kuala Lumpur, Wilayah Persekutuan Kuala Lumpur, Malaysia",Kuala Lumpur,7315552089
101.7122237,3.1491127,Guardian,pharmacy,,"LOT NO 89 & 91, Jln Bukit Bintang, Bukit Bintang, 55100 Kuala Lumpur, Wilayah Persekutuan Kuala Lumpur, Malaysia",Kuala Lumpur,6369776590
101.732174,3.2014056,Klinik Keluarga,clinic,,"28, Jalan 1a/27a, Wangsa Maju, 53300 Kuala Lumpur, Wilayah Persekutuan Kuala Lumpur, Malaysia",Kuala Lumpur,7315469377
101.7322359,3.2012643,Klinik Pertama Wagsa Maju,clinic,,"20, Jalan 1a/27a, Wangsa Maju, 53300 Kuala Lumpur, Wilayah Persekutuan Kuala Lumpur, Malaysia",Kuala Lumpur,7315469378
101.7206761,3.201801,Klinik Murni,clinic,,"56, Jalan 2/23a, Off, Jalan Genting Kelang, Taman Danau Kota, 53300 Kuala Lumpur, Wilayah Persekutuan Kuala Lumpur, Malaysia",Kuala Lumpur,7315487394
101.7211743,3.2023061,Klinik Idzham,clinic,,"4g, Jalan 2/23a, 53300 Kuala Lumpur, Wilayah Persekutuan Kuala Lumpur, Malaysia",Kuala Lumpur,7315487395
101.7962173,2.5244736,Klinik Pergigian PD,dentist,,"Klinik Pergigian, Klinik Kesihatan, Kampung Dhobi, 71000 Port Dickson, Negeri Sembilan, Malaysia",Port Dickson,4861632630
101.7957155,2.5235675,Klinik Pergigian Tings,dentist,,"45, Jalan Raja Aman Shah, Kampung Bahasa Kapor, 71000 Port Dickson, Negeri Sembilan, Malaysia",Port Dickson,4861632613
101.796261,2.5224942,Kelinik Peh,doctor,,"No. 66, Jalan Seremban Off Jalan Baru, 71000, Port Dickson, Negeri Sembilan, Kampung Bahasa Kapor, 71010 Port Dickson, Negeri Sembilan, Malaysia",Port Dickson,4861632599
101.7105301,3.1424987,White Smile,dentist,,"07-32, Berjaya Times Square, Imbi, 55100 Kuala Lumpur, Federal Territory of Kuala Lumpur, Malaysia",Kuala Lumpur,7242331187
101.776074,2.9899677,"Poliklinik Pakar Kanak-Kanak Dr Saiful & Pakar Telinga, Hidung & Tekak Dr Esa",doctor,,"No 15, M/J Taman Majlis Jaya, Jln 1 Tmn Sekamat, Kampung Baru Sungai Chua, 43000 Kajang, Selangor, Malaysia",Kajang,4753801885
101.7672725,2.9905101,Klinik Desa Sungai Ramal,clinic,,"Jalan Sungai Penghulu, Sungai Ramal Baru, 43000 Kajang, Selangor, Malaysia",Kajang,4753547220
101.7762401,2.9900539,Tiew Dental,dentist,,"No. 9, Jalan M/J 1, Jalan Sungai Chua, Taman Majlis Jaya, 43000 Kajang, Selangor, Malaysia",Kajang,4753801888
101.7763675,2.9900334,Klinik Lim & Chai,doctor,,"5, Jalan M/J1, Taman Majlis Jaya, 43000 Kajang, Selangor, Malaysia",Kajang,4753801889
101.7764298,2.9900443,Klinik Ng & Surgeri,doctor,,"3, Jalan M/J 1 Taman Majlis Jaya, Sungai Chua, 43000 Kajang, Selangor, Malaysia",Kajang,4753801890
101.7884608,2.9922596,Klinik Ng,doctor,,"25, Jalan Bukit Mewah 11, Taman Bukit Mewah, 43000 Kajang, Selangor, Malaysia",Kajang,4752484294
101.7912494,2.990343,Klinik Pergigian Lee,dentist,,"Lot A-3A-1, 4th Floor, MKH Avenue, Jln Ave 1A, Bandar Kajang, 43000 Kajang, Selangor, Malaysia",Kajang,4752484253
101.7902247,2.9920992,Klinik Pergigian Khir,dentist,,"Unit 1-23, Residensi Park Bukit Jalil, Persiaran Jalil Utama, Bandar Bukit Jalil, 57000 Kuala Lumpur, Wilayah Persekutuan Kuala Lumpur, Malaysia",Kajang,4751683688
113.9636342,4.0974697,Klinik Steven Ngo,clinic,,"Lot 765, grd floor, pH 4 Taman lambir Jaya, bekenu, 98150 Miri, Sarawak, Malaysia",Miri,11482649710
101.7508763,2.7845415,Klinik Marsya,clinic,,"12A, Jalan Gembira, Desa Gembira, 43900 Sepang, Selangor, Malaysia",Sepang,4220894389
101.7648622,2.766544,Klinik Kesihatan Kuarters KLIA,clinic,,"Klinik Kesihatan Kuarters KLIA, Taman Memancing Istana Bunian, 71800 Nilai, Negeri Sembilan, Malaysia",Nilai,530272929
113.0583455,3.1980376,Watsons,pharmacy,,"Lot G-7AG-8,GF, Boulevard Shopping Mall Bintulu, Jalan Tanjung Batu, 97000 Bintulu, Sarawak, Malaysia",Bintulu,5133221624
101.9069993,3.524371,Farmasi Bentong,pharmacy,,"31 Ground Floor, Jalan Chui Yin, 28700 Bentong, Pahang, Malaysia",Bentong,9939642506
101.7442401,3.1487007,Klinik Hashimee,clinic,,"No. 8, 1st Floor, Jalan Hilir 1, Taman Sri Angsana Hilir, 55100 Kuala Lumpur, Wilayah PersekutuanNo. 8, 1st Floor, Jalan Hilir 1, Taman Sri Angsana Hilir, 55100 Kuala Lumpur, Wilayah Persekutuan, Malaysia",Kuala Lumpur,4164776726
101.6710506,3.0508933,Caring Pharmacy,pharmacy,,"Lot 1.94.00, Pavilion Bukit Jalil, 2, Persiaran Jalil 8, Bandar Bukit Jalil, 57000 Kuala Lumpur, Wilayah Persekutuan Kuala Lumpur, Malaysia",Kuala Lumpur,9321006894
101.7742351,3.1534653,Klinik Mutiara,clinic,,"No. 15 - G, Jalan Medan Bukit Indah Satu, Taman Bukit Indah, 68000 Ampang, Selangor, Malaysia",Ampang,8493357130
101.7442648,3.201333,Klinik Pergigian Salwa,clinic,,"Pusat Bandar Wangsa Maju, 92G, Jalan Wangsa Delima 6, Pusat Bandar Wangsa Maju, 53300 Kuala Lumpur, Wilayah Persekutuan Kuala Lumpur, Malaysia",Kuala Lumpur,4580910090
101.7513707,3.2107937,Klinik Seri Melawati,clinic,,"9143, Jalan Bandar 4, Taman Melawati, 53100 Kuala Lumpur, Wilayah Persekutuan Kuala Lumpur, Malaysia",Kuala Lumpur,6855397987
101.7443384,3.2012483,Klinik Suhaimi,clinic,,"88, Jalan Wangsa Delima 6, Pusat Bandar Wangsa Maju, 53300 Kuala Lumpur, Wilayah Persekutuan Kuala Lumpur, Malaysia",Kuala Lumpur,4580889190
101.7440464,3.0617768,Klinik Alam Damai,clinic,,"24, Jln Damai Raya 2, Damai Niaga, 56000 Kuala Lumpur, Wilayah Persekutuan Kuala Lumpur, Malaysia",Kuala Lumpur,7314704262
101.7485804,3.0580262,Klinik Pergigian Dentcare,clinic,dentistry,"20, Jalan 34/154, Taman Bukit Anggerik, 56000 Cheras, Wilayah Persekutuan Kuala Lumpur, Malaysia",Cheras,7314704260
101.696475,3.1526266,Klinik Poovan,clinic,,"37, Jalan Anggun City 1, Sungai Bakau, 48000 Rawang, Selangor, Malaysia",Rawang,10677445026
101.636991,3.0797802,Farmasi Kaisar,pharmacy,,"8, 9, 10 & 11, Jalan PJS 2/16A, Taman Maju Jaya, 46000 Petaling Jaya, Selangor, Malaysia",Petaling Jaya,4664696539
102.348997,3.4839977,Kedai Ubat Poh Thai,pharmacy,,"Taman Saga, 28400 Mentakab, Pahang, Malaysia",Mentakab,7792957377
101.4872983,3.2056593,Klinik Komuniti Bandar Saujana Utama,clinic,,"6, Jalan Bidara 6/3, Bandar Saujana Utama, 47000 Sungai Buloh, Selangor, Malaysia",Sungai Buloh,10804010307
101.7424372,3.0766252,Guardian,pharmacy,,"LG07,Lower Ground Floor, Residensi Majestic Maxim, 45, Jalan 9, Taman Bukit Cheras, 56000 Kuala Lumpur, Federal Territory of Kuala Lumpur, Malaysia",Kuala Lumpur,11428507551
110.3527335,1.5533319,Dr Ai Ling Medic Care Clinic,clinic,,"Lot 285, Ground Floor, Jalan Ban Hock, 93100 Kuching, Sarawak, Malaysia",Kuching,12222029198
101.6731541,2.8670432,PharMart,pharmacy,,"No. 17 Ground Floor, Jalan Mutiara 1, Taman Mutiara, 43800 Dengkil, Selangor, Malaysia",Dengkil,4719561256
101.6734425,2.8652683,Poliklinik Nur Fatimah,clinic,,"No 2, Jalan Nilam 1, Taman Nilam, 43800 Dengkil, Selangor, Malaysia",Dengkil,4719212665
101.6950548,2.8070174,Optometri UKM Kesihatan,optometrist,,"Level 1, Ophthalmology Clinic, Hospital Canselor Tuanku Muhriz, the store is inside the clinic, Jalan Yaacob Latif, Bandar Tun Razak, 56000 Cheras, Wilayah Persekutuan Kuala Lumpur, Malaysia",Sepang,10970142958
101.7380718,3.0814109,Healthcare Family Wellness Centre,alternative,reflexology,"42, Jalan Cerdas, Taman Connaught, 56000 Kuala Lumpur, Wilayah Persekutuan Kuala Lumpur, Malaysia",Kuala Lumpur,7377403386
101.6760584,2.863618,Klinik Pergigian Dengkil Ria,dentist,,"no.3A,tingkat 1,jalan deluxe,pusat perdagangan deluxe, No. 3A, Tingkat, 1, Jalan Deluxe, Taman Kristal, 43800 Dengkil, Selangor, Malaysia",Dengkil,4719212605
101.6711944,2.8701887,Klinik Pusrawi Dengkil,clinic,general,"G-11, Jalan Dengkil Centre Point, Taman Dengkil Centre Point, 43800 Dengkil, Selangor, Malaysia",Dengkil,11431914134
101.6711944,2.8701887,Klinik Pusrawi Dengkil,clinic,vaccination,"G-11, Jalan Dengkil Centre Point, Taman Dengkil Centre Point, 43800 Dengkil, Selangor, Malaysia",Dengkil,11431914134
101.6711944,2.8701887,Klinik Pusrawi Dengkil,clinic,internal_medicine,"G-11, Jalan Dengkil Centre Point, Taman Dengkil Centre Point, 43800 Dengkil, Selangor, Malaysia",Dengkil,11431914134
101.6711944,2.8701887,Klinik Pusrawi Dengkil,clinic,surgery,"G-11, Jalan Dengkil Centre Point, Taman Dengkil Centre Point, 43800 Dengkil, Selangor, Malaysia",Dengkil,11431914134
101.6702873,2.8560702,Klinik Mediviron,clinic,,"1, Jalan Intan 1, Taman Intan, 43800 Dengkil, Selangor, Malaysia",Dengkil,9903747623
101.6771548,2.8620093,Farmasi Sinma,pharmacy,,"1, Jalan Teras 1, Taman Industri Selesa Jaya, 43300 Seri Kembangan, Selangor, Malaysia",Dengkil,4719211265
114.023303,4.4483449,Prima Mediclinic,clinic,,"Lot 10284, Block 10, Ground Floor, Jalan Pujut 7, Lutong, 98000 Miri, Sarawak, Malaysia",Miri,11478987404
116.2300715,6.174154,Klinik Kesihatan Ibu dan Kanak-kanak Tuaran,clinic,gynaecology,"Jalan Sekadar Batangan, Tuaran, 89208 Kota Kinabalu, Sabah, Malaysia",Kota Kinabalu,5916005406
116.2300715,6.174154,Klinik Kesihatan Ibu dan Kanak-kanak Tuaran,clinic,paediatrics,"Jalan Sekadar Batangan, Tuaran, 89208 Kota Kinabalu, Sabah, Malaysia",Kota Kinabalu,5916005406
101.6950565,2.8070806,Poliklinik UKM Kesihatan,clinic,,"No 12, Ground Floor, 43900, Pusat Perdagangan Klia Avenue, Jalan KLIA Avenue, 43900 Sepang, Selangor, Malaysia",Sepang,10970142957
113.8463487,4.0569624,Bestcare Pharmacy,pharmacy,,"17B Bekenu Bazaar, Kampung Keluru Jaya, 98150 Bekenu, Sarawak, Malaysia",Bekenu,11482092463
101.7562817,3.1461758,Klinik Dr Aishah,clinic,,"7, No 7-7A, Jalan Balakung 27/7, Seksyen 27, 40400 Shah Alam, Selangor, Malaysia",Shah Alam,3365771588
101.7510163,3.1589428,Farmasi Constant,pharmacy,,"A3-G2-07, Solaris Dutamas, 1, Jln Dutamas 1, Dutamas, 50480 Wilayah Persekutuan, Wilayah Persekutuan Kuala Lumpur, Malaysia",Wilayah Persekutuan,9334142991
101.7748969,2.9684048,Klinik Sofea,doctor,,"5, Jalan 4/12, Seksyen 4 Tambahan Bandar Baru Bangi, 43650 Bandar Baru Bangi, Selangor, Malaysia",Bandar Baru Bangi,4756642360
101.7793169,3.1402418,Guardian,pharmacy,,"AEON BIG AMPANG LOT NO F2.28,F2.29,F2.35 & F2.36 LOT 613, Taman Dagang, 68000 Ampang, Selangor, Malaysia",Ampang,5411327122
113.9856203,4.3921081,Klinik Yee,clinic,general,"No. 2, River Road, 98008 Miri, Sarawak, Malaysia",Miri,11618813062
101.6185752,2.9847138,Poliklinik Care Medics,clinic,,"NO 10, Jalan BP 7/11, Bandar Bukit Puchong, 47120 Puchong, Selangor, Malaysia",Puchong,4490605592
101.1135534,4.5712698,Watsons,pharmacy,,"Lot No 1, Ground Floor, Arena, Jalan Gunung Rapat, Kampung Gunung Rapat, 31350 Ipoh, Perak, Malaysia",Ipoh,11464502567
101.1149887,4.5719396,HTM Pharmacy,pharmacy,,"684, Jalan Gunung Rapat, Kampung Baru, Kampung Gunung Rapat, 31350 Ipoh, Perak, Malaysia",Ipoh,11464502565
101.6592655,3.211291,Wing Sang Medical Hall,clinic,,"3481, Jalan Jinjang Utama, Jinjang Utara, 52000 Kuala Lumpur, Wilayah Persekutuan Kuala Lumpur, Malaysia",Kuala Lumpur,12214036928
101.6592053,3.2104517,AA Pharmacy,pharmacy,,"No. 3493 & 3493-M, Jalan Jinjang Utama, Jinjang Utara, 52000 Kuala Lumpur, Wilayah Persekutuan Kuala Lumpur, Malaysia",Kuala Lumpur,12214036923
101.6592072,3.2105052,Chong Dental Surgery,dentist,,"No. 3492, Str Garden, Jinjang Utara, 52000 Kuala Lumpur, Wilayah Persekutuan, Malaysia",Kuala Lumpur,12214036922
101.6592291,3.2107528,Lifecare Pharmacy,pharmacy,,"3489, Jalan Garden Street, Jinjang Utara , Kuala Lumpur, Jalan Jinjang Indah, Jinjang Utara, 52000 Kuala Lumpur, Federal Territory of Kuala Lumpur, Malaysia",Kuala Lumpur,7806419013
101.5227724,3.0719941,Avisena Dialysis Centre,dialysis,nephrology,"G-3, Plaza Azalea, 6, Persiaran Bandaraya, Seksyen 14, 40000 Shah Alam, Selangor, Malaysia",Shah Alam,11127129866
101.6161954,3.2110165,Guardian,pharmacy,,"NO. 2-28A, GROUND FLOOR, Jalan Desa 1/1, Desa Aman Puri, 52100 Sungai Buloh, Selangor, Malaysia",Sungai Buloh,12385743758
113.9850278,4.390033,Klinik Peter Lee,clinic,occupational_medicine,"Center Point Lot No 1282 Ground Floor, Malay Street, 98007, Miri, Sarawak, 98000 Miri, Sarawak, Malaysia",Miri,11674334039
113.9850278,4.390033,Klinik Peter Lee,clinic,general,"Center Point Lot No 1282 Ground Floor, Malay Street, 98007, Miri, Sarawak, 98000 Miri, Sarawak, Malaysia",Miri,11674334039
113.9859582,4.3897942,Pok Huat Dental Clinic,dentist,,,Miri,12214410646
101.778481,2.7658509,Klinik Desa Kampung Jijan,clinic,,"Kampung Jijan, 71800 Nilai, Selangor, Malaysia",Nilai,657549485
101.7106425,3.1394466,Clinic Wanita Choy,clinic,,"Bukit Bintang, 55100 Kuala Lumpur, Wilayah Persekutuan Kuala Lumpur, Malaysia",Kuala Lumpur,10312438993
113.9866776,4.3934097,Shing Kang Medical,alternative,traditional_chinese_medicine,"Sarawak, Miri Jalan Bendahara, 邮政, 98000 Miri, Sarawak, Malaysia",Miri,12213386232
101.5265257,3.0660641,PPV Ideal Convention Centre,vaccination_centre,vaccination,"Level 7, Jalan Pahat L 15/L, Seksyen 15, 40200 Shah Alam, Selangor, Malaysia",Shah Alam,8848144460
113.9858989,4.392704,Luong Guong Medical Hall,alternative,,,Miri,12227636718
113.9844068,4.3887543,Shafiee Optometry Sdn Bhd,optometrist,,"LOT 1232 GROUND FLOOR, CENTRE POINT COMMERCIAL CENTRE, Jalan Melayu, 98000 Miri, Sarawak, Malaysia",Miri,11779981456
101.6994532,3.1723461,Pusat Transplan Buah Pinggang Kebangsaan,unknown,,"Pusat Sumber Transplan Nasional, Aras 5, Wisma Sejarah, Jln Tun Razak, Titiwangsa, 50400 Kuala Lumpur, Federal Territory of Kuala Lumpur, Malaysia",Kuala Lumpur,12223705233
101.6991576,3.1712296,Klinik Ortopedik & Traumatologi,unknown,,"Jln Dr. Latif, 50586 Kuala Lumpur, Wilayah Persekutuan Kuala Lumpur, Malaysia",Kuala Lumpur,12223588386
116.0573548,5.9188682,Synergist Physiotherapy Centre,physiotherapist,physiotherapy,"Lot 9, Block A, Ground floor, Fortuna Commercial Center, Jalan Penampang, Lrg Seroja 2, Taman Fortuna Phase 2, 88200 Kota Kinabalu, Sabah, Malaysia",Kota Kinabalu,9531432564
110.3504777,1.5527715,Fong & Mak Chinese Physicians & Accupuncture Specialists,alternative,traditional_chinese_medicine,"81, Ground Floor, Jalan Ban Hock, Kuching, 93100, Kuching, Sarawak, 81, Jalan Ban Hock, 93200 Kuching, Sarawak, Malaysia",Kuching,12222020887
101.7084232,2.9915544,Pusat Kesihitan Universiti,hospital,,"Jalan Universiti 1, Putra Square, 43400 Serdang, Selangor, Malaysia",Serdang,5891259485
101.7376791,3.0085552,Klinik 1Malaysia,clinic,,"BLOCK D, Jalan Landai Permai, 57100 Kuala Lumpur, Wilayah Persekutuan Kuala Lumpur, Malaysia",Kuala Lumpur,4450182213
101.7427516,3.0715894,Klinik Komuniti Alam Damai,clinic,,"12, Jln Alam Damai 1, Damai 23, 56000 Kuala Lumpur, Wilayah Persekutuan Kuala Lumpur, Malaysia",Kuala Lumpur,7314704269
101.7372505,3.07449,Klinik Dr. Nurul,clinic,,"No. Wilayah Persekutuan Alam Damai, 29, Jalan Damai Niaga 1, Alam Damai, 56000 Kuala Lumpur, Wilayah Persekutuan Kuala Lumpur, Malaysia",Kuala Lumpur,7314704271
101.7450461,3.0743077,Klinik Len Seng,clinic,,"Maxim Residences, S-G-08, Jalan 9, Taman Len Seng, 56000 Kuala Lumpur, Federal Territory of Kuala Lumpur, Malaysia",Kuala Lumpur,8636823361
101.7394035,3.0462394,Klinik Damai Perdana,clinic,,"8, Jalan Damai Perdana 1/9a, Bandar Damai Perdana, 56000 Kuala Lumpur, Wilayah Persekutuan Kuala Lumpur, Malaysia",Kuala Lumpur,4682870389
101.7118928,3.2129946,Klinik Pergigian Setia,clinic,dentistry,"Jalan Jernai 3, 24, Jln Gombak, Medan Idaman Business Centre, 53100 Kuala Lumpur, Wilayah Persekutuan Kuala Lumpur, Malaysia",Kuala Lumpur,7315552085
101.7125743,3.2136192,Klinik Idzham,clinic,,"4g, Jalan 2/23a, 53300 Kuala Lumpur, Wilayah Persekutuan Kuala Lumpur, Malaysia",Kuala Lumpur,7315533282
101.7183358,3.2102275,Klinik Maju,clinic,,"56, Jalan 2/23a, Off, Jalan Genting Kelang, Taman Danau Kota, 53300 Kuala Lumpur, Wilayah Persekutuan Kuala Lumpur, Malaysia",Kuala Lumpur,7315487387
101.7125911,3.2132978,Klinik Pergigian Azlina Gombak,clinic,,"14, Batu 5, Jalan Gombak, Kuala Lumpur MV, 2, Jalan Jernai, Medan Idaman Business Centre, 53100 Kuala Lumpur, Federal Territory of Kuala Lumpur, Malaysia",Kuala Lumpur,7315533283
101.7614693,2.9624542,Klinik Pergigian Alan Adlan,dentist,,"3, Jalan 6/7b, Seksyen 1, 43650 Bandar Baru Bangi, Selangor, Malaysia",Bandar Baru Bangi,4758393877
101.7688908,2.9493777,Darussyifa,clinic,,"5, Jalan 1/7d, Seksyen 1, 43650 Bandar Baru Bangi, Selangor, Malaysia",Bandar Baru Bangi,2946922975
101.7802443,2.9762091,Klinik Pergigian Norfaizah,dentist,,"First Floor, 9, Jalan Kajang Mewah 3, Taman Kajang Mewah, 43000 Kajang, Selangor, Malaysia",Kajang,4755587644
101.7824332,2.9746058,Poliklinik Abdul Rahman,doctor,,"7, Jalan Sepakat Indah 2/1, Taman Sepakat Indah 2, 43000 Kajang, Selangor, Malaysia",Kajang,4754961500
101.7737573,2.9700165,Poliklinik An-Nisa',doctor,,"39, Jalan Semenyih Sentral 3, Taman Semenyih Sentral, 43500 Semenyih, Selangor, Malaysia",Bandar Baru Bangi,4756642340
101.7736677,2.977828,Klinik Medika,doctor,,"5-G, Jalan Putra 2, Taman Kajang Putra, 43000 Kajang, Selangor, Malaysia",Kajang,4757002013
101.7732888,2.9785156,Dialisis Amal MAA Medicare,clinic,,"No 3, 3a, 5 and 5a, Jalan Perniagaan Masria 1, Pusat Perniagaan Masria, 43200 Cheras, Selangor, Malaysia",Kajang,4757002006
101.7197311,3.2081816,Poliklinik Zazali,clinic,,"No.1, Jalan 6/23e, Taman Danau Kota, 53300 Kuala Lumpur, Wilayah Persekutuan Kuala Lumpur, Malaysia",Kuala Lumpur,7315487385
101.7494049,3.2092957,Guardian,pharmacy,,"Lot LG-04, Lower Ground, Melawati Mall, 355, Jln Bandar Melawati, Pusat Bandar Me, 53100 Kuala Lumpur, Selangor, Malaysia",Kuala Lumpur,5270451775
101.7410895,3.1965958,Klinik Dr Alyna,clinic,,"G-09, Wangsa 118, Jalan Wangsa Delima, Wangsa Maju, 53300 Kuala Lumpur, Wilayah Persekutuan Kuala Lumpur, Malaysia",Kuala Lumpur,7315469379
101.7145115,3.1660935,Klinik Harun,clinic,,"Ground Floor, Blok A Rumah Pangsa Pkns, Jalan Tun Razak, 50400, Kuala Lumpur, Wilayah Persekutuan, Kampung Baru, 50400 Kuala Lumpur, Federal Territory of Kuala Lumpur, Malaysia",Kuala Lumpur,10926214692
101.7213237,3.1292543,The KL Clinic,clinic,,"Lote No. 1M-02, Level 1M, Menara Hapseng 2, Plaza Hapseng, Jalan P. Ramlee, Kuala Lumpur, 50250 Kuala Lumpur, Wilayah Persekutuan Kuala Lumpur, Malaysia",Kuala Lumpur,7315469374
101.7142656,3.0720347,Klinik Maamor,clinic,,"8G, Jalan 20c/146, Taman Desa Tasek, 57000 Kuala Lumpur, Wilayah Persekutuan Kuala Lumpur, Malaysia",Kuala Lumpur,7314400593
101.7429258,3.070309,Klinik Healthmate,clinic,,"NO.58G, Wisma, Jln Alam Damai 1, Alam Damai, 56000 Cheras, Wilayah Persekutuan Kuala Lumpur, Malaysia",Cheras,7314704268
101.7483602,3.0580362,Klinik Britain,clinic,general,"18, Jalan 34/154, Taman Bukit Anggerik, 56000 Kuala Lumpur, Wilayah Persekutuan Kuala Lumpur, Malaysia",Kuala Lumpur,7314704261
101.7364315,3.0746087,Klinik Kesihatan Meditech,clinic,,"47-1, Jalan Damai Niaga 1, The Corner @ Alam Damai, 56000 Kuala Lumpur, Wilayah Persekutuan Kuala Lumpur, Malaysia",Kuala Lumpur,7314704272
101.7457938,3.0571764,Zhou Specialist Dental & Implantology Clinic,clinic,,"First Floor, 12A, Jalan Damai Puspa 4, Alam Damai, 56000 Kuala Lumpur, Wilayah Persekutuan Kuala Lumpur, Malaysia",Kuala Lumpur,7314704257
101.7408469,3.1019429,Big Pharmacy,pharmacy,,"14B, Jalan 1/96a, Taman Cheras Makmur, 56100 Cheras, Wilayah Persekutuan Kuala Lumpur, Malaysia",Cheras,11078832656
101.7408161,3.1018679,Klinik Kesihatan Ibu dan Anak Cheras Makmur,clinic,,"No 16 & 18 Jln 2/96 A, Taman Cheras Makmur Kuala Lumpur 56100 Kuala Kumpur WP Kuala Lumpur, Taman Cheras Makmur, 56100 Cheras, Federal Territory of Kuala Lumpur, Malaysia",Cheras,10874969581
101.7323483,3.1006704,Srimulia Pharmacy,pharmacy,,"3, Jalan Midah 5, Taman Midah, 56000 Kuala Lumpur, Wilayah Persekutuan Kuala Lumpur, Malaysia",Kuala Lumpur,6604323686
101.7322346,3.1005278,Klinik Pergigian Drs Wong & Partners,dentist,,"13, Jalan Kaskas 2, Taman Cheras, 56100 Kuala Lumpur, Wilayah Persekutuan Kuala Lumpur, Malaysia",Kuala Lumpur,6604323886
101.7323682,3.1005261,Klinik Alam Medic,clinic,,"Jalan Medan Midah, Taman Midah, 56000 Kuala Lumpur, Wilayah Persekutuan Kuala Lumpur, Malaysia",Kuala Lumpur,6604323885
101.7136161,3.1293148,Klinik Dr. Ko,clinic,,"32-4, Jalan Metro Pudu, Fraser Business Park, 55100 Kuala Lumpur, Wilayah Persekutuan Kuala Lumpur, Malaysia",Kuala Lumpur,7315469363
101.7217912,3.1458469,Beverly Wilshire,dentist,,"Level 9, Kenanga Tower, 237, Jln Tun Razak, Imbi, 50400 Kuala Lumpur, Wilayah Persekutuan Kuala Lumpur, Malaysia",Kuala Lumpur,6189843462
101.7136882,3.1447868,Wellcome Pharmacy,pharmacy,,"98, Jln Imbi, Bukit Bintang, 55100 Kuala Lumpur, Wilayah Persekutuan Kuala Lumpur, Malaysia",Kuala Lumpur,1544273713
101.7515498,2.6914672,Pusat Hemodialisis Mawar (Cawangan Sepang),clinic,,"Lot 1, Jalan Sepang - Lukut, Pekan Sepang, 43900 Sepang, Selangor, Malaysia",Sepang,4781812212
101.7509899,3.1717085,Poliklinik Permata,clinic,,"2790 GF, Jalan Changkat Permata, Taman Permata, 68000 Ampang, Selangor, Malaysia",Ampang,3816541868
101.7539895,2.9609029,Klinik Dr Bazilah,hospital,general,"C 10 G, Jalan Medan Pusat Bandar 5, Seksyen 9, 43650 Bandar Baru Bangi, Selangor, Malaysia",Bandar Baru Bangi,8663770175
101.7539895,2.9609029,Klinik Dr Bazilah,hospital,dermatology,"C 10 G, Jalan Medan Pusat Bandar 5, Seksyen 9, 43650 Bandar Baru Bangi, Selangor, Malaysia",Bandar Baru Bangi,8663770175
101.9399136,2.7252541,Samuel Klinik,doctor,,"14, Jalan Dato Lee Fong Yee, Bandar Seremban, 70000 Seremban, Negeri Sembilan, Malaysia",Seremban,4900680214
101.9380073,2.7246985,Farmasi Wangsa,pharmacy,,"34, Jalan Dato Lee Fong Yee, Bandar Seremban, 70000 Seremban, Negeri Sembilan, Malaysia",Seremban,4900680231
101.9390274,2.7245101,Seremban Premier Pharmacy,pharmacy,,"106, Jalan Dato Bandar Tunggal, Bandar Seremban, 70000 Seremban, Negeri Sembilan, Malaysia",Seremban,4900680206
101.9382425,2.7240895,Klinik Tan,doctor,,"3, Jalan Dato Sheikh Ahmad, Bandar Seremban, 70000 Seremban, Negeri Sembilan, Malaysia",Seremban,4900680086
101.9397181,2.7244685,Pearl Dental,dentist,,"14 Ground, Jalan Dato Sheikh Ahmad, Bandar Seremban, 70000 Seremban, Negeri Sembilan, Malaysia",Seremban,8049640778
101.9396205,2.7244525,Farmasi Alpro,pharmacy,,"No 17 & 19, Ground Floor, Jalan Tan Sri Manickavasagam, Taman Saga, 70300 Seremban, Negeri Sembilan, Malaysia",Seremban,4900680099
101.9712021,2.7370745,Klinik Komuniti,clinic,,"3773, Jalan RJ 6/11, Taman Rasah Jaya, 70300 Seremban, Negeri Sembilan, Malaysia",Seremban,7500903824
101.926105,2.7283453,Klinik Randeep,doctor,,"Lorong Permata 4/2, Taman Permata, 70200 Seremban, Negeri Sembilan, Malaysia",Seremban,4885878700
101.85801,2.9305483,Klinik Pusrawi SMC Semenyih,clinic,,"No. 59-G, Jalan Tps 1/6, Taman Pelangi, 43500 Semenyih, Selangor, Malaysia",Semenyih,5423746288
101.8572838,2.9318011,Klinik Dinamik,clinic,,"17, Jalan Tps 1/6, Taman Pelangi Semenyih, 43500 Semenyih, Selangor, Malaysia",Semenyih,3494490750
101.8371294,2.9631616,Klinik Pergigian Drs Wong & Partners,dentist,,"3A-G, Jalan Kiara 1, KIARA BUSINESS CENTER, 43500 Semenyih, Selangor, Malaysia",Semenyih,4988677333
101.8285914,2.9745475,Poliklinik Az-Zahrah,clinic,,"No.17, Jalan Seri Baiduri 2, Taman Sri Baiduri, Selangor, Bandar Teknologi Kajang, 43500 Semenyih, Selangor, Malaysia",Semenyih,283625796
101.7424937,2.9390066,Klinik Desa Kampung Sungai Merab Luar,clinic,,"Kampung Sungai Merab Luar, Jalan Kampung Sungai Merab Kajang, 43000 Kajang, Selangor, Malaysia",Kajang,6089785568
101.8003072,2.9897608,Klinik Lawrence,clinic,,"27, Jalan Bukit Mewah 11, Taman Bukit Mewah, 43000 Kajang, Selangor, Malaysia",Kajang,1370725175
101.8004315,2.9896622,damai,pharmacy,,"B-3-GB, Jalan Prima Saujana 2/A, Prima Saujana, 43000 Kajang, Selangor, Malaysia",Kajang,5746434521
101.7961848,2.977313,Pakar Perubatan Jantung Kumar,doctor,,"93-G, Jalan TKS 1, Taman Kajang Sentral, 43000 Kajang, Selangor, Malaysia",Kajang,4755588125
101.9116493,2.6957971,Klinik Sehat Wellness Centre,clinic,,"Uptown Avenue, 352, Jalan S2 B9, Seremban 2, 70300 Seremban, Negeri Sembilan, Malaysia",Seremban,4955400058
101.8059405,2.5531353,Klinik Ramani,doctor,,"2026, Jalan Seremban, Taman Ria, 71000 Port Dickson, Negeri Sembilan, Malaysia",Port Dickson,4868320152
101.9774932,2.7271454,Ams2 Afiyaa Traditional Healthcare Spa,unknown,,"No 8, Jalan PPP1, Pusat Perniagaan Paroi, Stadium Tuanku Abdul Rahman, 70400 Seremban, Negeri Sembilan, Malaysia",Seremban,7528880932
101.8294694,2.5704472,Pusat Hemodialisis Mawar,clinic,haematology,"71, Jalan Rasah, Bukit Rasah, 70300 Seremban, Negeri Sembilan, Malaysia",Port Dickson,4870445675
101.8122457,2.9012168,Klinik Desa Rinching Hilir,clinic,,"43000 Kajang, Selangor, Malaysia",Semenyih,3428051528
101.9367625,2.7298036,Farmasi NS,pharmacy,,"No 17 & 19, Ground Floor, Jalan Tan Sri Manickavasagam, Taman Saga, 70300 Seremban, Negeri Sembilan, Malaysia",Seremban,4902969802
101.9366498,2.7297982,Parim Specialist Clinic,doctor,,"Ground Floor, Arab Malaysian Business Centre, Jalan Tuanku Munawir, Bandar Seremban, 70000 Seremban, Negeri Sembilan, Malaysia",Seremban,4902969803
101.9350506,2.6913007,Klinik Rasah and Surgery,doctor,,"1761, Jalan Rasah, Rasah Utama, 70300 Seremban, Negeri Sembilan, Malaysia",Seremban,1594360874
101.9776103,2.7270962,Poliklinik Jasa,clinic,,"7-1, JALAN PPP1, PUSAT PERDAGANGAN PAROI, Jalan Seremban - Kuala Pilah, MUKIM AMPANGAN, 70400 Seremban, Negeri Sembilan, Malaysia",Seremban,7528868147
101.9374973,2.7244711,Klinik Pakar Wanita Rekha,maternity,,"14, Seremban, Malaysia, Jalan Tuanku Munawir, Bandar Seremban, 70000 Seremban, Negeri Sembilan, Malaysia",Seremban,4900680145
101.9404512,2.7257824,Klinik Kanak-kanak Dhillon,doctor,paediatrics,"Jalan Yam Tuan, Bandar Seremban, 70000 Seremban, Negeri Sembilan, Malaysia",Seremban,4900680113
101.9408885,2.7240762,Surgeri Pergigian Seremban,dentist,,"No. 138, Jalan Yam Tuan, Bandar Seremban, 70000 Seremban, Negeri Sembilan, Malaysia",Seremban,4900680106
101.9408661,2.7241574,Klinik Pakar Kulit Badsha,doctor,dermatology,"No. 122, Ground Floor, Jalan Yam Tuan, 70000 Seremban, Negeri SembilanNo. 122, Ground Floor, Jalan Yam Tuan, 70000, Seremban, Negeri Sembilan, Bandar Seremban, 70000 Seremban, Negeri Sembilan, Malaysia",Seremban,4900680107
101.9369724,2.7250734,Klinik Pergigian Nik Halim,dentist,,"No.9, Tingkat, 1, Jalan Tuanku Munawir, Bandar Seremban, 70000 Seremban, Negeri Sembilan, Malaysia",Seremban,4900680139
101.9370314,2.7251343,Yong's Specialist Clinic,doctor,,"1954, Jalan Tuanku Munawir, Bandar Seremban, 70000 Seremban, Negeri Sembilan, Malaysia",Seremban,4900680137
100.2802947,5.464946,Farmasi Tanjung Bungah Mcare,pharmacy,,"2H-G, Jln Lembah Permai, 11200 Tanjung Bungah, Penang, Malaysia",Tanjung Bungah,4177937192
101.9419204,2.7114874,Farmasi Newway,pharmacy,,"Pusat Komersial, No.13-1, Jalan PKBB1, Bukit Blossom, 70100 Seremban, Negeri Sembilan, Malaysia",Seremban,4881017278
101.9880684,2.6922119,Hospital Kesihatan Senawang,hospital,,"Persiaran Senawang 2, Taman Cendana, 70450 Seremban, Negeri Sembilan, Malaysia",Seremban,5259846531
102.4162468,3.4494862,Guardian,pharmacy,,"NO 32 GROUND FLOOR,JALAN SUDIRMAN 1,BANDAR BARU, Bandar Sri Semantan, 28000 Temerloh, Pahang, Malaysia",Temerloh,5076866801
110.3333623,1.507763,My Pharmacy,pharmacy,,"Ground Floor, No. 49, Batu 4, Jalan Penrissen, Taman Berjaya, 93250 Kuching, Sarawak, Malaysia",Kuching,12228701322
101.7327292,3.1013859,Klinik Templer,clinic,,"46, Jalan Midah Besar, Taman Midah, 56000 Kuala Lumpur, Wilayah Persekutuan Kuala Lumpur, Malaysia",Kuala Lumpur,6545294486
102.2913799,2.2550128,Farmasi Health Lane,pharmacy,,"8, Lorong Setia 1, Taman Ayer Keroh Heights, 75450 Ayer Keroh, Melaka, Malaysia",Ayer Keroh,7701753319
101.9846619,2.7017103,Guardian,pharmacy,,"B12-B14, GROUND FLOOR, LOT, Giant Hypermarket, 1571, JLN MUKIM, Senawang, 70450 Seremban, Negeri Sembilan, Malaysia",Seremban,4960704417
101.793309,2.8214815,U Dental,dentist,,"9972,JLN BBN 1/3L, Jalan Pusat Bandar, Putra Point, 71800 Nilai, Negeri Sembilan, Malaysia",Nilai,9817323664
101.7883726,2.8188254,Care4me,doctor,,"PT 12948, Jalan BBN 1/7d, Putra Indah, 71800 Nilai, Negeri Sembilan, Malaysia",Nilai,3731342918
110.3362245,1.5140492,Klinik Pergigian Infinite Smiles,dentist,,"Lot 12228, Block 16 Trinity Hub KCLD, Jalan Datuk Tawi Sli, Hua Joo Park, 93250 Kuching, Sarawak, Malaysia",Kuching,12228685920
101.8293798,2.5698465,Poliklinik Medicare,clinic,,"NO 18 & 19, JALAN BESAR, Lorong Bandar Baru Lukut, Lukut, 71010 Port Dickson, Negeri Sembilan, Malaysia",Port Dickson,7701889044
101.817218,2.5598752,Klinik 1 Malaysia,doctor,,"Jalan Perling, Pantai Sepang Putra, 43950 Tanjong Sepat, Selangor, Malaysia",Port Dickson,4869819585
101.8100134,2.5258174,Port Medical Centre,doctor,,"991/36, Jalan Pantai, Taman Mewah, 71000 Port Dickson, Negeri Sembilan, Malaysia",Port Dickson,4860108191
101.9120607,2.700717,Watsons,pharmacy,,"Lot G01, AEON Seremban 2 Shopping Centre, No.112, Persiaran S2 B1, Biz Avenue Shop, 70300 Seremban, Negeri Sembilan, Malaysia",Seremban,4955399895
101.6085512,3.0781943,Klinik Bandar,clinic,,"9-U.G, Pusat Perniagaan Lagoon Perdana, Jln PJS 9/1A, Bandar Sunway, 46150 Petaling Jaya, Selangor, Malaysia",Petaling Jaya,7677561777
101.6151835,3.074268,Klinik Sri Subang,clinic,,"9, Jalan PJS 7/22, Bandar Sunway, 46150 Petaling Jaya, Selangor, Malaysia",Petaling Jaya,4730337502
101.7424969,3.0898941,Watsons,pharmacy,,"No 53, Ground & Mezzanine Floor, Jalan Manis 4, Taman Bukit Segar, 56100 Kuala Lumpur, Wilayah Persekutuan Kuala Lumpur, Malaysia",Kuala Lumpur,11448793694
101.9399004,2.7246115,Klinik Gigi Seow & Lee,dentist,,"19, First Floor, Jalan Dato Sheikh Ahmad, Bandar Seremban, 70000 Seremban, Negeri Sembilan, Malaysia",Seremban,8049655944
101.6801162,3.1934343,Anika Sempurna Sdn Bhd,clinic,traditional_chinese_medicine,"12, Jalan 1/47b, Taman Rainbow, 51200 Kuala Lumpur, Wilayah Persekutuan Kuala Lumpur, Malaysia",Kuala Lumpur,9805302711
101.682826,3.1034953,Mediclinic Wong Zul & Rakan-rakan,clinic,,"63A, Jalan Desa Bakti, Taman Desa, 58100 Kuala Lumpur, Wilayah Persekutuan Kuala Lumpur, Malaysia",Kuala Lumpur,6158522236
113.9858987,4.3896011,Lee Clinic,clinic,,"Lot 1291, Ground Floor, Miri Centre Point, Jalan Melayu, 98000 Miri, Sarawak, Malaysia",Miri,11676727301
113.9858751,4.3895516,Farmasi Center Point,pharmacy,,"Lot 1290, Miri Centre Point, Jalan Melayu, 98000, Miri, Sarawak, 98000 Miri, Sarawak, Malaysia",Miri,11676727299
101.4535553,3.2327117,Klinik Eco Medic,clinic,,"Eco Grandeur, 46-G, Jln Eco Grandeur 1/8A, 42300 Puncak Alam, Selangor, Malaysia",Puncak Alam,12231212646
101.7011188,3.1678408,Widuri Health & Beauty Centre,pharmacy,,"61, Jalan Raja Muda Abdul Aziz, Chow Kit, 50300 Kuala Lumpur, Wilayah Persekutuan Kuala Lumpur, Malaysia",Kuala Lumpur,10973657093
101.7418848,3.1004531,CARiNG Pharmacy,pharmacy,,"Lot LG-42,EkoCheras Mall No 693,Batu, 5, Jln Cheras, Taman Mutiara Barat, 56000 Kuala Lumpur, Wilayah Persekutuan Kuala Lumpur, Malaysia",Kuala Lumpur,11455095888
101.6970696,3.1489042,Guardian,pharmacy,,"LOT NO 89 & 91, Jln Bukit Bintang, Bukit Bintang, 55100 Kuala Lumpur, Wilayah Persekutuan Kuala Lumpur, Malaysia",Kuala Lumpur,4629689963
101.726125,3.0990506,Pusat Pakar UKM,hospital,,"Jalan Yaacob Latif Level 7 HCTM UKM, Bandar Tun Razak, 56000 Cheras, Wilayah Persekutuan Kuala Lumpur, Malaysia",Cheras,9702462710
101.7321992,3.1027971,Cheras Dialysis Centre,clinic,,"32, Jalan Midah 3, Taman Midah, 56000 Cheras, Wilayah Persekutuan Kuala Lumpur, Malaysia",Cheras,6550552785
101.7335283,3.1020735,Klinik Leong,clinic,,"208, Jalan Mahkota, Maluri, 55100 Kuala Lumpur, Wilayah Persekutuan Kuala Lumpur, Malaysia",Kuala Lumpur,6545298686
101.7496444,3.0975451,Traditional Chinese bone Doctors,clinic,,"NO. 28-1A, JALAN 15A/142, BATU 6, CHERAS, Taman Orkid Desa, 56000 Kuala Lumpur, Wilayah Persekutuan Kuala Lumpur, Malaysia",Kuala Lumpur,4686332290
113.9863519,4.3938347,Moh Heng Pharmacy Sdn Bhd,pharmacy,,"16, Lot 90, Jalan Bendahara, 98000 Miri, Sarawak, Malaysia",Miri,11741310316
113.98653,4.3958621,Klinik Pergigian & Pakar Orthodontik Dr. Aziz,dentist,orthodontics,"Lot 441-442, 1st Floor, Jalan Bendahara, 98000 Miri, Sarawak, Malaysia",Miri,11641398286
113.9861754,4.396595,Klinik Kulit Chen,doctor,dermatology,"Lot 6118, Ground Floor, Pusat Bandar Commercial Centre, Bandar Permyjaya, 98100 Miri, Sarawak, Malaysia",Miri,12037752407
118.2320334,4.6774978,Hospital Kunak,hospital,,"W.D.T 150, Pekan Kunak, 91209 Kunak, Sabah, Malaysia",Kunak,7848627102
101.6177598,3.0438013,Soon Thye Hang,alternative,traditional_chinese_medicine,"G48B, GF, Ioi Mall, Bandar Puchong Jaya, 47100 Puchong, Selangor, Malaysia",Puchong,11447090669
103.9007035,1.4174502,St Luke's Eldercare Active Ageing Centre (Care) @ Northshore,clinic,,"Blk 417, Northshore Drive #01-03, #02-03 and, Singapura 820417",Singapore,12399512912
101.6869079,3.1001082,TCM KL Valley,alternative,traditional_chinese_medicine,"T-202-A, 3rd Floor, The Gardens Mall, Lingkaran Syed Putra, Mid Valley City, 59200 Kuala Lumpur, Wilayah Persekutuan Kuala Lumpur, Malaysia",Kuala Lumpur,10239474756
101.6869178,3.1003488,Divine Chiropractic Center,alternative,chiropractic,"7-0-5, Danau Business Center, Jalan 3/109F, Off, Old Klang Rd, Taman Danau Desa, 58100 Kuala Lumpur, Federal Territory of Kuala Lumpur, Malaysia",Kuala Lumpur,12671224982
113.9775605,4.3792331,Healthy Strides Malaysia - Intensive Therapy Specialist,physiotherapist,,"No. 288, Ground Floor, Jalan Brighton, Off, Jln Temenggong Oyong Lawai Jau, 98000 Miri, Sarawak, Malaysia",Miri,11516291957
101.663206,3.0869217,Klinik Mediviron,clinic,,"104-G, Ground Floor Jalan Mega Mendung, 5th Miless, Komplex Bandar Ovg, Off, Jln Klang Lama, Taman United, 58200 Kuala Lumpur, Wilayah Persekutuan Kuala Lumpur, Malaysia",Petaling Jaya,1534178903
101.4141944,3.2334499,Klinik Haza,clinic,,"29-1(GF, Jalan Dataran Suria 15/7/1, Dataran Suria, 42300 Puncak Alam, Selangor, Malaysia",Puncak Alam,10575926326
100.3115281,5.4316982,Eversmile Dentist,dentist,,"389-A, Jalan Burma, Pulau Tikus, 10350 George Town, Pulau Pinang, Malaysia",George Town,9801595055
101.6949127,3.1633045,Klinik Kebajikan Thakardas,clinic,,"2, Lorong Tiong Nam 2, Chow Kit, 50350 Kuala Lumpur, Wilayah Persekutuan Kuala Lumpur, Malaysia",Kuala Lumpur,10102535077
101.6952992,3.1669641,Go Smile Dental Clinic,dentist,,"66G, Jalan Putra, Chow Kit, 50350 Kuala Lumpur, Wilayah Persekutuan Kuala Lumpur, Malaysia",Kuala Lumpur,9930719926
101.6952353,3.1669704,Klinik Negara,clinic,,"68, Jalan Putra, Chow Kit, 50350 Kuala Lumpur, Wilayah Persekutuan Kuala Lumpur, Malaysia",Kuala Lumpur,9929980271
101.4873744,3.2058055,Mio Pharmacy,clinic,,"16, Jalan Bidara 6/3, Bandar Saujana Utama, 47000 Sungai Buloh, Selangor, Malaysia",Sungai Buloh,11022204722
101.7611982,3.145298,Klinik Pergigian Ampang,dentist,,"3g, Jln Wawasan 4/1, Bandar Baru Ampang, 68000 Ampang, Selangor, Malaysia",Ampang,8292144450
101.4751582,3.2424004,Klinik Mediviron Bandar Seri Coalfields,clinic,,"No. 19-G, Jalan BSC 2C/5 Presint 2, Bandar Seri Coalfields, 47000 Sungai Buloh, Selangor, Malaysia",Sungai Buloh,10836847197
100.3121718,5.4301438,Wellings Mini,pharmacy,,"7E3&7F1, Marble Arch, Jalan Pasar, Pulau Tikus, 10350 George Town, Pulau Pinang, Malaysia",George Town,9796039249
100.3128159,5.4300548,Koe Klinik,clinic,,"289, Jalan Burma, Pulau Tikus, 10350 George Town, Pulau Pinang, Malaysia",George Town,9796039231
101.6353577,3.129332,Alpro Pharmacy,pharmacy,,"NO. 1088 (GROUND FLOOR, 1088, Jalan 17/29, Seksyen 17, 46400 Petaling Jaya, Selangor, Malaysia",Petaling Jaya,12641035245
102.2488255,2.1971548,Chinese Pharmacy,pharmacy,,"33, Jalan Hang Lekir, Kampung Dua, 75200 Melaka, Malaysia",Melaka,4315873989
102.9281923,1.8507233,Klinik Pergigian Batu Pahat,dentist,dentistry,"Level 2, Jln Kluang, Taman Limpoon, 83000 Batu Pahat, Johor Darul Ta'zim, Malaysia",Batu Pahat,12393496561
101.6115336,3.0945432,S.S. Dental Surgery Sdn Bhd,doctor,,"12, Jalan SS 3/31, Taman Universiti, 47300 Petaling Jaya, Selangor, Malaysia",Petaling Jaya,2621128053
101.6000778,3.1019095,Klinik ADL,dentist,,"A-01, 05, Jalan SS 6/5a, Dataran Glomac, 47301 Petaling Jaya, Selangor, Malaysia",Petaling Jaya,4715487318
101.6128991,3.0968906,NAKAJIMA MOTORWORKS,clinic,,"25, Jalan SS 3/37, Taman Universiti, 47300 Petaling Jaya, Selangor, Malaysia",Petaling Jaya,2621128056
101.6000932,3.1058817,Surgeri Pergigian Kelana Jaya,dentist,,"20-A2, Jalan SS 6/3, Ss 6, 47301 Petaling Jaya, SARAWAK, Malaysia",Petaling Jaya,4715487381
102.2519259,2.2495746,Klinik Desa,clinic,,"75350 Batu Berendam, Melaka, Malaysia",Batu Berendam,6946429540
102.237101,2.1950178,Klinik Kota Laksamana,clinic,,"No. 1 (Ground Floor, Taman Kota Syahbandar, Jalan KSB 17, Taman Kota Laksamana, 75200 Melaka, Malaysia",Melaka,3878798455
101.5132154,3.1609213,Klinik Mediviron,clinic,,"4-1, Jln Elektron U16/G, Denai Alam, 47000 Shah Alam, Selangor, Malaysia",Shah Alam,9498654226
113.9862632,4.3935248,Klinik Sim,clinic,general,"12, Jalan Bendahara, 98000 Miri, Sarawak, Malaysia",Miri,12209053064
113.9862632,4.3935248,Klinik Sim,clinic,occupational_medicine,"12, Jalan Bendahara, 98000 Miri, Sarawak, Malaysia",Miri,12209053064
101.4137879,3.2324502,Farmasi Ukhwah,pharmacy,,"17-1, Lorong Az-zaharah B10/B, Syeksen 10, 42300 Puncak Alam, Selangor, Malaysia",Puncak Alam,10716234761
101.5254901,2.9998699,Klinik Alam Medic,clinic,,"41, Jalan Makmur 25/64, Taman Sri Muda, 40400 Shah Alam, Selangor, Malaysia",Shah Alam,3961325163
101.5389758,3.0037418,Klinik Med Doc,clinic,orthopaedics,"1 (Ground Floor Jalan Anggerik Vanilla, N31, N Seksyen 31, Kota Kemuning, 40460 Shah Alam, Selangor, Malaysia",Shah Alam,6003390039
101.5386907,3.0033855,Klinik Nayanika,clinic,,"60, Jln Sungai Burung AA32/AA, Bukit Rimau, 40460 Shah Alam, Selangor, Malaysia",Shah Alam,3960921769
101.5277443,3.2570735,Pemulihan Dalam Komuniti,rehabilitation,,"PPDK Seri Kundang, B-38, Lorong B4, Kampung Melayu Seri Kundang, 48050 Rawang, Selangor, Malaysia",Rawang,2323943111
100.7414333,4.8545644,Tabin Cina Dan Akupunktur Lee,alternative,traditional_chinese_medicine,"33, Jalan Barrack, 34000 Taiping, Perak, Malaysia",Taiping,12207955146
101.6700456,3.1280759,B.E.N Physio,physiotherapist,,"17, Persiaran Ara Kiri, Bangsar, 59100 Kuala Lumpur, Wilayah Persekutuan Kuala Lumpur, Malaysia",Kuala Lumpur,11438200613
101.5379365,3.0047286,Cosway Pharmacy,pharmacy,,"No. 18A, Ground Floor, Jalan Suarasa 8/4, Tun Hussein Onn, 43200 Cheras, Selangor, Malaysia",Cheras,3961150793
101.5374159,3.003228,Poliklinik Shaik,clinic,,"36-1, 8, Jln Anggerik Vanilla BE 31/BE, Kota Kemuning, 40460 Shah Alam, Selangor, Malaysia",Shah Alam,3961301913
101.5334749,3.0005867,Caring Pharmacy,pharmacy,,"Lot G-22,Gamuda Walk Wisma Biz Gamuda,No.12,Persiaran Anggerik Vanilla,Kota Kemuning, Seksyen 31, 40460 Shah Alam, Selangor, Malaysia",Shah Alam,6834529586
101.5330687,3.0003729,Proheal MOC Dental Clinic,dentist,,"2-43-2, No, 14, Persiaran Anggerik Vanilla, Kota Kemuning, 40460 Shah Alam, Selangor, Malaysia",Shah Alam,6834532085
101.4284226,3.0258451,Southern Clinic & Surgery,clinic,,"101, Lebuh Turi, Taman Chi Liung, 42000 Klang, Selangor, Malaysia",Klang,4269859492
101.4898829,3.0733684,kompleks kediaman,hospital,,"9, Jalan Cochrane, Maluri, 55100 Kuala Lumpur, Wilayah Persekutuan Kuala Lumpur, Malaysia",Kuala Lumpur,5565694125
101.4865906,3.2011228,Big Pharmacy,pharmacy,,"No 67G, 69G & 71G, Jalan Bidara 10, Bandar Saujana Utama, 47000 Sungai Buloh, Selangor, Malaysia",Sungai Buloh,8353800818
101.485558,3.200865,Klinik Ikhwan,clinic,,"Jalan Bidara 10, Bandar Saujana Utama, 47000 Sungai Buloh, Selangor, Malaysia",Sungai Buloh,10118401934
101.4867355,3.2033057,Guardian,pharmacy,,"65-G, GROUND FLOOR, Jalan Bidara 8, Bandar Saujana Utama, 47000 Sungai Buloh, Selangor, Malaysia",Sungai Buloh,8786310717
101.5514439,3.1543455,Casabonda Confinement & Wellness Retreat,clinic,gynaecology,"No 17, Jln Tanjung Rhu 30/40A, Kota Kemuning, 40460 Shah Alam, Selangor, Malaysia",Shah Alam,6191099663
101.5514439,3.1543455,Casabonda Confinement & Wellness Retreat,clinic,paediatrics,"No 17, Jln Tanjung Rhu 30/40A, Kota Kemuning, 40460 Shah Alam, Selangor, Malaysia",Shah Alam,6191099663
101.5389295,3.0037783,Sincere Herbs & Physiotherapy,physiotherapist,,"M31/M, 42, Jalan Anggerik Vanilla, Kota Kemuning, 40460 Shah Alam, Selangor, Malaysia",Shah Alam,3960921779
101.4829892,3.0056942,Hospital Pakar Sentosa,hospital,,"No 19, 21, 23, 25, 27 & 29, Lorong Temenggung 15A, Dan No 2, 4, 6, 8 & 10, Lorong Temenggung 15d, Taman Sentosa Perdana, 41200 Klang, Selangor, Malaysia",Klang,3963937754
101.627779,3.1414725,All Smile Dental Clinic,dentist,,"29A, Jalan Tun Mohd Fuad 3, Taman Tun Dr Ismail, 60000 Kuala Lumpur, Wilayah Persekutuan Kuala Lumpur, Malaysia",Kuala Lumpur,4019182129
101.6289144,3.1401148,Chan Yeo Ho,dentist,,"28A, Jalan Tun Mohd Fuad, Taman Tun Dr Ismail, 60000 Kuala Lumpur, Wilayah Persekutuan Kuala Lumpur, Malaysia",Kuala Lumpur,7391369327
101.5481191,2.9332609,Alive Pharmacy Bandar Rimbayu,clinic,,"35 G, Jalan Flora 2/2, Bandar Rimbayu, 42500 Telok Panglima Garang, Selangor, Malaysia",Telok Panglima Garang,5965999288
101.5422999,3.0553058,Farmasi Mesra Maju,pharmacy,,"45, Jalan Kasuarina 5, Bandar Botanik, 41200 Klang, Selangor, Malaysia",Klang,168935492
101.5377949,3.0506773,Klinik Nik Isahak,clinic,,"7, Jalan Singa H 20/H, Seksyen 20, 40300 Shah Alam, Selangor, Malaysia",Shah Alam,5164272745
101.6230804,3.1087303,Klinik Mediviron,clinic,,"2, Jalan 21/12, Sea Park, 46300 Petaling Jaya, Selangor, Malaysia",Petaling Jaya,9498789288
101.5398732,3.0828822,Poliklinik Umra,clinic,,"No. 12, 18, Jalan Bola Tampar 13/14, Seksyen 13, 40100 Shah Alam, Selangor, Malaysia",Shah Alam,305358682
101.5330745,3.1516563,Pusat Kesihatan Kampong Melayu Subang,hospital,,"Jalan Merbau Kampung Melayu Shah Alam, Kampung Melayu Subang, 40150 Shah Alam, Selangor, Malaysia",Shah Alam,2707369853
101.5736809,3.1585937,Klinik Raj,clinic,,"15, Jalan Cecawi 6/19a, Kota Damansara, 47810 Petaling Jaya, Selangor, Malaysia",Petaling Jaya,8142499627
101.5283724,3.1030929,Klinik Sri Familia,clinic,,"No 29 G, Jalan Elektron NU16/N Seksyen, U16, Denai Alam, 40160 Shah Alam, Selangor, Malaysia",Shah Alam,4441568165
101.5278802,3.1031612,Klinik Pakar Pergigian Norlina,dentist,,"Shop, No. 5, D'Bayu, 01, Jalan Serambi U8/24, Bukit Jelutong, 40150 Shah Alam, Selangor, Malaysia",Shah Alam,4441577579
101.6219956,3.152759,Klinik Pergigian Maha,dentist,,"106A, Jalan Burhanuddin Helmi, Taman Tun Dr. Ismail, Kuala Lumpur, 60000 Kuala Lumpur Kuala Lumpur, Taman Tun Dr Ismail, 60000 Kuala Lumpur, Wilayah Persekutuan, Malaysia",Kuala Lumpur,10656730259
101.6219711,3.1527486,Yuwaiz,doctor,,"106, Jalan Burhanuddin Helmi, Taman Tun Dr Ismail, 60000 Kuala Lumpur, Wilayah Persekutuan Kuala Lumpur, Malaysia",Kuala Lumpur,10656730258
101.7807605,2.9647305,Qualitas Health,clinic,radiology,"19, Jalan 4/11a, Seksyen 4 Tambahan Bandar Baru Bangi, 43650 Bandar Baru Bangi, Selangor, Malaysia",Bandar Baru Bangi,12128822570
101.7807605,2.9647305,Qualitas Health,clinic,general,"19, Jalan 4/11a, Seksyen 4 Tambahan Bandar Baru Bangi, 43650 Bandar Baru Bangi, Selangor, Malaysia",Bandar Baru Bangi,12128822570
101.7794319,2.9647288,Klinik Az-Zahrah,clinic,general,"34, Jalan Medan Pb 1, Seksyen 9, 43650 Bandar Baru Bangi, Selangor, Malaysia",Bandar Baru Bangi,12117892655
101.7795628,2.9647267,Amethyst,dialysis,nephrology,"Seksyen 8, 43650 Bandar Baru Bangi, Selangor, Malaysia",Bandar Baru Bangi,12117892654
102.257376,2.1924633,Wong See Hai Denture,dentist,,"38C, Jalan Bakti 2, Taman Bakti, 75000 Melaka, Malaysia",Melaka,10030959609
101.4427851,3.0094017,Klinik Klang Jaya,doctor,,"48A, Jalan Serunai 1, Taman Klang Jaya, 41200 Klang, Selangor, Malaysia",Klang,8489210937
101.4278826,3.0268098,Lim Children Clinic,clinic,,"Pusat Perubatan Pakar Seri Kota, Kawasan 1, 41000 Klang, Selangor, Malaysia",Klang,4269802593
101.42904,3.029045,Fernandez Dental,dentist,,"2552, Persiaran Raja Muda Musa, Taman Sri Pesona, 41100 Klang, Selangor, Malaysia",Klang,4269774801
101.4287474,3.0289008,Public Clinic,clinic,,"2562, Persiaran Raja Muda Musa, Taman Sri Pesona, 41100 Klang, Selangor, Malaysia",Klang,4269790692
101.4263106,3.0263859,Pantai Hospital Klang,hospital,,"Lot 5921, Persiaran Raja Muda Musa, Taman Radzi, 41200 Klang, Selangor, Malaysia",Klang,4269801295
101.4345597,3.0404098,Sheila Clinic,clinic,,"36, 38 & 40, Jalan Batai Laut 3, Kawasan 16, Taman Indah, Klang, 41300, Klang, Selangor, Taman Intan, 41300 Klang, Selangor, Malaysia",Klang,4267861689
101.4123749,3.0705945,Klinik Pergigian Mastura,clinic,dentistry,"5559A, Jalan Rantau Panjang /KU4, Tingkat Satu, Batu 4, 42100 Klang, Selangor, Malaysia",Klang,7264194174
101.5323414,2.979287,Klinik CyberMedik,clinic,,"No 41, Jalan Sungai Keranji Q/32 Seksyen 32, Kemuning Greenville, 40460 Shah Alam, Selangor, Malaysia",Shah Alam,8797145910
101.4977677,2.8774428,Khoo Dental,dentist,,"44 m first floor, Jln Besar, Kampung Sungai Jarom, 42600 Jenjarom, Selangor, Malaysia",Jenjarom,8044599657
101.5078844,2.8133367,Multicare Pharmacy,pharmacy,,"No.3, Blok D, Tingkat Bawah, Jalan Cemerlang 4, Pusat Perdagangan, 42700 Banting, Selangor, Malaysia",Banting,7330465639
101.5053495,2.8133385,Klinik Siti Banting,clinic,,"50, Jalan Bunga Pekan, Banting, 42700 Banting, Selangor, Malaysia",Banting,7113315962
101.4281432,3.0285326,Constant Pharmacy,pharmacy,,"2984, Persiaran Raja Muda Musa, Taman Sri Pesona, 41100 Klang, Selangor, Malaysia",Klang,9803521239
101.8565023,3.7903994,Sunway Multicare,pharmacy,,"No.20, Pusat Perniagaan, 27600 Raub, Pahang, Malaysia",Raub,12205647341
101.7222319,2.9451114,Vcare Pharmacy,pharmacy,,"6, Jalan Perak P15, Presint Diplomatik, no 22 tingkat, 1, Jln Diplomatik, Presint 15, 62050 Putrajaya, Wilayah Persekutuan Putrajaya, Malaysia",Putrajaya,1050637820
101.6780977,2.974408,Andorra Women and Children Hospital,hospital,,"19, Jalan Utama Suria Tropika 1, Taman Suria Tropika, 43300 Seri Kembangan, Selangor, Malaysia",Seri Kembangan,8308145408
101.703879,3.1465588,Dr Khor Yong Kean 许勇建儿科专科医生,hospital,,"1-23, 1st floor Specialist Clinic, Tung Shin Hospital, 102, Jln Pudu, City Centre, 55100 Kuala Lumpur, Wilayah Persekutuan Kuala Lumpur, Malaysia",Kuala Lumpur,5383341796
101.6226345,3.1194066,BiG Pharmacy,pharmacy,,"No. 88 & 90, Jalan SS21/39, Damansara Utama, 47400 Petaling Jaya, Selangor, Malaysia",Petaling Jaya,10819771700
101.7239039,2.9451633,Klinik Mediviron,clinic,,"73, Jln Diplomatik, Presint 15, 62050 Putrajaya, Wilayah Persekutuan Putrajaya, Malaysia",Putrajaya,8998938044
102.9311295,1.8475915,Family Care Dental,dentist,,"30/4A & 30/3A, Jalan Panchoran Air, Kampung Sateh, 83000 Batu Pahat, Johor Darul Ta'zim, Malaysia",Batu Pahat,12397476443
101.6177531,2.8842951,RUD Karting - Gamuda Cove,clinic,,"Persiaran Cove Central, Bandar Gamuda Cove, 42700 Dengkil, Selangor, Malaysia",Dengkil,8993149421
101.6468085,3.1678948,Verve Specialist Clinic,clinic,,"Lot 02-L2, Second Floor, Menara Symphony 5, Lot 02-L2, Second Floor, 5, Jalan Professor Khoo Kay Kim, Seksyen 13, 46200 Petaling Jaya, Selangor, Malaysia",Petaling Jaya,5366157191
103.3008035,2.0181028,am pm farmasi,pharmacy,,"49, Jalan Intan 2/1, Taman Intan, 86000 Kluang, Johor Darul Ta'zim, Malaysia",Kluang,6040813085
103.3207747,2.033059,Naelofar,clinic,,"Jalan Dato Haji Hassan, Kampung Masjid Lama, 86000 Kluang, Johor Darul Ta'zim, Malaysia",Kluang,6603199285
102.9529148,1.8627404,娘家精緻月子中心,birthing_centre,,"3, Jalan Satu, Jalan Parit Besar, Parit Besar, 83000 Batu Pahat, Johor, Malaysia",Batu Pahat,12395837288
113.9874043,4.3540163,Kedai Ubat Wan Kiong,alternative,traditional_chinese_medicine,"Lot 2998 Ground Floor, Commercial Centre, Jalan Bintulu - Miri, Morsjaya, 98008 Miri, Sarawak, Malaysia",Miri,11802478935
113.9874043,4.3540163,Kedai Ubat Wan Kiong,alternative,herbalism,"Lot 2998 Ground Floor, Commercial Centre, Jalan Bintulu - Miri, Morsjaya, 98008 Miri, Sarawak, Malaysia",Miri,11802478935
101.7139325,2.7483998,Guardian,pharmacy,,"SAT C03, SATELLITE BUILDING, Kuala Lumpur International Airport, 43900 Sepang, Selangor, Malaysia",Sepang,12395369195
101.4968187,2.8091679,Poliklinik Lau,clinic,general,"107, Jalan Sultan Alam Shah, Taman Seri, 42700 Banting, Selangor, Malaysia",Banting,7330466453
101.7793722,2.9647273,Dentes,dentist,,"No 10, Jalan 4/12a, Seksyen 4 Tambahan, 43650 Bandar Baru Bangi, Selangor, Malaysia",Bandar Baru Bangi,12132121660
102.2509104,2.2001937,Big Pharmacy,pharmacy,,"96, 96A & 96B, Jalan Munshi Abdullah, Kampung Jawa, 75100 Melaka, Malaysia",Melaka,10593455188
102.252012,2.2001151,Apro,pharmacy,,"112, Jalan Munshi Abdullah, Kampung Jawa, 75100 Melaka, Malaysia",Melaka,4223197399
101.4661687,3.0100669,Health Lane,pharmacy,,"11 & 15, Lorong Dato Yusuf Shahbudin 29a, Taman Sentosa, 41200 Klang, Selangor, Malaysia",Klang,11406216706
101.4679481,3.0102828,Klinik Mediviron,clinic,,"Jalan Dato Yusoff Shahbuddin 30, Taman Sentosa, 41000 Klang, Selangor, Malaysia",Klang,11406288427
100.3491743,6.1227972,HP Pharmacy,pharmacy,,"23, Susuran Tuanku Haminah, Pusat Perdagangan Tuanku Haminah, 05150 Alor Setar, Kedah, Malaysia",Alor Setar,7933513103
101.717926,3.1418385,Guardian,pharmacy,,"LOT NO 89 & 91, Jln Bukit Bintang, Bukit Bintang, 55100 Kuala Lumpur, Wilayah Persekutuan Kuala Lumpur, Malaysia",Kuala Lumpur,11393996414
100.3861601,5.4357628,Sunshine Pharmacy,pharmacy,,"6479, Ground Floor, Jalan Raja Uda, Lucky Park, 13400 Butterworth, Pulau Pinang, Malaysia",Butterworth,11407142679
100.4193803,5.1254986,Klinik Desa Sungai Bakau,clinic,,"Sungai Bakau, 14310 Nibong Tebal, Pulau Pinang, Malaysia",Nibong Tebal,7055269116
101.7944185,3.4255113,Caring Pharmacy,pharmacy,,"Lot No. T2A-10 & 11, Level 2, First World Hotel, Genting Highlands, 69000 Genting Highlands, Pahang, Malaysia",Genting Highlands,12069813869
110.417799,1.4657899,Uni-Clinic,clinic,general,"Unisquare Commercial Centre, Sublot 23, Kuching - Samarahan Expressway, 94300 Kota Samarahan, Sarawak, Malaysia",Kota Samarahan,9657826322
110.417799,1.4657899,Uni-Clinic,clinic,paediatrics,"Unisquare Commercial Centre, Sublot 23, Kuching - Samarahan Expressway, 94300 Kota Samarahan, Sarawak, Malaysia",Kota Samarahan,9657826322
110.417799,1.4657899,Uni-Clinic,clinic,orthopaedics,"Unisquare Commercial Centre, Sublot 23, Kuching - Samarahan Expressway, 94300 Kota Samarahan, Sarawak, Malaysia",Kota Samarahan,9657826322
110.417799,1.4657899,Uni-Clinic,clinic,urology,"Unisquare Commercial Centre, Sublot 23, Kuching - Samarahan Expressway, 94300 Kota Samarahan, Sarawak, Malaysia",Kota Samarahan,9657826322
110.417799,1.4657899,Uni-Clinic,clinic,radiology,"Unisquare Commercial Centre, Sublot 23, Kuching - Samarahan Expressway, 94300 Kota Samarahan, Sarawak, Malaysia",Kota Samarahan,9657826322
100.3688276,6.1189279,Farmasi Mico,pharmacy,,"1537, Jalan Sultan Badlishah, Bandar Alor Setar, 05050 Alor Setar, Kedah, Malaysia",Alor Setar,3327139807
101.6727008,3.132158,Dental Remedy By Dr. Jo,dentist,,"87, Jalan Maarof, Bangsar, 59000 Kuala Lumpur, Wilayah Persekutuan Kuala Lumpur, Malaysia",Kuala Lumpur,12679600476
101.6727521,3.1341101,Mahameru International Medical Centre,unknown,,"107, 109, Jalan Maarof, Bangsar, 59000 Kuala Lumpur, Wilayah Persekutuan Kuala Lumpur, Malaysia",Kuala Lumpur,12679600456
101.750854,3.1593748,AA Farmasi,pharmacy,,"Ampang Point, 45 & 46, Jln Memanda 9, Taman Dato Ahmad Razali, 68000 Ampang, Selangor, Malaysia",Ampang,11607760680
101.4358351,3.0072477,Klinik Mediviron,clinic,,"42, Lorong Batu Nilam 4b, Bandar Bukit Tinggi 1, 41200 Klang, Selangor, Malaysia",Klang,7731869578
101.7279981,3.1198088,Klinik Vertica,clinic,,"G-01, 555, Jln Cheras, Taman Pertama, 56000 Cheras, Wilayah Persekutuan Kuala Lumpur, Malaysia",Cheras,11417317005
101.7114389,3.1571977,Health Lane,pharmacy,,"Lot C43B2, Concourse Floor, Petronas Twin Tower, Kuala Lumpur City Centre, 50088 Kuala Lumpur, Federal Territory of Kuala Lumpur, Malaysia",Kuala Lumpur,12624732788
114.0187271,4.4299592,Magnetic Ultra Long Waves Health Care Centre,alternative,,,Miri,12246279308
113.9801278,4.3897335,Libra 2 Dental Laboratory,dentist,,"Lot 2007 1st floor, Marina Parkcity, Jalan Marina 3, Phase 1, 98000 Miri, Sarawak, Malaysia",Miri,11474843434
100.5393234,5.3775482,Mega Kulim Pharmacy,pharmacy,,"12,13&14, Jln Selasih, Taman Semarak, 09000 Kulim, Kedah, Malaysia",Kulim,7728909631
100.3991412,5.9740271,Farmasi Vitaplus Enterprise,pharmacy,,"No. 8, Pusat Perniagaan Kota Sarang Semut, Alor Setar, Kedah, Malaysia, Jalan Utama Alor Setar-Sungai Petani, Kota Sarang Semut, 06800 Kota Sarang Semut, Kedah, Malaysia",Kota Sarang Semut,12623010000
101.8018806,3.0987357,Watsons,pharmacy,,"Lot No.13 & 15, Ground Floor, Jalan Lagenda Suria 1, Taman Lagenda Suria, 43100 Hulu Langat, Selangor, Malaysia",Hulu Langat,12623253967
101.7730484,2.9710988,Megaklinik Zahran,clinic,,"Plaza Paragon Point, 08, Jalan Medan Pusat Bandar 5, Seksyen 9, 43650 Bandar Baru Bangi, Selangor, Malaysia",Bandar Baru Bangi,12194813622
101.7733505,2.9700666,Iman Dental Care,dentist,,"Tingkat 1, No : 32, Jalan 7/7b, Seksyen 7 Bandar Baru Bangi, 43650 Bandar Baru Bangi, Selangor, Malaysia",Bandar Baru Bangi,4756642381
101.7112969,3.1472997,Kuala Lumpur International Dental Clinic,dentist,,"Mezzanine Floor, No. 44-4, Jln Sultan Ismail, Bukit Bintang, 50250 Kuala Lumpur, Federal Territory of Kuala Lumpur, Malaysia",Kuala Lumpur,12198559847
101.6960797,3.1648666,Kedai Ubat Eng Hing Hang,alternative,,"No. 18, Ground Floor, Jalan AU 1a/4f, Taman Keramat Permai, 54200 Kuala Lumpur, Wilayah Persekutuan Kuala Lumpur, Malaysia",Kuala Lumpur,12573120590
101.8371615,3.1428566,Klinik Desa Dusun Tua,clinic,,"Batu 16, 43100 Hulu Langat, Selangor, Malaysia",Hulu Langat,7231985570
100.3059967,5.4097885,Rumah Hospis Pulau Pinang,hospice,,"250A, Jln Ayer Itam, 10460 George Town, Pulau Pinang, Malaysia",George Town,11400133279
101.7854919,2.9458627,Dental Cottage,dentist,,"No. 1-13A, (ground floor, Vista Bangi, Jln TB 1/1, 43000 Kajang, Selangor, Malaysia",Kajang,12246095856
101.7852061,2.9452798,"KLINIK IMAN MEDIC BANGI - Pemeriksaan Ibu Mengandung, Scan bayi, Vaksin dewasa dan kanak-kanak",clinic,,"1-03A, Vista Bangi, Jln TB 1/1, 43000 Kajang, Selangor, Malaysia",Kajang,12246095854
101.7851793,2.9452249,Klinik Iman Medic,clinic,,"1-03A, Vista Bangi, Jln TB 1/1, 43000 Kajang, Selangor, Malaysia",Kajang,12246095852
110.3358448,1.5192507,Klinik Everbright,clinic,,"No. 30, Everbright Park Shophouse, Jalan Everbright Park, Jalan, Penrissen Batu 3, Everbright Park, 93250 Kuching, Sarawak, Malaysia",Kuching,12245072079
101.7709963,2.9751856,Klinik Famili,doctor,,"KLINIK FAMILI, 1-G, Jalan Kajang Impian 2/1, Taman Kajang Impian, 43650 Bandar Baru Bangi, Selangor, Malaysia",Kajang,4756178972
101.6474758,3.0866911,Klinik Pergigian Ganes,dentist,,"98A, 1st floor, Seksyen 1, 14, Jln Othman, Pj Old Town, 46000 Petaling Jaya, Selangor, Malaysia",Petaling Jaya,4708695007
101.6473668,3.0863436,Klinik Mein Dan Surgeri,clinic,,"87, Jalan 1/12, Pj Old Town, 46000 Petaling Jaya, Selangor, Malaysia",Petaling Jaya,1984013867
101.6482438,3.086558,Farmasi Alpha.com,pharmacy,,"76, Jalan 1/14, Seksyen 1, 46000 Petaling Jaya, Selangor, Malaysia",Petaling Jaya,1522736515
101.6460107,3.075026,Klinik Meena,clinic,,"3, Jalan Sri Manja 10, Taman Sri Manja, 46000 Petaling Jaya, Selangor, Malaysia",Petaling Jaya,4705754450
101.6486273,3.0869249,Klinik Mediviron,clinic,,"2, Jalan 21/12, Sea Park, 46300 Petaling Jaya, Selangor, Malaysia",Petaling Jaya,1538397895
101.0755526,4.5583311,Farmasi Vitamin Cemerlang,pharmacy,,"35&35A, Jalan Pengkalan Barat, Taman Kar King, 31650 Ipoh, Perak, Malaysia",Ipoh,9488533140
101.077367,4.562188,ProPharma Pharmacy Ipoh 富康西药行,pharmacy,,"72, Jalan Pasir Puteh, Taman Boon Bak, 31650 Ipoh, Perak, Malaysia",Ipoh,9488550477
101.6510817,2.9247413,Ohana Mediclinic,clinic,general,"4805-0-1, Ground Floor, Persiaran Flora, CBD 2, 63000 Cyberjaya, Selangor, Malaysia",Cyberjaya,12194025770
101.6511775,2.9247337,Dentalyst,dentist,,"4805-2-1, Jln Perdana, Cyber 12, 63000 Cyberjaya, Selangor, Malaysia",Cyberjaya,12194025769
101.7201625,2.9654954,Klinik Hana,clinic,,"L-3-08, Level 3, Conezion Commercial, Persiaran IRC, 3, Ioi Resort, 62502 Putrajaya, Selangor, Malaysia",Putrajaya,12194813650
101.7200466,2.9653604,Klinik Pergigian Star,dentist,,"CONEZION - L-02-06 Block L, Connection Commercial, Persiaran IRC 3, IOI Resort City IOI Resort City, 62502 Putrajaya, Malaysia",Putrajaya,12194813645
102.2466841,6.1262722,Unit Perubatan Tradisional dan Komplementari,alternative,,"Jalan Cenderasari, Tasik Perdana, 50590 Kuala Lumpur, Wilayah Persekutuan Kuala Lumpur, Malaysia",Kuala Lumpur,12688626921
102.2461422,6.1245787,Jabatan Kecemasan dan Trauma,clinic,,"Bandar Kota Bharu, 15200 Kota Bharu, Kelantan, Malaysia",Kota Bharu,12688626804
113.7152684,3.8631498,Klinik 1 Malaysia Sepupok,hospital,general,"98150 Niah, Sarawak, Malaysia",Niah,11816335477
102.0850042,5.9524471,Klinik Kesihatan Cherang Hangus,clinic,,"Kampung Cherang Hangus, 17020 Pasir Mas, Kelantan, Malaysia",Pasir Mas,12617691444
110.3575852,1.5273539,Optimax Eye Specialist Centre,doctor,ophthalmology,"No 59 & 61, Ground Floor, Jalan Tun Jugah, Kampung Tabuan Dayak, 93350 Kuching, Sarawak, Malaysia",Kuching,12189353497
110.3561637,1.5253135,Klinik Pergigian Willian Dan Rakan-Rakan,dentist,,"1st Floor, L 429, SL 3, 801-2B Jalan Tun Jugah, Tun Jugah, 93350 Kuching, Sarawak, Malaysia",Kuching,12189397335
101.6920274,3.1731966,Vijayan X-Ray Specialist Centre,clinic,radiology,"Jln Tun Razak, Kampung Baru, 50400 Kuala Lumpur, Wilayah Persekutuan Kuala Lumpur, Malaysia",Kuala Lumpur,9450393558
110.353008,1.5130427,Klinik Pergigian A & L,dentist,,"Lot 13013 (Ground Floor), Block 16, KCLD, Gala City Commercial Shops, Jalan Tun Jugah, Kempas Heights, 93350 Kuching, Sarawak, Malaysia",Kuching,12189443415
110.3531395,1.5144142,Aisha Confinement Centre,unknown,,"19, Jalan Luis, Kempas Heights, 93350 Kuching, Sarawak, Malaysia",Kuching,12189443414
114.0002102,4.4121615,Klinik Sahabat,clinic,,"26, Jalan AU 1a/4a, Taman keramat Permai, 68000 Ampang, Selangor, Malaysia",Miri,12190129259
110.3110503,1.5139277,Wong Familiy Clinic,clinic,,"Ad102, Batu Kawah New Township, Jalan Batu Kawa, Bandar Baru Batu Kawa, 93250 Kuching, Sarawak, Malaysia",Kuching,12191953807
110.3389723,1.5197165,Premier Integrated Labs,laboratory,,"1st Floor, Lot 8305 & 8306, Block 16 KCLD, Jalan Sherip Masahor, Taman Timberland, 93350 Kuching, Sarawak, Malaysia",Kuching,12191996189
110.3370297,1.5220342,Klinik Pergigian Smile Gallery,dentist,,"Beside Public Bank 3rd Miles, 2821, 2819, Jalan Rock, Central Park Commercial Centre, 93200 Kuching, Sarawak, Malaysia",Kuching,12191954891
110.3113676,1.5140386,Klinik Pergigian Dr Mary Dong,dentist,,"AC 208, MJC, Jalan Batu Kawa, Batu Kawah New Township, 93250 Kuching, Sarawak, Malaysia",Kuching,12191963178
110.3113199,1.5140232,Hon's Chinese Physician Accupunture Specialist Centre,alternative,traditional_chinese_medicine,"AC 108-109, Jalan Batu Kawa, Batu kawah New Township, Kuching, 93250, Kuching, Sarawak, Rose Garden, 93250 Kuching, Sarawak, Malaysia",Kuching,12191963177
110.3112783,1.5140063,Hon Medical Clinic,clinic,,"AC 109, Batu Kawah, New Township (MJC, Jalan Batu Kawa, Batu Kawah New Township, 93250 Kuching, Sarawak, Malaysia",Kuching,12191963176
110.3108623,1.5138615,Farmasi Ting,pharmacy,,"D-G-35 (D), PLOT 15, AD105, Jalan Batu Kawa, BATU KAWAH NEW TOWNSHIP, 93250 Kuching, Sarawak, Malaysia",Kuching,12191953806
110.3056477,1.5121213,MJC Family Clinic,clinic,,"UNIT NO C3-G-28(D) @ DC108, BATU KAWAH NEW TOWNSHIP, Jalan Batu Kawa, Bandar Baru Batu Kawa, 93250 Kuching, Sarawak, Malaysia",Kuching,12191912760
101.5252867,3.186372,Radiant Eye Care,optometrist,,"N0 5-1 JALAN FREKUENSI R U16/R LAMAN NADINA ELMINA, EAST, 40150 Shah Alam, Selangor, Malaysia",Shah Alam,12001773361
101.5917514,3.1588694,BIG Pharmacy,pharmacy,,"The Place, Lot G-18 & G-19, Ground Floor, Jalan PJU 8/5g, Damansara Perdana, 47820 Petaling Jaya, Selangor, Malaysia",Petaling Jaya,11982482820
110.4589935,1.4541615,JOM Pharmacy The Summer Mall,pharmacy,,"GROUND FLOOR, G63-G64 & G69-G70, LOT 7455, BLOCK 1, Jln Datuk Mohammad Musa, 94300 Kota Samarahan, Sarawak, Malaysia",Kota Samarahan,11982472378
101.5968593,3.1564568,Guardian,pharmacy,,"CC-78,79, Concourse Level, Persiaran Tropicana, Kota Damansara, 47410 Petaling Jaya, Selangor, Malaysia",Petaling Jaya,11982525117
101.5914707,3.1533025,Klinik Pergigian Utama,dentist,,"5-2 & 7-2,PJU 5/18, Dataran Sunway, 5, Jalan PJU 5/18, Kota Damansara, 47810 Petaling Jaya, Selangor, Malaysia",Petaling Jaya,11982626893
101.5953216,3.1556106,Poliklinik Amalmedic,clinic,,"37, Jln PJU 5/20E, The Strand, Kota Damansara, 47810 Petaling Jaya, Selangor, Malaysia",Petaling Jaya,11982616675
101.5953342,3.155556,Klinik Anda,clinic,,"27, Jln PJU 5/20e, Kota Damansara, 47810 Petaling Jaya, Selangor, Malaysia",Petaling Jaya,11982628814
101.5953228,3.1556658,Klinik Idzham,clinic,,"The Strand Damansara, 39, Jln PJU 5/20e, Kota Damansara, 47810 Petaling Jaya, Selangor, Malaysia",Petaling Jaya,11982622238
118.2475482,4.6835763,Poliklinik Fajar Kunak,clinic,,"91100, Unnamed Road, Pekan Kunak, 91100 Kunak, Sabah, Malaysia",KUNAK,11982713350
118.2916132,4.6572365,Klinik Perumahan Mesej,clinic,,"Lot G 30-31, Bandar Mutiara, Jalan Hospital, Pekan Semporna, 91308 Semporna, Sabah, Malaysia",KUNAK,11982833799
110.3865972,1.5151006,PMG Pharmacy Tabuan Tranquility,pharmacy,,"G/F OF LOT 16767, BLOCK 11, MUARA TEBAS LAND DISTRICT, Jalan Canna, Tabuan Jaya, 93350 Kuching, Sarawak, Malaysia",Kuching,11982846600
118.0760893,4.7168646,Pusat Kesihatan Ladang Tingkayu Sime Darby,hospital,,"Tingkayu, 91100 Kunak, Sabah, Malaysia",Kunak,11987705415
101.4270781,3.2468965,Alam Medic,clinic,,"37, JALAN ASTANA E13/E, PUSAT NIAGA ASTANA ALAM, 2, SEKSYEN 13, 42300 Puncak Alam, Selangor, Malaysia",Puncak Alam,11757232891
114.3258603,4.1783875,Marudi Hospital,hospital,general,"Hospital Marudi, Jalan Pungor, Marudi, 98050, Baram, Sarawak, 98050 Baram, Sarawak, Malaysia",Baram,11986489494
101.595461,3.1590646,Klinik Pergigian Dr. Feeliz,dentist,,"Jalan Kenyalang 11/3b, Seksyen 11 Kota Damansara, 47810 Petaling Jaya, Selangor, Malaysia",Petaling Jaya,11982524616
101.5953734,3.1592145,Poliklinik Kota Damansara,clinic,,"NO.29-G, JALAN PJU 5/20E THE STRAND, Kota Damansara, 47810 Petaling Jaya, Selangor, Malaysia",Petaling Jaya,11982518607
103.0666536,3.476205,Klinik Desa Kampung Pelak,clinic,,"Kampung Pelak, Wakil Pos Paloh Hinai Pekan, 26600 Pekan, Pahang, Malaysia",Pekan,11385013244
113.9935197,4.3441758,Watsons,pharmacy,,"Lot 56 & 56B, Ground Floor, Emart Riam 24 Hours, Jalan Bintulu - Miri, Lambir Land District, 98000 Miri, Sarawak, Malaysia",Miri,11518085576
101.0103765,4.4947948,HTM Pharmacy,pharmacy,,"2, Jalan Besar, Kampung Peti Baru, 31550 Pusing, Perak, Malaysia",Pusing,12695756193
102.2530332,2.1892325,Paramount Postpartum Care (Melaka Confinement Centre),optometrist,,"246, Jalan Melaka Raya 3, Taman Melaka Raya, 75000 Melaka, Malaysia",Melaka,12695482692
102.2526581,2.1883182,Eye Hub,optometrist,,"214, Jalan Melaka Raya 1, Taman Melaka Raya, 75000 Melaka, Malaysia",Melaka,12695482691
103.6631933,1.6356394,Poliklinik Penawar,clinic,,"104, Jln Bintang, Taman Bintang, 81400 Senai, Johor Darul Ta'zim, Malaysia",Senai,4891858023
101.6716133,3.2186492,Panacea Family Clinic,clinic,,"Ecosky G-33A (Ground Floor Bt 6 1/2 Jalan Ipoh Ecosky, Taman Wahyu, 68100 Kuala Lumpur, Selangor, Malaysia",Kuala Lumpur,12603706474
102.2457846,6.1262669,Farmasi Logistik,pharmacy,,"15200 Kota Bharu, Kelantan, Malaysia",Kota Bharu,12696201375
102.2441469,6.1251659,Pusat Derma Darah,blood_donation,,"18, Jalan Hospital, Bandar Kota Bharu, 15586 Kota Bharu, Kelantan, Malaysia",Kota Bharu,12696201364
103.6633976,1.6354374,Poliklinik Rozikin & Surger,clinic,,"35, jalan terminal 5, 81400 Senai, Johor Darul Ta'zim, Malaysia",Senai,11388876549
102.0927355,2.5895993,Klinik Salam,clinic,,"24, Jalan Terentang, 71300 Rembau, Negeri Sembilan, Malaysia",Rembau,11389240884
110.3729965,1.5508552,Leong Chiropractic,alternative,chiropractic,"Ground Floor, Unit C155, Block C, Icom Square, Jalan Pending, 93450 Kuching, Sarawak, Malaysia",Kuching,12189238113
101.6921287,3.1732984,Klinik Doktor Pakar Mata Gusa,clinic,general,"Suite A-17, Block A, First Floor, Plaza Pekeliling Jalan Sentul (Off Jalan Ipoh), (Postal, Jln Tun Razak, Sentul Selatan, 50400 Kuala Lumpur, Wilayah Persekutuan Kuala Lumpur, Malaysia",Kuala Lumpur,9450421494
110.3698373,1.5387421,Fam Health T.C.M. & Accupunture,alternative,traditional_chinese_medicine,"Ground Floor, Lot 9095, 801-3B Jalan Tun Razak, Taman Kuching, 93300 Kuching, Sarawak, Malaysia",Kuching,12189362389
110.3568007,1.5262586,Klinik Pergigian Drs Wong & Partners,dentist,,"Lot 11878 Block 16 KCLD, Jalan Tun Jugah, Tun Jugah, 93350 Kuching, Sarawak, Malaysia",Kuching,12189382464
110.3569858,1.5264638,Klinik Pergigian Pakar Ortodontik Lydia Lim,dentist,orthodontics,"No.77, 1st Floor, Lot 11884, Block 16, KCLD, Jalan, Tun Jugah, 93350 Kuching, Sarawak, Malaysia",Kuching,12189382462
110.3499414,1.5030228,Lai Chinese Physician,alternative,traditional_chinese_medicine,"Beside Place2Stay @ RH Plaza No.7, Ground Floor, Block G, RH Plaza, Jalan Lapangan Terbang Baru, Sedc Woodhouse, 93350 Kuching, Sarawak, Malaysia",Kuching,12182137733
101.6725023,3.0838047,Klinik Pergigian KW Ng,dentist,,"Ground Floor, 11, Jalan Mega Mendung, Taman United, 58200 Kuala Lumpur, Federal Territory of Kuala Lumpur, Malaysia",Kuala Lumpur,4706836343
101.587537,3.047503,The Dentist @ QHC,dentist,,"1st Floor, 6-2, Jalan USJ 9/5r, Subang Business Centre, 47620 Subang Jaya, Selangor, Malaysia",Subang Jaya,4561257522
101.6704519,3.1525871,Dentalpro,dentist,,"12, Jalan Sri Semantan 1, Damansara Heights, 50490 Kuala Lumpur, Wilayah Persekutuan Kuala Lumpur, Malaysia",Kuala Lumpur,2914942039
101.6698083,3.1089358,Klinik Keluarga,doctor,,"18-0-3, 18-0-3, Jalan 4/112a, Taman Bukit Angkasa Pantai Dalam, 59200 Kuala Lumpur, Federal Territory of Kuala Lumpur, Malaysia",Kuala Lumpur,4664623286
101.6697589,3.1089574,Poliklinik Medics,doctor,,"Block 18-0-3, Jalan 4/112a, Taman Bukit Angkasa, Pantai Dalam, 59200 Kuala Lumpur, Federal Territory of Kuala Lumpur, Malaysia",Kuala Lumpur,4664623285
100.3115842,5.418639,Farmasi Pandu Lalu,pharmacy,,"9CV5+9H, 13700 Permatang Pauh, Pulau Pinang, Malaysia",Permatang Pauh,9485097944
100.3121475,5.4152657,Klinik Psikiatri,clinic,,"5, Jalan Penjara, George Town, 10450 George Town, Pulau Pinang, Malaysia",George Town,9485097860
101.6951775,3.2339424,Poliklinik Mediprima,clinic,,"G27, Jalan Prima SG 1, Prima Seri Gombak, 68100 Batu Caves, Selangor, Malaysia",Batu Caves,12414079237
101.6951739,3.2339978,Klinik Mediviron,clinic,,"28G, Jalan SG 1/8, Taman Sri Gombak, 68100 Batu Caves, Selangor, Malaysia",Batu Caves,12414072685
101.7050664,2.824739,Klinik Mumtaz,clinic,,"14, Jalan Warisan Megah 1/4, Kota Warisan, 43900 Sepang, Selangor, Malaysia",Kota Warisan,10931156059
101.6694656,3.1165841,Eravel Regenerative Medical Centre,unknown,,"59100 Kuala Lumpur, Wilayah Persekutuan Kuala Lumpur, Malaysia",Kuala Lumpur,12185769340
101.6930701,3.1339872,Klinik Dhanvanthiri Hi Care,clinic,,"Villa Scott Condominium, Brickfields, 50470 Kuala Lumpur, Wilayah Persekutuan Kuala Lumpur, Malaysia",Kuala Lumpur,12186135933
103.8804503,1.58534,Klinik Desa Sungai Tiram,clinic,fertility,"Jalan Sungai Redan, Kampung Sungai Tiram, Johor Darul Ta'zim, Malaysia",Ulu Tiram,6424655269
113.9839673,4.3294777,Borneo Integrated & Complementary Medical Clinic,clinic,,"Lot 14573,1st Floor, Awalk Business Park, Jalan Airport, 98000 Miri, Sarawak, Malaysia",Miri,11549982800
100.4439503,5.2369715,Klinik Menara,clinic,,"2-G, 2-1, 2-2, 2A-1 Jalan Borealis 2, Lebuhraya Bandar Cassia, Pusat Komersial Borealis, 14110, Pulau Pinang, Malaysia",Pusat Komersial Borealis,10029332682
103.6675979,1.6101903,Klinik Lestari,hospital,,"NO 11, ARAS BAWAH, 2, Jalan Senai Jaya 2, Taman Senai Jaya, 81400 Senai, Johor, Malaysia",SENAI,9671739763
101.7049791,3.1700574,Stor Tablet,unknown,,"Tingkat 3, Menara MARA Lot C, 1, 232, Jalan Tuanku Abdul Rahman, Chow Kit, 50100 Kuala Lumpur, Wilayah Persekutuan Kuala Lumpur, Malaysia",Kuala Lumpur,12181307149
101.7042893,3.1697333,Unit Penyeliaan Jabatan Perubatan,unknown,,"Lot 1, 1B, Lebuhraya Bukit Jalil, Taman Teknologi Malaysia, 47000 Kuala Lumpur, Wilayah Persekutuan Kuala Lumpur, Malaysia",Kuala Lumpur,12181307148
101.7045849,3.1699249,Jabatan Rekod Perubatan,unknown,,"50586 Kuala Lumpur, Wilayah Persekutuan Kuala Lumpur, Malaysia",Kuala Lumpur,12181307136
101.7046737,3.1702983,National Pharmacy Call Centre,unknown,,"Jalan universiti Kompleks kesihatan wanita dan kanak-kanak Pusat perubatan universiti, 59100 Kuala Lumpur, Wilayah Persekutuan Kuala Lumpur, Malaysia",Kuala Lumpur,12181307134
101.7038637,3.1695598,Institut Ortopedik & Tromatologi,unknown,,"Jln Dr. Latif, 50586 Kuala Lumpur, Wilayah Persekutuan Kuala Lumpur, Malaysia",Kuala Lumpur,12181367165
101.5342757,2.9784672,Darussyifa' Kota Kemuning,alternative,,"49, Pusat Perniagaan Kemuning Impian, Jln Tanjung Rhu 30/165, Kota Kemuning, 40460 Shah Alam, Selangor, Malaysia",Shah Alam,8689922999
101.7120541,3.1506423,Pro Heal Dental,dentist,,"3, Jalan Perdana 4/3, Pandan Perdana, 55300 Kuala Lumpur, Selangor, Malaysia",Kuala Lumpur,7242307489
101.7041746,3.1695844,Unit Radiologi,unknown,,"23, Jalan Pahang, 50586 Kuala Lumpur, Wilayah Persekutuan Kuala Lumpur, Malaysia",Kuala Lumpur,12181307142
101.704485,3.1697256,Unit Psikologi Kaunseling,unknown,,"Tingkat 5, Menara Timur, Pusat Perubatan Universiti Malaya, 59100, 59100 Kuala Lumpur, Federal Territory of Kuala Lumpur, Malaysia",Kuala Lumpur,12181307138
101.7046561,3.1700998,Unit Rekod Perubatan (Arkib),unknown,,"50586 Kuala Lumpur, Wilayah Persekutuan Kuala Lumpur, Malaysia",Kuala Lumpur,6092249120
101.6612643,3.2353118,Klinik Murni,clinic,,"Jln 1/2d, Taman Wilayah Selayang, 68100 Batu Caves, Selangor, Malaysia",Batu Caves,7317774151
101.7156679,3.0783695,Klinik Komuniti Desa Tun Razak,clinic,,"G, Blok 8, PPR Desa Tun Razak, Desa Tun Razak, 56000 Kuala Lumpur, Wilayah Persekutuan Kuala Lumpur, Malaysia",Kuala Lumpur,7314400589
101.9397715,2.7212441,Klinik Maria,doctor,dermatology,"155, Jalan Dato Bandar Tunggal, Bandar Seremban, 70000 Seremban, Negeri Sembilan, Malaysia",Seremban,4900680074
101.9397715,2.7212441,Klinik Maria,doctor,maternity,"155, Jalan Dato Bandar Tunggal, Bandar Seremban, 70000 Seremban, Negeri Sembilan, Malaysia",Seremban,4900680074
101.6695234,3.1279183,Park@City,pharmacy,,"5, Persiaran Residen, Desa Parkcity, 52200 Kuala Lumpur, Wilayah Persekutuan Kuala Lumpur, Malaysia",Kuala Lumpur,6174784908
110.3533442,1.5152321,Skin Center,doctor,plastic_surgery,"Ground Floor, Sublot 12 & Sublot 13, Stutong Avenue, Jalan Setia Raja, 93350 Kuching, Sarawak, Malaysia",Kuching,12179807360
110.353332,1.5151366,Premier Family Clinic,clinic,,"70, 801-2B Jalan Tun Jugah, Kempas Heights, 93350 Kuching, Sarawak, Malaysia",Kuching,12179807358
110.3533788,1.5154638,PMG Pharmacy,pharmacy,,"Ground Floor of Sublot No.95 Lot9990 Block 16 KCLD (Premier 101, Kempas Heights, 93350 Kuching, Sarawak, Malaysia",Kuching,12179807356
102.078478,2.593782,Farmasi Chembong,pharmacy,,"34, Ground Floor, Taman Rembau Jaya, 71300, 71400 Rembau, Negeri Sembilan, Malaysia",Rembau,9901006949
110.3515994,1.5101561,Mana Pharmacy,pharmacy,,"Ground Floor, Lot 12898 & 12899 Gala City Prime, Jalan Tun Jugah, Taman Daya, 93350 Kuching, Sarawak, Malaysia",Kuching,12179999390
110.3537123,1.5129458,Elvis Chang TCM Center,alternative,traditional_chinese_medicine,"Malaysia, Sarawak, : Kempas Heights, Ground Floor, Lot 12741 SL 47, Jalan Tun Jugah(Block 3) Block 16. Gala city KLCD, Kuching邮政编码: 93250",:,12179978533
110.3525238,1.5119761,BMC Laboratories,laboratory,,"S/L88, Ground Floor, Jalan Tun Jugah, Gala City, 93350 Kuching, Sarawak, Malaysia",Kuching,12180306111
110.3536142,1.5117777,Edon Pharmacy,pharmacy,,"Unit 70, Galacity, Galacity, Jalan Tun Jugah, Taman Daya, 93350 Kuching, Sarawak, Malaysia",Kuching,12180264612
100.4724329,5.3479567,Klinik Tenang,clinic,,"6, Lorong Berjaya Baru 1, Taman Berjaya Baru, 14000 Bukit Mertajam, Pulau Pinang, Malaysia",Bukit Mertajam,7026899774
101.7852942,2.9454377,Klinik Pergigian Dentacity,dentist,dentistry,"2-07, Vista Bangi, Jln TB 1/1, 43000 Kajang, Selangor, Malaysia",Kajang,11159077669
101.7852942,2.9454377,Klinik Pergigian Dentacity,dentist,orthodontics,"2-07, Vista Bangi, Jln TB 1/1, 43000 Kajang, Selangor, Malaysia",Kajang,11159077669
113.0447453,3.1697568,Bintulu Laboratory & X-Ray Center,clinic,,"No.101, 1st FloorJalan, Jln Abang Galau, Medan Sepadu, 97000 Bintulu, Sarawak, Malaysia",Bintulu,5138815629
113.0437318,3.1703203,Klinik Haji Roslan,clinic,,"No 59, Medan Sepadu, Jln Keppel, Shahida Commercial Centre, 97000 Bintulu, Sarawak, Malaysia",Bintulu,5138815627
100.2956938,5.3496897,george town pharmacy,pharmacy,,"14, Jalan Pekaka 1, Taman Pekaka, 11700 Gelugor, Pulau Pinang, Malaysia",Gelugor,6534524690
113.0436034,3.1700822,Klinik i-Care,clinic,,"Medan Sepadu, 70, Jln Abang Galau, Shahida Commercial Centre, 97000 Bintulu, Sarawak, Malaysia",Bintulu,5138815123
113.0408871,3.1711826,Kingstown Pharmacy • Bintulu,pharmacy,,"19, Jln Abang Galau, Shahida Commercial Centre, 97000 Bintulu, Sarawak, Malaysia",Bintulu,4223306061
103.4145193,4.7518943,Hospital Dungun (Lama),pharmacy,,"Jalan Paka, 23000 Kuala Dungun, Terengganu, Malaysia",Kuala Dungun,10260903263
110.3594723,1.5056319,Aeon Wellness,pharmacy,,"Level 1, Lot 18, Block B1, Jalan Saradise, 93350 Kuching, Sarawak, Malaysia",Kuching,12178212688
110.3588983,1.504991,Dr. Belle Clinic,clinic,,"GF, Unit 30, Block B2 Saradise, 93350 Kuching, Sarawak, Malaysia",Kuching,12178206592
110.3624419,1.5059481,Nutrisense Pharmacy,pharmacy,,"Sublot 3, Block A1, Saradise, Jalan Stutong, 93350 Kuching, Sarawak, Malaysia",Kuching,12178270916
110.3617467,1.5059663,Alpro,pharmacy,,"Lot 19784, Block 11 MTLD, 12 Block A1, Saradise Kuching, 93350 Kuching, Sarawak, Malaysia",Kuching,12178257693
110.3616776,1.5059643,Drs Wong & Partners Dental Surgeons,dentist,,"Lot 19785, Ground Floor, Block 11 MLTD, Off, Jalan Stutong, 93350 Kuching, Sarawak, Malaysia",Kuching,12178257692
110.3615678,1.5059542,Guardian,pharmacy,,"LOT G16 & G17, OFF, Jalan Stutong, SARADISE, 93351 Kuching, Sarawak, Malaysia",Kuching,12178257691
101.7510608,3.2067752,Sunway Multicare,pharmacy,,"2750, Jalan Changkat Permata, Taman Permata, 53300 Kuala Lumpur, Selangor, Malaysia",Kuala Lumpur,12594465448
103.4116856,4.238396,Klinik Syed Badaruddin,dentist,,"No. 17437, Tingkat Bawah Rumah Kedai, Jalan Air Putih, Kampung Gong Pauh, 24000 Chukai, Terengganu, Malaysia",Chukai,6631752981
103.763189,1.4805663,Century Orthopaedic Specialist Clinic,hospital,orthopaedics,"Jalan Harimau, Taman Abad, 80250 Johor Bahru, Johor Darul Ta'zim, Malaysia",Johor Bahru,6724595475
103.763189,1.4805663,Century Orthopaedic Specialist Clinic,hospital,radiology,"Jalan Harimau, Taman Abad, 80250 Johor Bahru, Johor Darul Ta'zim, Malaysia",Johor Bahru,6724595475
103.763189,1.4805663,Century Orthopaedic Specialist Clinic,hospital,surgery,"Jalan Harimau, Taman Abad, 80250 Johor Bahru, Johor Darul Ta'zim, Malaysia",Johor Bahru,6724595475
103.763189,1.4805663,Century Orthopaedic Specialist Clinic,hospital,physiotherapy,"Jalan Harimau, Taman Abad, 80250 Johor Bahru, Johor Darul Ta'zim, Malaysia",Johor Bahru,6724595475
100.4886831,5.1236087,Kelinik Rafi Ahmad,clinic,,"11, Jalan Kelicap, Pekan Baru, 34200 Parit Buntar, Perak, Malaysia",Parit Buntar,12594223178
100.5538771,5.51028,Klinik Kesihatan Padang Serai,clinic,,"Klinik Pergigian Padang Serai, 09400 Padang Serai, Kedah, 09010 Padang Serai, Kedah, Malaysia",Padang Serai,4644802639
100.3906898,5.4307902,Vision Infinity Optometrist,optometrist,,"7428 (GROUND FLOOR Lorong Seri Tanjung 1, Jalan Ong Yi How, 13400 Butterworth, Pulau Pinang, Malaysia",Butterworth,6197600046
101.6692637,3.1278861,AA pharmacy bangsar,pharmacy,,"30, Persiaran Ara Kiri, Bangsar, 59100 Kuala Lumpur, Wilayah Persekutuan Kuala Lumpur, Malaysia",Kuala Lumpur,5322030625
101.6657216,2.879053,Klinik Harmoni,clinic,,"4, Jalan Cyber Valley 1a/1, Cyber Valley Commercial Center, 43800 Dengkil, Selangor, Malaysia",Dengkil,4719562114
110.3342367,1.4817465,Happy Pharmacy,pharmacy,,"Ground Floor Sublot 3, Lot 1921, Block 233, 900B, 93250 Kuching, Sarawak, Malaysia",Kuching,4539609076
110.3441452,1.5130481,Big Rehab,pharmacy,,"Ground Floor, No 185, Lot 2090, Block 16, 2 1/2 Mile, Rock Road, Taman Hui Sing, 93150 Kuching, Sarawak, Malaysia",Kuching,12173936444
103.5931799,1.4506417,Caring,pharmacy,,"29,Jalan, Medan Nusa Perintis 6, Taman Nusa Perintis 2, 81550 Gelang Patah, Johor Darul Ta'zim, Malaysia",Gelang Patah,4204893998
101.937517,2.7302861,Bp,clinic,,"26, Jalan S2 B17, Biz Avenue Seremban 2, 70300 Seremban, Negeri Sembilan, Malaysia",Seremban,4902969774
101.9396727,2.7254127,Klinik Pakar Balen,doctor,gastroenterology,"No. 10, Jalan Dato&apos; Lee Fong Yee, Seremban, Seremban, Bandar Seremban, 70000 Seremban, Negeri Sembilan, Malaysia",Seremban,4900680218
101.9399313,2.725194,Legenda Dental Clinic,dentist,,"Wisma Lucky Plaza, Jalan Dato Lee Fong Yee, Bandar Seremban, 70000 Seremban, Negeri Sembilan, Malaysia",Seremban,4900680215
101.8160634,3.1126227,Hulu Langat Traditional Bone Specialist Tit Tar 呀吃跌打(陳基祥兄弟跌打推拿館 Tabib Cina Chin Kee Siong),clinic,,"No.11, Pekan Batu 14 Hulu Langat, 43100 Hulu Langat, Selangor, Malaysia",Hulu Langat,4686358592
101.7426987,3.197513,Farmasi RedCap,pharmacy,,"Our office is located at No. 19, Jalan 15/23, Taman Perindustrian Tiong Nam, Section 15, Seksyen 15, 40200 Shah Alam, Selangor, Malaysia",Kuala Lumpur,4961945838
101.9418014,2.710617,Sayang Dialysis,clinic,,"26 & 26-1, Jln Wangsa Delima 2A, Seksyen 5 Wangsa Maju, 53300 Kuala Lumpur, Wilayah Persekutuan Kuala Lumpur, Malaysia",Seremban,4881017286
101.7809043,2.8461783,Pusat Kesihatan Universiti,clinic,,"Bahagian Hal Ehwal Pelajar, 71800 Nilai, Negeri Sembilan, Malaysia",Nilai,6559009281
101.7917454,2.9916989,Farmasi Econurture,pharmacy,,"Jalan Jelok 3, Bandar Kajang, 43000 Kajang, Selangor, Malaysia",Kajang,4751683677
100.3807839,5.4191777,Super Top Farmasi,pharmacy,,"114, Jalan Raja Uda, Kampung Baharu, 12300 Butterworth, Pulau Pinang, Malaysia",Butterworth,6568128937
101.7329018,3.1018887,Caring Pharmacy,pharmacy,,"Lot LG-42,EkoCheras Mall No 693,Batu, 5, Jln Cheras, Taman Mutiara Barat, 56000 Kuala Lumpur, Wilayah Persekutuan Kuala Lumpur, Malaysia","Taman Midah, Cheras, Kuala Lumpur",6550553886
101.8371742,2.9631068,Klinik First Medicare,doctor,,"5-G, Jalan Kiara 1, Kawasan Perniagaan Kiara, 43500 Semenyih, Selangor, Malaysia",Semenyih,4988677334
100.3657269,6.0996687,Georgetown Pharmacy,pharmacy,,"No.151 & 152, Jalan Psk 3, Pekan Simpang Kuala, 05400 Alor Setar, Kedah, Malaysia",Alor Setar,9474169410
100.365397,6.0996783,BIG Pharmacy,pharmacy,,"S3 & S16, Lot 92, Jalan Istana Kuning, Bandar Alor Setar, 05000 Alor Setar, Kedah, Malaysia",Alor Setar,9474169408
100.365114,6.0983034,Farmasi Zuffa,pharmacy,,"Kampung Merbok, 08400 Merbok, Kedah, Malaysia",Merbok,9126002282
110.3583726,1.505168,MySmile Dental Clinic,dentist,,"Ground & First Floor, Lot 3, Block B1, Saradise, Jalan Stutong, 93350 Kuching, Sarawak, Malaysia",Kuching,12178212693
101.7729684,3.1392825,Klinik 1Malaysia,clinic,,"1077, Lorong Kiri 20, Kampung Datuk Keramat, 54000 Kuala Lumpur, Wilayah Persekutuan Kuala Lumpur, Malaysia",Kuala Lumpur,5512960121
101.6993595,3.0221852,《新一代》中医诊疗所,clinic,,"151-G, Jalan PUJ 3/9 Taman Puncak Jalil, Pusat Bandar Putra Permai, 43300 Seri Kembangan, Selangor, Malaysia",Seri Kembangan,2837435349
101.59487,3.0787915,MedSense Farmasi,pharmacy,,"5 & 5A, Jalan SS 12/1b, Ss 12, 47500 Subang Jaya, Selangor, Malaysia",Subang Jaya,346206065
101.6450274,3.100064,White One,dentist,,"41-P2, Block C, Jaya One, 72A, Jln Profesor Diraja Ungku Aziz, Seksyen 13, 46200 Petaling Jaya, Selangor, Malaysia",Petaling Jaya,4723482688
103.5924047,1.4506881,Watsons,pharmacy,,"No. 55, Ground Floor, Medan Nusa Perintis 6, Taman Nusa Perintis 2, 79000 Iskandar Puteri, Johor, Malaysia",Iskandar Puteri,5683600624
101.5372372,3.2384677,Klinik Khamsiah,clinic,,"15, Ground Floor, Jalan Wan Kadir 2, Taman Tun Dr Ismail, 60000 Wilayah Persekutuan, Wilayah Persekutuan Kuala Lumpur, Malaysia",Wilayah Persekutuan,3141293661
101.5412857,3.2363909,Medipro,pharmacy,,"Lebuh Hishamuddin 3, Kawasan Perindustrian Selat Klang Utara, 42000 Pelabuhan Klang, Selangor, Malaysia",Pelabuhan Klang,2159291034
102.415104,3.4489626,Al-Syifaa Farmasi,pharmacy,,"Taman Sri Semantan, 28000 Temerloh, Pahang, Malaysia",Temerloh,5076866803
101.651461,3.0986463,Pusat Dialisis Renal Associates,doctor,,"85, Jalan Gasing, Pjs 10, 46000 Petaling Jaya, Selangor, Malaysia",Petaling Jaya,1583825729
101.6456316,3.0983297,Regal Dental Surgery,dentist,,"1st Floor, 18, Jalan Yong Shook Lin, Bandar Baru Petaling Jaya, 46200 Petaling Jaya, Selangor, Malaysia",Petaling Jaya,4723482672
101.645243,3.0987425,State Proheal Dental Specialist Clinic,dentist,,"A, 16, Jalan 52/18, Pj New Town, 46200 Petaling Jaya, Selangor, Malaysia",Petaling Jaya,4723482955
101.6461983,3.0986965,Klinik Pakar Jiwa Deva Dass,clinic,,"40, A, Jalan 52/18, Seksyen 52 Petaling Jaya, 46200 Petaling Jaya, Selangor, Malaysia",Petaling Jaya,1562173011
101.6461884,3.0999442,A.H Lee Specialist Clinic,clinic,,"38-1, Jalan 52/4, Bandar Baru Petaling Jaya, 46200 Petaling Jaya, Selangor, Malaysia",Petaling Jaya,4723482680
103.5950426,1.450324,Klinik Yethin GP,clinic,,"37, Jalan Medan Nusa Perintis 7, Taman Nusa Perintis, 81550 Gelang Patah, Johor Darul Ta'zim, Malaysia",Gelang Patah,5683607921
103.5926281,1.4506881,Poliklinik penawar,clinic,,"49, Medan Nusa Perintis 6, Taman Nusa Perintis 2, 81550 Iskandar Puteri, Johor Darul Ta'zim, Malaysia",Iskandar Puteri,5683600623
103.5929816,1.4506067,Poliklinik Gelang Patah,doctor,,"39, Medan Nusa Perintis 6, Taman Nusa Perintis 2, 81550 Gelang Patah, Johor Darul Ta'zim, Malaysia",Gelang Patah,4276051791
103.3891282,1.4790964,Klinik Permata,doctor,,"21, Jln Delima 2, Pontian Kecil, 82000 Pontian, Johor Darul Ta'zim, Malaysia",Pontian,4202437823
103.3911693,1.4788041,Watsons,pharmacy,,"No 12 &13, Ground Floor, Jalan Delima, Pontian Kecil, 82000 Pontian, Johor Darul Ta'zim, Malaysia",Pontian,4202450140
103.6694554,1.4976301,Klinik Salina,doctor,,"319, Lebuh Arked, Taman Arked, 08000 Sungai Petani, Kedah, Malaysia",Sungai Petani,4374478696
103.3224359,2.0399424,TAC Dental Clinic,dentist,,"No 5, 1st Floor, Jalan Tembikai, Taman Suria, 86000 Kluang, Johor Darul Ta'zim, Malaysia",Kluang,5658015821
101.6398443,3.1001703,Pusat Dialisis As-Sofi,doctor,,"No 5-G,7-G Jalan Dinar D U3/D Taman Subang Perdana, Seksyen U3, 40150 Shah Alam, Selangor, Malaysia",Shah Alam,1616443691
101.6408854,3.0996651,Klinik Pergigian Jasmine,dentist,,"No. 12 A, Lorong 8/1e, Pjs 8, 46050 Petaling Jaya, Selangor, Malaysia",Petaling Jaya,4725305799
100.3762593,5.4257082,Delima Taman Bagan Jermal,clinic,,"Jalan Kampung Gajah, Taman Bagan Jermal, 12300 Butterworth, Pulau Pinang, Malaysia",Butterworth,4802012314
100.3825341,5.4262115,Pusat Rawatan Tradisional Cina XIAMEN,clinic,,"L1-23, Netizen Residensi, Lebuh Utama Tun Hussein Onn, Cheras Perdana, 43200 Cheras, Selangor, Malaysia",Cheras,3919821546
100.3825178,5.4261427,Poliklinik Koay & Cheah,clinic,,"6541, Jalan Raja Uda, Kampung Bagan Jermal, 12300 Butterworth, Pulau Pinang, Malaysia",Butterworth,3919821545
100.4135114,5.4096227,Farmasi Pauh Sdn Bhd,pharmacy,,"Mk 4, 89, Jln Permatang Pauh, 13500 Permatang Pauh, Pulau Pinang, Malaysia",Permatang Pauh,4620878340
118.0712598,5.852058,Gribbles Pathology,clinic,,"G/F, Lot 2, Block 14, Bandar Indah, 90000 Sandakan, Sabah, Malaysia",Sandakan,5830854887
100.4225503,6.237399,Klinik 1Malaysia Bandar Darulaman,clinic,,"Jalan Mahsuri 1C, Bandar Baru Darulaman,, Bandar Darulaman, 06000 Jitra, Kedah, Malaysia",Jitra,6445677961
100.4221322,6.2374022,Farmasi Fitrah,pharmacy,,"No. 22, Tingkat Bawah, Jalan Wang Tepus, Taman Mahsuri, Bandar Darulaman, Kedah, Bandar Darulaman, 06000 Jitra, Kedah, Malaysia",Jitra,6445677957
103.6177278,1.4243926,Watsons,pharmacy,,"LOT R38 A GF, Anjung Neighbourhood Centre, 5, Persiaran Ledang Heights, East Ledang, 79250 Johor Bahru, Johor, Malaysia",Johor Bahru,6396262885
103.3887667,1.4801079,Klinik Malaysia,doctor,,"No. 188, Jalan Bakek, Kampung Atap, 82000 Pontian, Johor Darul Ta'zim, Malaysia",Pontian,4202433265
103.9051737,1.4870378,Klinik 1 Malaysia Taman Cendana,clinic,,"9, Jalan Cendana 1, Taman Cendana, 81700 Pasir Gudang, Johor Darul Ta'zim, Malaysia",Pasir Gudang,6283938185
103.6368298,1.5216088,PMG Pharmacy Mutiara Rini - Quick Health Consult,alternative,,"35, Jalan Utama 34, Mutiara Rini, 81300 Skudai, Johor Darul Ta'zim, Malaysia",Skudai,6251561784
101.4350641,3.2053662,Klinik JKKP,clinic,,"Wisma Consplant 2, Jalan SS 16/1, Ss 16, 47500 Subang Jaya, Selangor, Malaysia",Subang Jaya,12591795219
100.5046786,5.6151086,Klinic Dr Say,clinic,,"18-19, Lorong Teja 1, Taman Keladi, 08000 Sungai Petani, Kedah, Malaysia",Sungai Petani,6329097568
101.6689238,3.1423929,Clinic RX,clinic,plastic_surgery,"43, Jalan Maarof Wisma TTGU (Ground Floor, Bangsar, 59100 Kuala Lumpur, Federal Territory of Kuala Lumpur, Malaysia",Kuala Lumpur,4625324852
100.3241366,5.4190141,Lim Skin Specialist Clinic,doctor,,"111, Jln Macalister, George Town, 10400 George Town, Pulau Pinang, Malaysia",George Town,5658537223
100.5369402,5.4365309,Polyclinic GY,clinic,,"271, Jalan Permai 2, Taman Desa Permai, 09600 Lunas, Kedah, Malaysia",Lunas,3946503062
100.3675456,5.3983118,Klinik Rawatan Dr Mahmud,clinic,,"4452, Jalan Bagan Luar, 12000 Butterworth, Pulau Pinang, Malaysia",Butterworth,4605136390
100.4087168,6.1512769,Aman Pharma Care,pharmacy,,"Jln Langgar, 06500 Langgar, Kedah, Malaysia",Langgar,4199077870
115.2410244,5.2800857,Klinic Ramlee & partner,clinic,,"U0048, Lot 5, Tingkat Bawah, Jalan Bunga Mawar, Peti Surat 266, 87008 Labuan, Wilayah Persekutuan, Malaysia",Labuan,6087613585
115.2403555,5.2811522,Klinik Pergigian Smile (dental clinic),clinic,,"Lot C26-0, Ground Floor, block c, Wisma Shore Services, Jalan Ujong Pasir, Bandar Labuan, 87000 Labuan, Wilayah Persekutuan Labuan, Malaysia",Labuan,5317039025
100.3713332,6.1238335,Klinik Faisal Hamdi,clinic,,"938, Jalan Sultan Badlishah, Bandar Alor Setar, 05000 Alor Setar, Kedah, Malaysia",Alor Setar,3786211610
100.3706559,6.1240722,Klinik Lim Chin Chong,clinic,,"910, Jalan Sultan Badlishah, Bandar Alor Setar, 05000 Alor Setar, Kedah, Malaysia",Alor Setar,6054521477
100.3705809,6.1240398,Klinik CT Lee,clinic,,"No. 909, Jalan Sultan Badlishah, Bandar Alor Setar, 05000 Alor Setar, Kedah, Malaysia",Alor Setar,6054521475
100.3705607,6.1240029,Klinik Ong Beng Liang,clinic,,"908, Jalan Sultan Badlishah, Bandar Alor Setar, 05050 Alor Setar, Kedah, Malaysia",Alor Setar,6054521473
100.3712684,6.123851,Klinik Gigi Kang,dentist,,"938, Tingkat Atas, Jalan Sultan Badlishah, 05000, Alor Setar, Kedah, Bandar Alor Setar, 05000 Alor Setar, Kedah, Malaysia",Alor Setar,3786211611
103.3883825,1.4788015,Klink Fitrah,doctor,,"KLINIK FITRAH PONTIAN, 13G & 14G, Jalan Emas 3, PUSAT PERNIAGAAN KOTA EMAS, 82000 Pontian, Johor Darul Ta'zim, Malaysia",Pontian,4202454206
110.3445212,1.5130274,ALPRO Pharmacy,pharmacy,,"Lot 2094 Ground Floor Block 16 KCLD, Commercial Centre, Taman Hui Sing, 93200 Kuching, Sarawak, Malaysia",Kuching,12167652442
110.3390125,1.5196485,KIDC Dental Clinic,dentist,,"Ground Floor Lots 8305 & 8306 Block 16, Wisma Soon Lien Hong, Jalan Sherip Masahor, Taman Timberland, 93350 Kuching, Sarawak, Malaysia",Kuching,7884465980
101.6997925,3.1769672,KPJ Healthshoppe Pharmacare,pharmacy,,"Lot G-1B, Ground Floor Podium, Menara KPJ, 238, Jln Tun Razak, 50400 Kuala Lumpur, Wilayah Persekutuan Kuala Lumpur, Malaysia",Kuala Lumpur,9450482260
101.6927983,3.1757367,Poliklinik Keluarga,clinic,general,"678, Jln Sentul, Sentul, 51000 Kuala Lumpur, Wilayah Persekutuan Kuala Lumpur, Malaysia",Kuala Lumpur,9450478643
100.3126222,5.3883218,One Dentures Solutions,alternative,denturist,"596L, Jalan Jelutong, Jelutong, 11600 George Town, Pulau Pinang, Malaysia",George Town,9459869382
100.3126883,5.3888173,Klinik Salahudin,clinic,,"596 A,, Lebuhraya Jelutong, Jelutong, 11600 George Town, Pulau Pinang, Malaysia",George Town,9459869390
100.3126483,5.3885178,Farmasi DY,pharmacy,,"596 G, Jalan Jelutong, Taman Jelutong, 11600 George Town, Pulau Pinang, Malaysia",George Town,9459869385
100.4820982,5.1784415,Guardian,pharmacy,,"Lot G-65, C Mart, Taman Perindustrian Nibong Tebal, 14300 Nibong Tebal, Pulau Pinang, Malaysia",Nibong Tebal,9466788549
102.9276307,1.8547636,Poliklinik Hidayah,clinic,,"Jalan Pengkai, Kampung Pegawai, 83000 Batu Pahat, Johor Darul Ta'zim, Malaysia",Batu Pahat,12589525609
102.9271609,1.8544441,Watsons,pharmacy,,"No. 31-2 & 31-3, Ground Floor, Jalan Rahmat, Kampung Pegawai, 83000 Batu Pahat, Johor, Malaysia",Batu Pahat,12589519223
101.7507219,3.1767669,Guardian,pharmacy,,"AEON AU2 SHOPPING CENTRE, LOTG63 NO6 JLN TAMAN SETIWANGSA(JLN 37/56 AU2, Taman Keramat, 54200 Kuala Lumpur, Wilayah Persekutuan Kuala Lumpur, Malaysia",Setiawangsa,11363853116
113.992842,4.3190743,Healthcare Therapy,alternative,traditional_chinese_medicine,"no.970, Jln Kuching, Taman Tunku, 98000 Miri, Sarawak, Malaysia",Miri,12172792465
100.3701241,6.1174462,Guardian,pharmacy,,"No. 57 &, 59, Jalan Tunku Ibrahim, Alor Malai, 05000 Alor Setar, Kedah, Malaysia",Alor Setar,4782882636
103.6376404,1.5208173,MyPharmacy,pharmacy,,"Jalan Utama 30, Mutiara Rini, 81300 Skudai, Johor Darul Ta'zim, Malaysia",Skudai,6251562000
103.637418,1.5210286,Perniagaan Yee Sheng,alternative,,"25, Jalan Utama 34, Mutiara Rini, 81300 Skudai, Johor Darul Ta'zim, Malaysia",Skudai,6251561996
103.6369807,1.5214395,Ai Confinement Centre,midwife,,"27, Jalan Bestari 1/4, Taman Nusa Bestari, 81300 Skudai, Johor Darul Ta'zim, Malaysia",Skudai,6251561991
101.749036,3.0575348,Constant Pharmacy,pharmacy,,"83, Jalan 34/154, Taman Dahlia, 56000 Cheras, Wilayah Persekutuan Kuala Lumpur, Malaysia",Cheras,1996544646
101.6363667,3.1095871,Caring Pharmacy,pharmacy,,"6B, 1, Jalan 14/20, Section 14, 46100 Petaling Jaya, Selangor, Malaysia",Petaling Jaya,1583576510
100.4641649,5.3604866,Farmasi Hospital Bukit Mertajam,pharmacy,,"Jln Kulim, 14000 Bukit Mertajam, Pulau Pinang, Malaysia",Bukit Mertajam,9111141182
100.4603996,5.364232,Mega Kulim Pharmacy,pharmacy,,"126, Jln Kota Permai, Taman Kota Permai, 14000 Bukit Mertajam, Pulau Pinang, Malaysia",Bukit Mertajam,7174906727
100.4609355,5.3634683,City Healthcare Pharmacy,pharmacy,,"230, Jalan Pasar, 14000 Bukit Mertajam, Pulau Pinang, Malaysia",Bukit Mertajam,6187565508
101.6971944,3.1622303,Klinik Pergigian Fauziah,dentist,,"Unit G02-B, Menara Centara, 360, Jalan Tuanku Abdul Rahman, Chow Kit, 50100 Kuala Lumpur, Federal Territory of Kuala Lumpur, Malaysia",Kuala Lumpur,7491178583
101.857376,2.9300832,Alpro Pharmacy Semenyih Taman Pelangi,pharmacy,,"No. 28, Ground Floor, Jalan Tps 1/4, Taman Pelangi Semenyih, 43500 Semenyih, Selangor, Malaysia",Semenyih,9280153664
103.4155091,2.5401698,Balai Rawatan,hospice,,"86000 Kahang, Johor Darul Ta'zim, Malaysia",Kahang,9311874475
103.4146229,2.5400626,Pbsm,hospice,,"Lot PT54 Lengkok Belfield, Off, Jalan Wisma Putra, Kampung Attap, 50460 Kuala Lumpur, Wilayah Persekutuan Kuala Lumpur, Malaysia",Kuala Lumpur,9311874471
101.6627884,3.1132738,Guardian,pharmacy,,"LOT UG20, UPPER GROUND FLOOR,,KL GATEWAY MALL, NO.2, Jalan Kerinchi, GERBANG KERI, 59200 Kuala Lumpur, Wilayah Persekutuan Kuala Lumpur, Malaysia",Kuala Lumpur,9318770334
101.6523059,3.0477808,Klinik Komuniti Pinggiran Bukit Jalil,clinic,,"PPR Pinggiran Aras Bawah Blok E, Jalan Bukit Jalil Indah 1, Bukit Jalil, 58000 Kuala Lumpur, Selangor, Malaysia",Kuala Lumpur,7314365870
113.9933007,4.3183917,Klinik Komuniti Taman Tunku,clinic,,"Klinik Komuniti, Taman Tunku, 98000 Miri, Sarawak, Malaysia",Miri,11546116736
113.9924621,4.3189482,Q10 Pharmacy,pharmacy,,"Lot 2435, Land District, Block 5, Jln Kuching Timur 3, Taman Tunku, 98000 Miri, Sarawak, Malaysia",Miri,11529876053
102.3957065,3.4528066,Klinik Sulaiman,clinic,,"26 & 28, Jalan Pak Sako 4, Taman Kenangan, 28000 Temerloh, Pahang, Malaysia",Temerloh,9439307210
100.3264962,5.4167946,Precise Rehab Georgetown,clinic,,"40A, Lorong Madras, George Town, 10400 George Town, Pulau Pinang, Malaysia",George Town,8925170678
100.3133749,5.3925931,Renal Link Dialysis Centre Penang,clinic,dialysis,"No. 27- G, 27-1 & 28-G, Metro Avenue, Lintang Hajjah Rehmah, Jelutong, 11600 Jelutong, Penang, Malaysia",Jelutong,9112371013
101.7047256,3.1711303,Unit Penjagaan Pra Hospital,unknown,,"Jalan Pahang, 50586 Kuala Lumpur, Wilayah Persekutuan Kuala Lumpur, Malaysia",Kuala Lumpur,12161171258
101.7037677,3.1714137,Store Nefrologi,unknown,,"Jalan Utama Hospital, 50586 Kuala Lumpur, Wilayah Persekutuan Kuala Lumpur, Malaysia",Kuala Lumpur,12161171255
100.3649692,6.0986598,Hayati Optometrist,optometrist,,"98, Jalan Psk Dua, Pekan Simpang Kuala, 05400 Alor Setar, Kedah, Malaysia",Alor Setar,9126002295
100.3146455,5.3976857,Foot Massage Refelexology,alternative,reflexology,"No.338C-1 Jalan Perak, Taman Desa Green Jelutong, Taman Desa Green, 11600 George Town, Pulau Pinang, Malaysia",George Town,9110039093
100.3225549,5.4009934,Klinik Komuniti Jelutong,clinic,,"116, Jalan Jelutong, Jelutong, 11600 George Town, Pulau Pinang, Malaysia",George Town,6604160587
100.3641394,6.0994446,Klinik Metrocare,clinic,,"No 56, jalan 3, Pekan Simpang Kuala, 05400 Alor Setar, Kedah, Malaysia",Alor Setar,9126002263
100.3043149,5.3826115,Island Klinik,clinic,,"1-H, Lrg Delima 5, Taman Island Glades, 11700 Jelutong, Pulau Pinang, Malaysia",Jelutong,9139453401
100.2784485,5.4018662,Farmasi Rheco Sdn. Bhd.,pharmacy,,"606E, Jalan Paya Terubong Ayer Itam, Kampung Pisang, 11500 George Town, Pulau Pinang, Malaysia",George Town,6601346688
101.7037594,3.1710428,Klinik Obstetrik Dan Ginekologi,clinic,,"Level 7, Jln Profesor Diraja Ungku Aziz, 50603 Kuala Lumpur, Wilayah Persekutuan Kuala Lumpur, Malaysia",Kuala Lumpur,6156680442
101.7031537,3.1714005,Jabatan Psiakitri,hospital,,"Aras 3, Pintu 7, Hospital Sultan Idris Shah, Serdang, Jalan Puchong Serdang, 43000 Kajang, Selangor, Malaysia",Kajang,6156405664
100.3613909,6.1080919,Klinik Pergigian Apex,dentist,,"No 71, Kompleks Perniagaan Sultan Abdul Hamid, Taman Sultan Badlishah, 05050 Alor Setar, Kedah, Malaysia",Alor Setar,8848633226
100.4043126,6.1512159,Homestay alor setar (Yahanana Homestay) taman seri astana,dentist,,"No, 77 taman seri astana Jalan Langgar Hadapan hospital alor setar, Hutan Kampung, 06500 Langgar, Kedah, Malaysia",Langgar,3839261696
101.7338656,3.2060964,BiG Pharmacy,pharmacy,,"6 & 8, Jalan 1/27b, Desa Setapak, 53300 Kuala Lumpur, Wilayah Persekutuan Kuala Lumpur, Malaysia",Kuala Lumpur,11377867720
101.7342774,3.2065077,Happy Pharmacy Desa Setapak,pharmacy,,"32, Jalan 1/27b, Desa Setapak, 53300 Kuala Lumpur, Wilayah Persekutuan Kuala Lumpur, Malaysia",Kuala Lumpur,8865626705
102.1678705,6.185742,Klinik Pergigian Purnama,dentist,,"PT 890 Taman Indah, Hadapan Stesen Minyak Petronas, Kg, 16200 Tumpat, Kelantan, Malaysia",Tumpat,8970038419
101.8457631,2.6789335,Klinik Kesihatan Sendayan,clinic,,"Jln Felda Sendayan, Kampong Felda Sendayan, 71950 Seremban, Negeri Sembilan, Malaysia",Seremban,4880255792
111.9753235,2.2385141,Ben's Pharmacy,pharmacy,,"No. Lot 1196, Unit 2, Ground Floor, Sibu Jaya Commercial Centre, Sarawak, Sibu Jaya, 96000 Sibu, Sarawak, Malaysia",Sibu,4744305792
101.8375889,2.5016829,Klinik Dr Zahar,doctor,,"No. 1721, Jalan Tok Kenali, Kubang Kerian, 16150 Kota Bharu, Kelantan, Malaysia",Port Dickson,4855100772
101.8358423,2.5044077,Klinik Desa Bagan Pinang,clinic,,"Taman Dato Haji Abdul Samad, 71050 Port Dickson, Negeri Sembilan, Malaysia",Port Dickson,4855102336
101.8562468,2.4757726,Klinic Othman,doctor,,"27, Jalan Pantai, Taman Si Rusa Jaya, 71050 Port Dickson, Negeri Sembilan, Malaysia",Port Dickson,4846712137
116.4294889,6.3588251,Sogob Traditional Therapy,unknown,reflexology,"Lot 8, Block A, Suria Commercial center, 89157 Kota Belud, Sabah, Malaysia",Kota Belud,9024331565
116.4292822,6.3587881,Pusat Dialisis Nobel,dialysis,,"89150 Kota Belud, Sabah, Malaysia",Kota Belud,9024331527
116.4303755,6.3566891,Klinik Dr. Saijan,clinic,,"Lot 17, Pekan Baru, 89158 Kota Belud, Sabah, Malaysia",Kota Belud,9024251126
116.428672,6.3589462,Klinik Komuniti Alapbana Kota Belud,clinic,,"9C5H+HF, 89150 Kota Belud, Sabah, Malaysia",Kota Belud,9024303172
116.4291699,6.3585579,Anisa Reflexology & Therapy,alternative,reflexology,"Lot No 4, Ground Floor, Kompleks Centenary, 89157 Kota Belud, Sabah, Malaysia",Kota Belud,9024295805
116.4299689,6.3584163,Borneo Physio,physiotherapist,,"Jln Kota Belud Town, 89150 Kota Belud, Sabah, Malaysia",Kota Belud,9024381174
100.3268989,5.4150356,仁心足疗保健,alternative,reflexology,"207, Jalan Magazine, 10300 George Town, Pulau Pinang, Malaysia",George Town,9106692544
103.389246,1.4912905,gamma,pharmacy,,"745, Tingkat Bawah, Wisma Koperasi, Jalan Taib,, Kampung Atap, 82000 Pontian, Johor Darul Ta'zim, Malaysia",Pontian,6416269189
102.3600135,6.0930931,Klinik Pauh 9,clinic,,"Beris Kubu Besar Bachok, 16150 Kota Bharu, Kelantan, Malaysia",Kota Bharu,8730637820
102.3552315,6.1021167,Pusat Rawatan Nur Alif,alternative,,"LOT 4476 Kampung Alor Jambu, Jalan Tawang, 16020 Kota Bharu, Kelantan, Malaysia",Bachok,7568759615
102.3731371,6.1061814,Klinik Balai,clinic,,"16300 Kota Bharu, Kelantan, Malaysia",Kota Bharu,8921521940
102.3647934,6.0737006,Klinik Beris,clinic,,"PT 787, Blok A, Kedai Beris Kubur Besar, Jalan Bachok, 16030 Bachok, Kelantan, Malaysia",Bachok,8806182517
114.0402001,4.4797537,Wellcare Pharmacy,pharmacy,,"Shoplot AG.06A, Block A, Emart Commercial Centre, Jln Tudan, 98100 Miri, Sarawak, Malaysia",Miri,11492081074
102.218271,6.1196276,Farmasi AmalMedik,pharmacy,,"Bandar Baru Pasir Pekan, 16250 Wakaf Bharu, Kelantan, Malaysia",Wakaf Bharu,8880136179
102.1710575,6.1981639,Farmasi Permai,pharmacy,,"145, Jalan Hulu Pasar, Pekan Tumpat, 16200 Tumpat, Kelantan, Malaysia",Tumpat,5237446322
103.0809707,2.0209804,PPV Che Ann Khor Yong Peng,vaccination_centre,vaccination,"Lot HS 2677, Pt 2446, Jalan Kota Impian 1, 83700 Yong Peng, Johor Darul Ta'zim, Malaysia",Yong Peng,8974792322
102.8828266,1.9755713,Kelinik Jaya,clinic,,"89, Jalan Besar, Parit Sulong, Batu Pahat, Batu Pahat, Kampung Penghulu, 83500 Parit Sulong, Johor, Malaysia",Parit Sulong,7984260537
101.6213954,3.086633,Klinik Seri Setia,clinic,,"8, Jalan SS 3/31, Taman Universiti, 47300 Petaling Jaya, Selangor, Malaysia",Petaling Jaya,4715896539
101.6212062,3.0866639,Poliklinik Lim,clinic,,"3, Jalan 11, Taman Desa Jaya, 52100 Kuala Lumpur, Wilayah Persekutuan Kuala Lumpur, Malaysia",Petaling Jaya,4715896537
103.5844636,1.4585187,Teo TCM,clinic,,"149 Rochor Rd, #04-01 Fu Lu Shou Complex, Singapura 188425",Singapore,4438691689
101.6360763,3.109613,Guardian,pharmacy,,"LOT NO LG-03A, 05 & 06,JAYA SHOPPING CENTRE, 26A, Jalan 14/4, Seksyen 14, 46100 Petaling Jaya, Selangor, Malaysia",Petaling Jaya,1559189448
101.6914683,3.1728102,Pusat Pakar Mata Manjit Singh,optometrist,general,"236, Jln Sultan Azlan Shah, 51200 Kuala Lumpur, Wilayah Persekutuan Kuala Lumpur, Malaysia",Kuala Lumpur,9450371281
101.2554945,3.3314739,Farmasi Kuala Selangor,pharmacy,,"66, Jalan Melati 3/1, Bandar Melawati, 45000 Kuala Selangor, Selangor, Malaysia",Kuala Selangor,7448676693
101.7275657,3.1962948,Ohana Specialist Hospital,hospital,general,"No 9, Jln Seri Rejang, Rampai Business Park South, Setapak Jaya, 53300 Kuala Lumpur, Federal Territory of Kuala Lumpur, Malaysia",Kuala Lumpur,5785440554
101.720755,3.2058881,Klinik Khor,clinic,,"42, Jalan 8/23e, Taman Danau Kota, 53300 Kuala Lumpur, Wilayah Persekutuan Kuala Lumpur, Malaysia",Kuala Lumpur,7315469383
101.7197309,3.2074675,Klinik Danau Kota,clinic,,"22, Jalan 7/23e, Taman Danau Kota, 53100 Kuala Lumpur, Wilayah Persekutuan Kuala Lumpur, Malaysia",Kuala Lumpur,7315469384
101.6593915,3.063174,Klinik Kesihatan Muhibbah,clinic,,"Batu 6 ½, Jalan Puchong, 58200 Kuala Lumpur, Wilayah Persekutuan Kuala Lumpur, Malaysia",Kuala Lumpur,7314227586
101.6714357,3.0742685,Superdrug,pharmacy,,"49/50 Strand, London WC2N 5LH, United Kingdom",Greater London,3046728841
114.0248846,4.4495717,Movefit Rehab,physiotherapist,,"Lot 10167 Ground Floor, Chong Shin Commercial Centre, Blok 10, KBLD, 98000 Miri, Sarawak, Malaysia",Miri,11539902540
114.0305012,4.4791799,King's Pharmacy,pharmacy,,"Lutong, 98000, Sarawak, Malaysia",Miri,12149736178
101.090007,4.6012963,Pusat Darah Ipoh,clinic,,"Jalan Fifth Avenue, 30450 Ipoh, Perak, Malaysia",Ipoh,7953758551
101.4448729,3.1006571,Klinik Mediviron,clinic,,"15, Jalan Setia Prima R U13/R, Setia Alam, 40170 Shah Alam, Selangor, Malaysia",Shah Alam,5009372731
101.77268,2.9783989,Klinik Mediviron,clinic,,"7G & 8G, Jalan Putra 4, Taman Kajang Putra, 43000 Kajang, Selangor, Malaysia",Kajang,4757001993
101.5122709,3.1608998,Klinik Pergigian Suhaila,dentist,,"4-2 (1st Floor, Jalan Elektron U16/F, Denai Alam, 40150 Shah Alam, Selangor, Malaysia",Shah Alam,5544800121
102.2807673,6.1639163,Guardian,pharmacy,,"PT 1079 Ground Floor, Jalan Bendahara 2/36 Taman Bendahara Pengkalan Chepa, Taman Bendahara, 16100 Kota Bharu, Kelantan, Malaysia",Kota Bharu,8962240368
113.9936,4.307643,Klinik Sri Tunku,clinic,general,"LOT 11211,GROUND FLOOR, LAND DISTRICT, PALM VILLA COMMERCIAL CENTRE, BLOCK 5, Jln Lambir, 98000 Miri, Sarawak, Malaysia",Miri,11534203101
114.0397682,4.4787404,PMG Pharmacy,pharmacy,,"Shop Lot CG.07, Block C, Jln Tudan, Emart Tudan, 98100 Miri, Sarawak, Malaysia",Miri,11724725792
114.0003184,4.3375236,Miracare Clinic,clinic,,"Ground floor, Lot 8564, Parent Lot 280, Block 1, Lambir Land District, Jalan Tunku Abdul Rahman, Off, Jalan Miri - Bintulu, 98000 Miri, Sarawak, Malaysia",Miri,11527516390
101.0697205,4.5414189,Farmasi Hidayah,pharmacy,,"A/G 61-63, Pengkalan Emas Mall, Jalan Pasir Puteh, Kampung Pengkalan Pegoh, 31650 Ipoh, Perak, Malaysia",Ipoh,8453966317
118.6137512,4.479256,Guardian,pharmacy,,"Lot 7, Ground Floor, Bandar Kapalai Semporna, Mile 1.5, Jalan Bubul, Pekan Semporna, 91308 Semporna, Sabah, Malaysia",Semporna,4784238621
101.527281,3.0819485,Klinik Pergigian Dr Zaed,dentist,,"19B, Jalan Tengku Ampuan Zabedah B 9/B, Seksyen 9, 40100 Shah Alam, Selangor, Malaysia",Shah Alam,4746993777
99.7278504,6.2910046,Guardian,pharmacy,,"LOT GF3 CENANG MALL LANGKAWI,LOT 2605, Jalan Pantai Chenang, MUKIM KEDAWANG, 07000 Langkawi, Kedah, Malaysia",Langkawi,4400709831
101.7787394,2.9549173,Klinik Al-Huda,clinic,,"19, Jalan 4/1a, Seksyen 4 Tambahan Bandar Baru Bangi, 43650 Bandar Baru Bangi, Selangor, Malaysia",Bandar Baru Bangi,12117892523
113.9878343,4.3943263,Chan Clinic,clinic,,"No. 1341, Ground Floor, Miri Waterfront, Jalan Sri Dagang, 98000, Miri, Sarawak, 98000 Miri, Sarawak, Malaysia",Miri,11809897277
113.9870851,4.3941368,Ing Kong Drug Store,alternative,traditional_chinese_medicine,"Lot 341, Beautiful Jade Centre, 98000 Miri, Sarawak, Malaysia",Miri,11709030939
113.9870851,4.3941368,Ing Kong Drug Store,alternative,herbalism,"Lot 341, Beautiful Jade Centre, 98000 Miri, Sarawak, Malaysia",Miri,11709030939
102.2413726,6.1098686,Farmasi Mercury,pharmacy,,"204, 5169-J, Jalan Kuala Krai, Bandar Kota Bharu, 15050 Kota Bharu, Kelantan, Malaysia",Kota Bharu,8918629365
102.24135,6.1097003,Klinik Optik & Kanta Sentuh Wafi Optometrist,optometrist,,"097384291, 5169-F, Jalan Kuala Krai, Bandar Kota Bharu, 15150 Kota Bharu, Kelantan, Malaysia",Kota Bharu,8918629370
113.9999875,4.3751236,Jabatan Kecemasan,doctor,surgery,"92G2+63, Jalan Cahaya, Kampung Lopeng Tengah, 98000 Miri, Sarawak, Malaysia",Miri,11755635729
103.4186958,4.7564437,Guardian,pharmacy,,"Plot 18076 & 18077, GF, Lot10021, Jalan Besar Sura, KPLK Perniagaan Sura, Gate, 23000 Kuala Dungun, Terengganu, Malaysia",Kuala Dungun,8927773830
103.4181752,4.7579333,Watsons,pharmacy,,"Lot 14 & 15 Ground Floor, Sura Business Centre, 23000 Kuala Dungun, Terengganu, Malaysia",Kuala Dungun,8927773829
114.0156818,4.4357391,G-Care Pharmacy,pharmacy,,"G.F. Lot 1280, Bangunan Jeli, Pujut-Lutong Road, 98000 Miri, Sarawak, Malaysia",Miri,11576549912
101.731013,3.2023099,Klinik Wangsa,clinic,,"46, Jalan 2A/27A, Seksyen 1, Wangsa Maju, 53300 Kuala Lumpur, Wilayah Persekutuan Kuala Lumpur, Malaysia",Kuala Lumpur,8935232218
101.7311838,3.2020213,Klinik Ampang (Cawangan Wangsa Maju),clinic,,"34, Jalan 2a/27a, Wangsa Maju, 53300 Kuala Lumpur, Wilayah Persekutuan Kuala Lumpur, Malaysia",Kuala Lumpur,8935198413
100.3211862,6.148364,IRIS PHARMACY,pharmacy,,"NO 1, GROUND FLOOR,, KOMPLEKS PERNIAGAAN DELTAT,, JALAN KUBANG ROTAN,, KUALA SUNGAI, 06250 Alor Setar, Kedah, Malaysia",Alor Setar,4539885455
100.3689696,6.1248158,Big Pharmacy,pharmacy,,"S3 & S16, Lot 92, Jalan Istana Kuning, Bandar Alor Setar, 05000 Alor Setar, Kedah, Malaysia",Alor Setar,8816133521
100.3517861,6.1040187,Klinik Pergigian Lee,dentist,,"First Floor, 15, Hala Medan Lagenda 1, Medan Lapangan Legenda, 31350 Ipoh, Perak, Malaysia",Ipoh,4896167944
100.3611701,6.1046434,RPS Pharmacy Sdn Bhd,pharmacy,,"Taman Purnama, 05050 Alor Setar, Kedah, Malaysia",Alor Setar,8849546152
101.1527561,4.3095476,Klinik Low Kampar,clinic,,"2, Jln Idris, Kampung Batu Berangkai, 31900 Kampar, Perak, Malaysia",Kampar,12578979668
101.1527274,4.3098251,Hai-O,alternative,traditional_chinese_medicine,"12, Jln Idris, Kampung Batu Berangkai, 31900 Kampar, Perak, Malaysia",Kampar,12578979667
101.1526232,4.3113453,Klinik Pakar Phang,clinic,,"56, Jln Idris, Kampung Masjid, 31900 Kampar, Perak, Malaysia",Kampar,7690928967
100.4624537,5.3639108,Klinik Koeh,clinic,,"63 A, Jalan Aston, 14000 Bukit Mertajam, Pulau Pinang, Malaysia",Bukit Mertajam,7566369590
100.4625189,5.3638383,BP Healthcare,blood_donation,,"Ground Floor, 62-63, Jalan Aston, 14000 Bukit Mertajam, Pulau Pinang, Malaysia",Bukit Mertajam,1610799506
114.0019307,4.4058343,Pelita Clinic,clinic,,"Ground Floor, Lot 600, Block, 7, Jalan Miri Pujut, Pelita Commercial Centre, 98000 Miri, Sarawak, Malaysia",Miri,11768209652
113.9858208,4.3933558,Klinik Medika,clinic,general,"Marina Parkcity, D-G-20, Ground Floor, Block D, Miri Times Square, 98000 Miri, Sarawak, Malaysia",Miri,11494715958
101.5313989,2.822678,Hospital Wanita Metro,hospital,,"22, Jalan Emas 1, Bandar Sungai Emas, 42700 Banting, Selangor, Malaysia",Banting,4727251001
101.7540691,2.9608575,Klinik Dr Bazilah,clinic,,"C 10 G, Jalan Medan Pusat Bandar 5, Seksyen 9, 43650 Bandar Baru Bangi, Selangor, Malaysia",Bandar Baru Bangi,8663780317
101.426406,3.2293703,Poliklinik Ikhwan,clinic,,"17, Lorong Naluri Sukma B8/B, 45010 Puncak Alam, Selangor, Malaysia",Puncak Alam,2877108058
113.9812488,4.3930137,Smiley Tooth Dental Clinic,dentist,,"1st Floor, Lot 1907, Marina Square Phase 2, 98000 Miri, Sarawak, Malaysia",Miri,11594887144
113.9808954,4.3930567,Navipath Diagnostic Sdn Bhd,laboratory,blood_check,"Jln Marina Utama, 98000 Miri, Sarawak, Malaysia",Miri,11594887136
113.9806551,4.3925917,The Chiro Hub,alternative,chiropractic,"Lot 1929 Jalan Temenggong Datuk Oyong Lawai, Marina Square Phase 2, 98000 Miri, Sarawak, Malaysia",Miri,11474843420
113.9814077,4.392263,Sincere Centre Miri,counselling,,"LOT1893 1st & 2nd Floor,Marina Square Ph2 98000, 98000 Miri, Sarawak, Malaysia",Miri,11595266201
114.0122737,4.4142586,PMG Pharmacy,pharmacy,,"Lot 2372 & 2373, G/F, Boulevard Commerical Centre, Jalan Pujut Lutong, Boulevard Commercial Centre, 98000 Miri, Sarawak, Malaysia",Miri,11510383082
103.761605,1.4617798,PPV Persada Johor,vaccination_centre,vaccination,"Persada Johor International Convention Centre, Persada Johor International Convention Centre, 12, Jalan Abdullah Ibrahim, Bandar Johor Bahru, 80000 Johor Bahru, Johor Darul Ta'zim, Malaysia",Johor Bahru,8848144462
104.1230809,2.7615821,Coco pizza,clinic,,"Q46F+J6, Pulau Tioman, Pahang, Malaysia",Pulau Tioman,2987177177
103.8369434,2.4297788,Guardian,pharmacy,,"BLOCK E LOT NO 451,GROUND FLOOR, Jln Ismail, Mersing Kechil, 84000 Muar, Johor Darul Ta'zim, Malaysia",Muar,6045360585
101.1526831,4.3105148,Kedai Cermin Mata Peking,optometrist,,"32, Jln Idris, Kampung Masjid, 31900 Kampar, Perak, Malaysia",Kampar,7690928957
115.2646058,5.2870375,Klinik Kesihatan WP Labuan,clinic,,"Jalan Hospital, 87018, 727, 87000 Labuan, Labuan Federal Territory, Malaysia",Labuan,6070251329
101.7787673,2.9548048,Klinik Syifa,clinic,general,"15, Jalan 4/1a, Seksyen 4 Tambahan Bandar Baru Bangi, 43650 Bangi, Selangor, Malaysia",Bangi,12117892522
101.7787673,2.9548048,Klinik Syifa,clinic,vaccination,"15, Jalan 4/1a, Seksyen 4 Tambahan Bandar Baru Bangi, 43650 Bangi, Selangor, Malaysia",Bangi,12117892522
100.2879614,5.4042763,Ah Seong Chiropractic Centre,hospital,,"25B, Jalan Kampung Melayu, Kampung Melayu, 11500 Ayer Itam, Pulau Pinang, Malaysia",George Town,12122365247
103.1338589,5.3346739,Sheiranets( Kedai Pakaian),pharmacy,,"77, Jalan Kampung Cina, Kampung Banggul, 20100 Kuala Terengganu, Terengganu, Malaysia",Kuala Terengganu,8849784114
103.6265106,2.6487812,Klinik Rompin,doctor,,"13, Jln Sentosa 4, Kampung Tasik, 26800 Kuala Rompin, Pahang, Malaysia",Kuala Rompin,8850763180
100.3711659,6.1234836,Klinik Soma,clinic,,"931, Jalan Sehala, Bandar Alor Setar, 05000 Alor Setar, Kedah, Malaysia",Alor Setar,3786211905
100.3891658,6.1396562,Farmasi Metro,pharmacy,,"NO 3A, FARMASI METRO, KOMPLEKS PERNIAGAAN BUKIT PINANG, Bukit pinang, 06200 Alor Setar, Kedah, Malaysia",Alor Setar,4764593049
101.7880498,2.9956053,Pusat Perubatan Kajang Plaza (KPMC),hospital,,"36, Jalan Dato Seri P. Alagendra 2, Bandar Kajang, 43000 Kajang, Selangor, Malaysia",Kajang,276691335
101.7757599,3.0231315,Klinik Kesihatan Sungai Sekamat,clinic,,"Jalan Cheras, Kampung Sungai Sekamat, 43200 Kajang, Selangor, Malaysia",Kajang,7741089339
114.0348924,4.4499391,Uni Klinik,clinic,,"Lot 6138 & 6139, Pusat Bandar Commercial Centre Phase 6 Bandar Baru Permyjaya, Lutong, 98000 Miri, Sarawak, Malaysia",Miri,11630729340
102.2298429,2.4662795,Farmasi Sentosa,pharmacy,,"LOT S-09 MATAHARI MALL SRI MANJA, 1, Jalan PJS 3/61, Taman Sri Manja, 46000 Petaling Jaya, Selangor, Malaysia",Petaling Jaya,11374779145
100.6129093,5.2123451,Farmasi C&C,pharmacy,,"23C lot 52 jln raya, Serdang, 09800 Kulim, Kedah, Malaysia",Kulim,12579125908
100.6136835,5.2106794,Pusat Dialisis Nur Kasih Sdn  Bhd,dialysis,nephrology,"No. 1A, 2A & 3A, Jalan Padang, Serdang Avenue, 09800 Serdang, Kedah, Malaysia",Serdang,12579089297
100.2166913,5.370523,Watsons,pharmacy,,"Plot No 8 & 9, Ground Floor, Botanica CT Centre, Jln Sungai Air Putih, Bandar Baru Air Putih, 11000 Balik Pulau, Pulau Pinang, Malaysia",Balik Pulau,12105930635
101.680032,3.1290989,Poliklinik Rani,clinic,,"18, Jalan Bangsar, Bangsar, 59000 Kuala Lumpur, Wilayah Persekutuan Kuala Lumpur, Malaysia",Kuala Lumpur,12108025521
100.5134867,5.6539591,Klinik Pergigian Arzleen Apandi,dentist,,"1 45, Jln Tuanku Haminah 1, Taman Tuanku Haminah, 08000 Sungai Petani, Kedah, Malaysia",Sungai Petani,7621447277
100.3243862,5.4162994,Health Lane Family Pharmacy Macalister Road,clinic,,"No. 150 & 152, Jln Macalister, 10400 George Town, Pulau Pinang, Malaysia",George Town,12105939949
100.3247765,5.4161196,Georgetown Pharmacy,pharmacy,,"134, Jln Macalister, 10400 George Town, Pulau Pinang, Malaysia",George Town,12105939948
115.2414157,5.2778513,Guardian,pharmacy,,"LOT E011, GF, GIANT SUPERMARKET LABUAN COMPLEX, Jalan Merdeka, Financial Park, 87000 Labuan, Wilayah Persekutuan Labuan, Malaysia",Labuan,12109779950
115.240185,5.2787176,PMG Pharmacy,pharmacy,,"U0075, Jalan Merdeka, Bandar Labuan, 87000 Victoria, Wilayah Persekutuan Labuan, Malaysia",Victoria,12109779948
101.6222842,3.1196904,Caring Pharmacy,pharmacy,,"36, Jalan SS 2/67, SS 2, 47300 Petaling Jaya, Selangor, Malaysia",Petaling Jaya,10819771701
101.7575616,2.9533033,Klinik Pergigian Halizah Kompleks Diamond,dentist,,"Kompleks Diamond, 201A, Bangi Business Park, Off Persiaran Bandar, Selangor, Seksyen 1, 43650 Bandar Baru Bangi, Selangor, Malaysia",Bandar Baru Bangi,12114466756
113.9807232,4.392727,Klinik Dr Ko,doctor,dermatology,"Lot 1927-1928 Ground Floor, Marina Square 2, Marina Parkcity, 98000 Miri, Sarawak, Malaysia",Miri,11594887148
100.3114931,6.0873978,Klinik Komuniti Kuala Kedah,clinic,,"No.65, Jalan Taman Sepakat, Teluk Kechai, 06600 Kuala Kedah, Kedah, Malaysia",Kuala Kedah,6445763180
100.3828107,6.0227616,Farmasi Suria,pharmacy,,"Simpang Empat, 06650 Simpang Empat, Kedah, Malaysia",Simpang Empat,4831123843
100.3100172,6.0915831,Farmasi Setia,pharmacy,,"40, Jalan Sarawak, Pekan Kuala Perlis, 02000 Kuala Perlis, Perlis, Malaysia",Kuala Perlis,6192571153
101.7515375,3.1462569,Klinik Mediviron,clinic,,"228, Jalan Mahkota, Maluri, 55100 Kuala Lumpur, Wilayah Persekutuan Kuala Lumpur, Malaysia",Kuala Lumpur,4508524818
114.0094946,4.4718857,PMG Pharmacy,pharmacy,,"Ground Floor Survey Lot 1446 of Parent Lot 911, Block 1, MCLD, Jalan Pasar Lutong, Lutong, 98000 Miri, Sarawak, Malaysia",Lutong,12046447994
101.688761,3.1335429,Klinik Pergigian Bangsar,dentist,,"Lot, 68, Jalan Tun Sambanthan, Brickfields, 50470 Kuala Lumpur, Wilayah Persekutuan Kuala Lumpur, Malaysia",Kuala Lumpur,5409214624
101.6863385,3.1314629,Klinik Sri Manja,clinic,,"178, Jalan Tun Sambanthan, Brickfields, 50470 Kuala Lumpur, Wilayah Persekutuan Kuala Lumpur, Malaysia",Kuala Lumpur,12089814588
101.6534458,3.1070618,Klinik Pergigian Famili Pong,dentist,,"111, Jalan Gasing, Pjs 10, 46000 Petaling Jaya, Selangor, Malaysia",Petaling Jaya,12089836834
101.6627131,3.1123277,Poliklinik Aiman,clinic,,"Flat Pkns, 20, Kampung Kerinchi, 59200 Kuala Lumpur, Wilayah Persekutuan Kuala Lumpur, Malaysia",Kuala Lumpur,12092974097
115.4064275,4.8594853,PMG Pharmacy Lawas,pharmacy,,"Lot 435, Tingkat Bawah Jalan Datuk Haji Awang Daud Bin Awang Matusin, 98850 Lawas, Sarawak, Malaysia",Lawas,12096111766
115.2420227,5.2795835,Permai Polyclinic,clinic,,"Block A, Lot 40306 Jati Commercial Shophouse, Bandar Labuan, 87012 Victoria, Labuan Federal Territory, Malaysia",Victoria,12098086479
101.9139236,3.82394,Klinik Kesihatan Ulu Gali,clinic,,"Ulu Gali, 27600 Raub, Pahang, Malaysia",Raub,2609298417
101.7883053,2.99563,Klinik Pakar KPMC,clinic,,"36, Jalan Dato Seri P. Alagendra 2, Bandar Kajang, 43000 Kajang, Selangor, Malaysia",Kajang,4751683123
100.4908644,5.2767706,Klinik Kesihatan Bandar Tasek Mutiara,clinic,,"Lot 1866, Mukim, 7, Jalan Tasik Mutiara, Bandar Tasek Mutiara, 14100 Simpang Ampat, Pulau Pinang, Malaysia",Simpang Ampat,11159949278
100.4887794,5.126228,Klinik Metrocare,clinic,,"25, Jln Taiping, Taman, 34200 Parit Buntar, Perak, Malaysia",Parit Buntar,12578486113
101.788434,2.9957311,Poliklinik Ideal,clinic,,"Kajang Plaza, 28 30, Jalan Dato' Seri P. Alagendra, Bandar Kajang, 43000 Kajang, Selangor, Malaysia",Kajang,4751683122
101.6712584,3.1329559,Bala Dental Clinic,dentist,,"No. 253, 1st Floor, Jalan Tun Sambanthan, 50470 Kuala Lumpur, Wilayah PersekutuanNo. 253, 1st Floor, Jalan Tun Sambanthan, 50470, Kuala Lumpur, Wilayah Persekutuan, Brickfields, 50470 Kuala Lumpur, Federal Territory of Kuala Lumpur, Malaysia",Kuala Lumpur,8336043376
101.6651739,3.1037624,Klinik Mediviron,clinic,,"2, Jalan 21/12, Sea Park, 46300 Petaling Jaya, Selangor, Malaysia",Kuala Lumpur,4664623269
101.8275547,2.5668095,Klinik Loh,doctor,,"81, Jalan Pasar Baru, Lukut, 71010 Port Dickson, Negeri Sembilan, Malaysia",Port Dickson,4870445695
101.8272837,2.5675275,Klinik Lukut,doctor,,"No. 10 (Ground Floor) Jalan PD-Seremban, Prima, Lukut, 71010 Port Dickson, Negeri Sembilan, Malaysia",Port Dickson,4870445688
101.5539796,3.1551083,Guardian,pharmacy,,"No 41-G,Ground Floor, Jalan Dinar G U3/G, Taman Subang Perdana, 40150 Shah Alam, Selangor, Malaysia",Shah Alam,8780503999
101.4404921,3.1305397,Klinik Fitrah,clinic,,"217, Jalan Meranti, Pekan Meru, 41050 Klang, Selangor, Malaysia",Klang,8202178172
102.6506049,2.2099599,Klinik Keluarga,clinic,,"No. 169, Jalan Raya, Bukit Gambir, Bukit Gambir, Muar, Kampung Simpang Lima, 84700 Bukit Gambir, Johor, Malaysia",Bukit Gambir,302537246
103.5741582,1.6553498,Poliklinik Indah & Surgeri,clinic,,"1753, Jalan Sri Putri 4, Taman Putri Kulai, 81000 Kulai, Johor Darul Ta'zim, Malaysia",Kulai,8252127294
102.5437271,2.2735272,Klinik Pergigian Hlite,clinic,,"Ground Floor, 1, Jalan Perniagaan Payamas, Pusat Perniagaan Payamas, 84900 Tangkak, Johor, Malaysia",Tangkak,8779178545
113.9910952,4.3979089,Klinik Permaisuri,clinic,,"Lot 1286 , Ground Floor, block 9 mcld, Jalan Parry, 98000 Miri, Sarawak, Malaysia",Miri,12415569928
115.5498433,5.0780399,Klinik Lawas Cawangan Sipitang,clinic,general,"98850 Sipitang, Sabah, Malaysia",Pekan Sipitang,7417554431
114.0080492,4.4726459,Omega Clinic,clinic,,"Lot 1417 Blk 1 MCLD, Off, Jalan Pasar Lutong, Lutong, 98000 Miri, Sarawak, Malaysia",Lutong,12085373427
101.6529432,3.103323,Renal Associates,dialysis,nephrology,"85, Jalan Gasing, Pjs 10, 46000 Petaling Jaya, Selangor, Malaysia",Petaling Jaya,12089836864
114.0011011,4.4043466,Watsons,pharmacy,,"Lot PCIM-FF19, First Floor, Permaisuri Imperial City Mall, Jalan Merpati, 98000 Miri, Sarawak, Malaysia",Miri,12088374076
100.3091991,6.0932753,Pusat Dialisis MyAngkasa,doctor,,"no32,33 jln sri dayung 4, tmn sri dayung, mukim, Teluk Kechai, 06600 Kuala Kedah, Kedah, Malaysia",Kuala Kedah,6192571141
101.5384052,3.0038607,Alpro Pharmacy,pharmacy,,"No. 61 Jalan Anggerik Vanilla N31/N Kota Kemuning, Seksyen 31, 40460 Shah Alam, Selangor, Malaysia",Shah Alam,8058483285
101.5367183,3.0064788,Fisio Care Physiotherapy & Rehabilitation Centre,clinic,,"20, Jalan Kristal K7/K, Seksyen 7, 40000 Shah Alam, Selangor, Malaysia",Shah Alam,7877125685
101.6928595,3.1663582,iCare Dental,dentist,,"Lot LG-14 Lower Ground Floor, 100, Jalan Putra, Chow Kit, 50350 Kuala Lumpur, Wilayah Persekutuan Kuala Lumpur, Malaysia",Kuala Lumpur,10654391030
101.694058,3.1708514,Klinik Sundram,clinic,,"141, Jln Sultan Azlan Shah, 51200 WILAYAH PERSEKUTUAN, Wilayah Persekutuan Kuala Lumpur, Malaysia",WILAYAH PERSEKUTUAN,10647811408
101.6953747,3.1698599,Klinik Koi Kai Yan,clinic,,"99, Jln Sultan Azlan Shah, Titiwangsa Sentral, 51200 Kuala Lumpur, Wilayah Persekutuan Kuala Lumpur, Malaysia",Kuala Lumpur,10277199952
101.5738741,3.1584973,UniKlinik,clinic,,"7- Ground Floor, Jalan Cecawi 6/19a, Kota Damansara, 47810 Petaling Jaya, Selangor, Malaysia",Petaling Jaya,8142499628
101.6972344,3.1699165,Klinik Shankar,clinic,,"72100 Bahau, Negeri Sembilan, Malaysia",Bahau,10804246060
103.6841479,1.5402781,Guardian,pharmacy,,"Ground Floor, No. 59, Jalan Impian Emas 3, Taman Impian Emas, 81300 Skudai, Johor Darul Ta'zim, Malaysia",Johor Bahru,1534187862
102.9525984,1.9128959,Poliklinik Al-Amin (BP),clinic,,"6-1, Jalan Timun Taman Anggerik, Tongkang Pechah, 83010 Parit Yaani, Johor, Malaysia",Parit Yaani,8646615624
101.6954618,3.1693224,Klinik Tan,clinic,,"441, Jln Sultan Azlan Shah, 3rd Mile Jalan Ipoh, 51200 Kuala Lumpur, Wilayah Persekutuan Kuala Lumpur, Malaysia",Kuala Lumpur,10048552860
101.6948913,3.1698068,Klinik Pakar Perubatan P&R,clinic,,"120, Jln Sultan Azlan Shah, Chow Kit, 50350 Kuala Lumpur, Wilayah Persekutuan Kuala Lumpur, Malaysia",Kuala Lumpur,10046466480
101.6835847,3.103105,Sunway Multicare Pharmacy,pharmacy,,"47, Jalan Desa Bakti, Taman Desa, 58100 Kuala Lumpur, Wilayah Persekutuan Kuala Lumpur, Malaysia",Kuala Lumpur,11152566620
101.7753694,2.9676167,Klinik Mediviron,clinic,,"NO 25GF, Jalan 8/1, Seksyen 8 Bandar Baru Bangi, 43650 Bandar Baru Bangi, Selangor, Malaysia",Bandar Baru Bangi,4756643894
101.7334359,3.1023596,Midah Dental Surgeon,dentist,,"Taman Midah, 6-A, Jalan Midah Besar, Cheras, 56100, Kuala Lumpur, WP Kuala Lumpur, Taman Midah, 56000 Kuala Lumpur, Federal Territory of Kuala Lumpur, Malaysia",Kuala Lumpur,6604323685
101.7726885,3.06088,Dr. Ahmad Poliklinik & Surgeri,clinic,,"A-G-9, Jalan Taman Seri Sentosa, Taman Sri Sentosa, 58000 Kuala Lumpur, Wilayah Persekutuan Kuala Lumpur, Malaysia",Kuala Lumpur,10564878533
101.6712053,3.1321816,Jia,clinic,,"12, Ground Floor, Jln Telawi 3, Bangsar, 59100 Kuala Lumpur, Wilayah Persekutuan Kuala Lumpur, Malaysia",Kuala Lumpur,8334016710
101.7600494,2.9920738,Watsons,pharmacy,,"Dataran Jade Hills, 40-1, Jln Dataran Jade 6, Jade Hills, 43000 Kajang, Selangor, Malaysia",Kajang,12570548016
101.6775959,3.0972861,The Kidney Dialysis Centre,clinic,,"No, 6,8,10 & 12 Jalan 2/109E, Desa Business Centre, Jln Klang Lama, Taman Desa, 58100 Kuala Lumpur, Wilayah Persekutuan Kuala Lumpur, Malaysia",Kuala Lumpur,4707064713
101.6773659,3.0963893,Klinik Pakar Kanak-kanak KB,doctor,,"KB Child Specialist Clinic, 35, Jalan Desa, Taman Desa, 58100 Kuala Lumpur, Wilayah Persekutuan Kuala Lumpur, Malaysia",Kuala Lumpur,4625323708
100.3821236,5.8722155,Klinik Desa Simpang Empat Sedaka,clinic,,"Jalan Sedaka, Sedaka, 06900 Yan, Kedah, Malaysia",Yan,2674652239
101.7138733,3.1444762,Klinik Yong,doctor,,"139, Jln Imbi, Imbi, 55100 Kuala Lumpur, Wilayah Persekutuan Kuala Lumpur, Malaysia",Kuala Lumpur,1543871803
101.5754185,3.176498,Klinik Pergigian Kota Damansara,dentist,,"Seksyen 8, 10-G, Jalan Pekaka 8/4, Kota Damansara, 47810 Petaling Jaya, Selangor, Malaysia",Petaling Jaya,11142841406
101.5755311,3.1765199,Klinik Kesihatan Kota Damansara,clinic,,"40-70, Jalan Pekaka 8/3, Kota Damansara, 47810 Petaling Jaya, Selangor, Malaysia",Petaling Jaya,11142841407
101.7330635,3.1029141,Big Pharmacy,pharmacy,,"No. 19 & 21, Plaza Danau 2, Jalan 2/109f, Taman Danau Desa, 58100 Kuala Lumpur, Federal Territory of Kuala Lumpur, Malaysia",Kuala Lumpur,10228137775
101.7149394,3.1629129,Kuala Lumpur International Dental Centre,dentist,,"2nd Floor, 33, Jalan Yap Kwan Seng, 50450 Kuala Lumpur, Wilayah Persekutuan Kuala Lumpur, Malaysia",Kuala Lumpur,6418749985
101.7508157,3.172304,klinik pergigian mohd shah,dentist,dentistry,"25a, Jalan AU 2a/17, Taman Sri Keramat, 54200 Ampang, Wilayah Persekutuan Kuala Lumpur, Malaysia",Taman Sri Keramat,6896467859
103.734471,1.5625685,i-SiHAT Dental Clinic,dentist,,"NO 4 , GROUND FLOOR, 1, Jalan Perjiranan 4, Bandar Dato Onn, 81100 Johor Bahru, Johor, Malaysia",Johor Bahru,9892831623
102.2874076,2.2364455,Precious Baby & Child Specialist,doctor,,"G2, Bangunan Kings Hotel, Jalan Tun Abdul Razak, Kampung Teluk Baharu, 75450 Ayer Keroh, Melaka, Malaysia",Ayer Keroh,6572412520
100.4886257,5.1259332,Kelinik Poh,clinic,,"37, Jln Taiping, 34200 Parit Buntar, Perak, Malaysia",Parit Buntar,12573434730
99.8497649,6.321693,Klinik Langkawi,clinic,,"Lot 55 & 56 Dayang Business Centre Bandar Baru Baron Kuah, Kuah, 07000 Langkawi, Kedah, Malaysia",Langkawi,4718263198
101.538348,3.0039557,White Dental,dentist,,"65, Jalan Anggerik Vanilla N31/N Kota Kemuning, Seksyen 31, 40460 Shah Alam, Selangor, Malaysia",Shah Alam,8058477386
110.5348532,1.2059238,Klinik Kesihatan Tarat,clinic,general,"Pegawai Kesihatan Bahagian, Bahagian Bintulu, Lebuh Raya Abang Galau Bintulu ( Tarat), Sungai Tarat, 97000 Serian, Sarawak, Malaysia",Serian,8170174121
101.5957945,3.3151175,Klinik Kesihatan Rawang,clinic,general,"Jalan Rawang Perdana, Taman Rawang Perdana, 48000 Rawang, Selangor, Malaysia",Rawang,8001239792
100.4571744,5.4888379,Klinik Anda Pokok Sena 24Jam,clinic,general,"21, Persiaran Pokok Sena, Pusat Perniagaan Pokok Sena, 13220 Kepala Batas, Pulau Pinang, Malaysia",Kepala Batas,9450197044
100.4571744,5.4888379,Klinik Anda Pokok Sena 24Jam,clinic,paediatrics,"21, Persiaran Pokok Sena, Pusat Perniagaan Pokok Sena, 13220 Kepala Batas, Pulau Pinang, Malaysia",Kepala Batas,9450197044
100.4571744,5.4888379,Klinik Anda Pokok Sena 24Jam,clinic,obstetrics,"21, Persiaran Pokok Sena, Pusat Perniagaan Pokok Sena, 13220 Kepala Batas, Pulau Pinang, Malaysia",Kepala Batas,9450197044
100.4571744,5.4888379,Klinik Anda Pokok Sena 24Jam,clinic,gynaecology,"21, Persiaran Pokok Sena, Pusat Perniagaan Pokok Sena, 13220 Kepala Batas, Pulau Pinang, Malaysia",Kepala Batas,9450197044
100.4571744,5.4888379,Klinik Anda Pokok Sena 24Jam,clinic,wound_care,"21, Persiaran Pokok Sena, Pusat Perniagaan Pokok Sena, 13220 Kepala Batas, Pulau Pinang, Malaysia",Kepala Batas,9450197044
103.7461551,1.5387888,Klinik Mutiara,clinic,general,"39, Jln Mutiara Indah 1, Taman Mutiara Indah, 81100 Johor Bahru, Johor Darul Ta'zim, Malaysia",Johor Bahru,9666875134
103.7461551,1.5387888,Klinik Mutiara,clinic,vaccination,"39, Jln Mutiara Indah 1, Taman Mutiara Indah, 81100 Johor Bahru, Johor Darul Ta'zim, Malaysia",Johor Bahru,9666875134
101.5344127,2.9784832,Klinik Siti Kota Kemuning,clinic,,"45 Jalan Tanjung Rhu 30/165 Pusat Perniagaan Impian, 45, Jln Tanjung Rhu 30/165, Seksyen 30, 40460 Shah Alam, Selangor, Malaysia",Shah Alam,8689923000
101.7037097,3.1457015,Neuropsy Clinic,clinic,,"No. G05, Chinese Maternity Hospital, 106, Jln Pudu, Wilayah Persekutuan, 55100 Kuala Lumpur, Wilayah Persekutuan Kuala Lumpur, Malaysia",Kuala Lumpur,5540040855
118.247151,4.6831868,Klinik Dnar,clinic,,"Bangunan Sedco, Pekan Kunak, 91207 Kunak, Sabah, Malaysia",KUNAK,11982688534
101.6973243,3.1604372,Klinik TAR,clinic,,"329, Jalan Tuanku Abdul Rahman, Chow Kit, 50100 Kuala Lumpur, Wilayah Persekutuan Kuala Lumpur, Malaysia",Kuala Lumpur,10023371380
101.6981104,3.1589758,BP Healthcare @ KL Medan Tunku,clinic,,"no 17 19&, 21, Lorong Medan Tuanku 2, Medan Tuanku, 50300 Kuala Lumpur, Federal Territory of Kuala Lumpur, Malaysia",Kuala Lumpur,8599426820
101.3719878,3.1383355,Guardian,pharmacy,,"NO. 200, GROUND FLOOR, JALAN BESAR/KU 13, Pekan Kapar, 42200 Kapar, Selangor, Malaysia",Kapar,12714330560
101.7083923,3.1399453,Klinik Mediviron,clinic,,"228, Jalan Mahkota, Maluri, 55100 Kuala Lumpur, Wilayah Persekutuan Kuala Lumpur, Malaysia",Kuala Lumpur,9495833733
101.7093321,3.1453924,Lee & Tan Dental Surgery,dentist,,"56a, Jln Bukit Bintang, Bukit Bintang, 55100 Kuala Lumpur, Wilayah Persekutuan Kuala Lumpur, Malaysia",Kuala Lumpur,7242308387
110.5654435,1.1683947,Klinik Lee,clinic,,"52 Serian Bazar, Serian, Serian, Bandar Serian, 94700 Serian, Sarawak, Malaysia",Serian,11365499897
101.7500498,3.2088503,Klinik Jaya,clinic,,"205, Jalan Negara 2, Taman Melawati, 53100 Kuala Lumpur, Selangor, Malaysia",Kuala Lumpur,7895986797
101.7116564,3.1955652,Klinik Mediviron,clinic,general,"Klinik Mediviron KLTS 8G Plaza KLTS 99 Jalan Gombak 53000 setapak Kuala Lumpur gombak, Setapak, 53000 Kuala Lumpur, Wilayah Persekutuan Kuala Lumpur, Malaysia",Kuala Lumpur,8938244628
101.7118729,3.1980579,AA Pharmacy Danau Kota Prima Setapak,pharmacy,,"7, Jalan Prima Setapak 5, Taman Setapak, 53300 Kuala Lumpur, Wilayah Persekutuan Kuala Lumpur, Malaysia",Kuala Lumpur,8938240778
101.7125081,3.1978144,CARiNG Pharmacy Prima Setapak,pharmacy,,"19, Jalan Prima Setapak 3, Taman Setapak, 53000 Kuala Lumpur, Wilayah Persekutuan, Malaysia",Kuala Lumpur,8938240762
101.7123305,3.1977192,Health Lane Family Pharmacy Prima Setapak,pharmacy,,"13, Jalan Prima Setapak 3, Taman Prima Setapak, Off, Jalan Genting Kelang, Taman Setapak, 53300 Kuala Lumpur, Federal Territory of Kuala Lumpur, Malaysia",Kuala Lumpur,8938240761
101.6724868,3.1975625,Poliklinik Sri Kuching,clinic,general,"21 (Ground Floor, Blok E, Jalan Selingsing 4, Taman Sri Kuching, 51200 Kuala Lumpur, Wilayah Persekutuan Kuala Lumpur, Malaysia",Kuala Lumpur,7301462904
101.6813775,3.1826791,Tan Endodontic Dental Clinic,dentist,general,"Third Floor, No. 518A, Wisma Tan Kim San, Batu Tiga, Jalan Ipoh, 51200 Kuala Lumpur, Wilayah Persekutuan Kuala Lumpur, Malaysia",Kuala Lumpur,7245215185
101.6702215,3.1990648,The Dental Atelier,dentist,general,"A-G-8 Boulevard Business Park Jalan Kepayang off Jalan Kuching, Jln Kuching, Taman Kok Lian, 51200 Kuala Lumpur, Federal Territory of Kuala Lumpur, Malaysia",Kuala Lumpur,7215468718
101.6949243,3.1702335,Klinik Reddy,clinic,general,"121, Jalan Sultan Azlan Shah (Jalan Ipoh, Pekeliling, 50400 Kuala Lumpur, Wilayah Persekutuan Kuala Lumpur, Malaysia",Kuala Lumpur,4736542429
101.6997767,3.1709667,Fakulti Pergigian UKM,dentist,general,"Universiti Kebangsaan Malaysia, Jalan Raja Muda Abdul Aziz, 50300 Kuala Lumpur, Federal Territory of Kuala Lumpur, Malaysia",Kuala Lumpur,2355670006
101.6997767,3.1709667,Fakulti Pergigian UKM,dentist,orthodontics,"Universiti Kebangsaan Malaysia, Jalan Raja Muda Abdul Aziz, 50300 Kuala Lumpur, Federal Territory of Kuala Lumpur, Malaysia",Kuala Lumpur,2355670006
101.6881816,3.0913525,Lai Medic Clinic,clinic,,"First Floor, 15, Jalan Kuchai Maju 2, Kuchai Entrepreneurs Park, Kuchai Lama, 58200 Kuala Lumpur, Federal Territory of Kuala Lumpur, Malaysia",Kuala Lumpur,7314400587
101.6729258,3.086004,Klinik Pakar Wanita Chong,clinic,,"55, 2nd Floor, Bangunan Eng Choon, Jalan Ampang Ampang, Kuala Lumpur, 50450 Kuala Lumpur, Wilayah Persekutuan Kuala Lumpur, Malaysia",Kuala Lumpur,4706262039
101.6702251,3.0818616,Poliklinik Chen,doctor,,"16, Jalan Awan Hijau, Taman Overseas Union, 58200 Kuala Lumpur, Wilayah Persekutuan Kuala Lumpur, Malaysia",Kuala Lumpur,4706836289
101.7416826,3.0994151,Farmasi AK,pharmacy,,"6, Jalan Kaskas 3, Taman Cheras, 56100 Kuala Lumpur, Wilayah Persekutuan Kuala Lumpur, Malaysia",Kuala Lumpur,11893032104
101.6833487,3.180286,Klinik Tan,clinic,general,"441, Jln Sultan Azlan Shah, 3rd Mile Jalan Ipoh, 51200 Kuala Lumpur, Wilayah Persekutuan Kuala Lumpur, Malaysia",Kuala Lumpur,9450285248
101.6826107,3.1811576,Lifeline Pharmacy Jalan Ipoh,pharmacy,,"479, Jln Sultan Azlan Shah, Taman Million, 51200 Kuala Lumpur, Wilayah Persekutuan Kuala Lumpur, Malaysia",Kuala Lumpur,9448888938
101.6466284,3.2100688,Health Lane Family Pharmacy Kepong Baru,pharmacy,,"24, Jalan Ambong Kiri 1, Kepong Baru, 52100 Kuala Lumpur, Wilayah Persekutuan Kuala Lumpur, Malaysia",Kuala Lumpur,9449966978
101.6826355,3.1810516,CARiNG Pharmacy Jalan Ipoh,pharmacy,,"479, Batu 3, Jln Sultan Azlan Shah, Taman Million, 51200 Kuala Lumpur, Wilayah Persekutuan Kuala Lumpur, Malaysia",Kuala Lumpur,9448871778
101.6807774,3.1890597,Guardian,pharmacy,,"Unit 1-09, Block, A, Viva, 378, Jln Sultan Azlan Shah, Jalan Ipoh, 51200 Kuala Lumpur, Federal Territory of Kuala Lumpur, Malaysia",Kuala Lumpur,9447151536
101.6706091,3.1963967,MyCity Dental Clinic,dentist,general,"150, Jalan Selingsing 5, Off, Jln Kuching, Taman City, 51200 Kuala Lumpur, Federal Territory of Kuala Lumpur, Malaysia",Kuala Lumpur,9409104917
101.6701508,3.198776,Klinik Pergigian Everglow,dentist,general,"A-G-2, Boulevard Business Park, Jalan Kepayang, Off, Jln Kuching, Taman Kok Lian, 51200 Kuala Lumpur, Federal Territory of Kuala Lumpur, Malaysia",Kuala Lumpur,9409088429
101.6701922,3.1989454,Klinik Mediviron,clinic,general,"A-G-5 & A-G-3A, Pusat Komersial Jalan Kuching Jalan Kepayang, Off, Jln Kuching, Taman Kok Lian, 51200 Wilayah Persekutuan, Wilayah Persekutuan Kuala Lumpur, Malaysia",Kuala Lumpur,9409068761
101.6728589,3.2025094,Chong's Dental Services,dentist,general,"No. 24, Batu 5, Jln Ipoh, Taman Kok Lian, 51200 Kuala Lumpur, WP Kuala Lumpur, Malaysia",Kuala Lumpur,9406607229
101.6728589,3.2025094,Chong's Dental Services,dentist,orthodontics,"No. 24, Batu 5, Jln Ipoh, Taman Kok Lian, 51200 Kuala Lumpur, WP Kuala Lumpur, Malaysia",Kuala Lumpur,9406607229
101.6740479,3.2030221,Ram Dental Clinic,dentist,general,"869 - A, Jln Sultan Azlan Shah, Kampung Batu, 51200 Kuala Lumpur, Wilayah Persekutuan Kuala Lumpur, Malaysia",Kuala Lumpur,9406588924
101.6740479,3.2030221,Ram Dental Clinic,dentist,orthodontics,"869 - A, Jln Sultan Azlan Shah, Kampung Batu, 51200 Kuala Lumpur, Wilayah Persekutuan Kuala Lumpur, Malaysia",Kuala Lumpur,9406588924
101.6750469,3.2030555,Klinik Leela Ratos Dan Rakan Rakan (Batu),clinic,general,"5, Jalan Kampung Batu, Kampung Batu, 51200 Kuala Lumpur, Wilayah Persekutuan Kuala Lumpur, Malaysia",Kuala Lumpur,9406573606
101.6791964,3.196596,Klinik Pergigian Novadent,dentist,dentistry,"1-3-5,KOMPLEKS KANTONMEN PRIMA ( CANTONMENT EXCHANGE) Blok 1,no. 698, Batu 4 Jalan Ipoh, 51200 Kuala Lumpur, Federal Territory of Kuala Lumpur, Malaysia",Kuala Lumpur,9404743267
101.6791964,3.196596,Klinik Pergigian Novadent,dentist,orthodontics,"1-3-5,KOMPLEKS KANTONMEN PRIMA ( CANTONMENT EXCHANGE) Blok 1,no. 698, Batu 4 Jalan Ipoh, 51200 Kuala Lumpur, Federal Territory of Kuala Lumpur, Malaysia",Kuala Lumpur,9404743267
101.6799081,3.1947036,Klinik Mediviron,clinic,,"A-G-5 & A-G-3A, Pusat Komersial Jalan Kuching Jalan Kepayang, Off, Jln Kuching, Taman Kok Lian, 51200 Wilayah Persekutuan, Wilayah Persekutuan Kuala Lumpur, Malaysia",Kuala Lumpur,9404737817
101.6783074,3.1983836,i Klinik Dr Sou Dan Dr Deva,clinic,general,"736, Jln Ipoh, Batu 41/2, 51200 Kuala Lumpur, Wilayah Persekutuan Kuala Lumpur, Malaysia",Kuala Lumpur,9404737090
101.6798832,3.1952467,Alam Medic Clinic,clinic,general,"24, Jalan 14/48a, Sentul Raya Boulevard, 51000 Kuala Lumpur, Wilayah Persekutuan Kuala Lumpur, Malaysia",Kuala Lumpur,9404709154
101.6707546,3.0522385,Peh & Co Dental Clinic,dentist,,"42A, Jalan Puteri 1/2, Bandar Puteri, 47100 Puchong, Selangor, Malaysia",Bukit Jalil,8955552247
101.6929208,3.1856234,Caring Pharmacy Sentul Raya Boulevard,pharmacy,,"No. 19, Ground Floor, Jalan 11/48a, Sentul Raya Boulevard, 51000 Kuala Lumpur, Wilayah Persekutuan, Malaysia",Kuala Lumpur,8947625186
101.6905148,3.1971475,Health Lane Family Pharmacy Sentul Pasar,pharmacy,,"2046, Jalan Sentul Pasar Dalam, Sentul, 51100 Kuala Lumpur, Wilayah Persekutuan Kuala Lumpur, Malaysia",Kuala Lumpur,8946601755
101.7119139,3.1959025,Klinik Vicky,clinic,general,"18G, Jalan 3 /50c, Taman Setapak Indah Jaya, 53000 Kuala Lumpur, Wilayah Persekutuan Kuala Lumpur, Malaysia",Kuala Lumpur,9457473303
101.7118827,3.1959209,Klinik Pergigian Choo,dentist,general,"272 Ground Floor, Wisma Mutiara Genting, Jalan Air Jernih, off Jalan Genting Kelang, Jalan Air Jernih, Taman Ayer Panas, 53200 Kuala Lumpur, Wilayah Persekutuan Kuala Lumpur, Malaysia",Kuala Lumpur,9457473142
101.7118827,3.1959209,Klinik Pergigian Choo,dentist,orthodontics,"272 Ground Floor, Wisma Mutiara Genting, Jalan Air Jernih, off Jalan Genting Kelang, Jalan Air Jernih, Taman Ayer Panas, 53200 Kuala Lumpur, Wilayah Persekutuan Kuala Lumpur, Malaysia",Kuala Lumpur,9457473142
101.7131273,3.1965408,Jaron TCM,clinic,traditional_chinese_medicine,"No.126-0-04, Sri Pelangi condo(shop, Jalan Genting Kelang, Taman Setapak, 53300 Kuala Lumpur, Federal Territory of Kuala Lumpur, Malaysia",Kuala Lumpur,9457462723
101.7132351,3.1966512,Klinik Pakar Kanak-Kanak Pelangi,clinic,general,"126-0-10, Sri Pelangi, Jalan Genting Kelang, Setapak, 53300 Kuala Lumpur, Wilayah Persekutuan Kuala Lumpur, Malaysia",Kuala Lumpur,9457442528
101.6745147,3.196382,Kedai Ubat dan Runcit You Huat,pharmacy,,"Ground Floor, Kondominium, Sri Intan 1, Taman Segambut Indah, 51200 Kuala Lumpur, Federal Territory of Kuala Lumpur, Malaysia",Kuala Lumpur,9455165480
101.6984358,3.170954,Standard Pharmarcy Sdn Bhd,pharmacy,,"18, Jalan Pahang, Titiwangsa Sentral, 53000 Kuala Lumpur, Wilayah Persekutuan Kuala Lumpur, Malaysia",Kuala Lumpur,9450535830
101.6987303,3.1722115,Ling Chemist Sdn Bhd,pharmacy,,"24, Jalan Pahang, Titiwangsa Sentral, 53000 Kuala Lumpur, Wilayah Persekutuan Kuala Lumpur, Malaysia",Kuala Lumpur,9450521797
101.6845212,3.1760439,Klinik Suria,clinic,general,"Putra Majestik Jalan Kasipillay 2 1/2 Mile Jalan Ipoh, Sentul, 51200 Kuala Lumpur, Wilayah Persekutuan Kuala Lumpur, Malaysia",Kuala Lumpur,9450486777
101.6856122,3.1770061,Klinik Pergigian Carewell,dentist,general,"No, 2-0-12 Menara KLH Off Jalan Ipoh Kuala Lumpur MY, Sentul, 51200 Kuala Lumpur, Wilayah Persekutuan Kuala Lumpur, Malaysia",Kuala Lumpur,9450444695
101.6856122,3.1770061,Klinik Pergigian Carewell,dentist,orthodontics,"No, 2-0-12 Menara KLH Off Jalan Ipoh Kuala Lumpur MY, Sentul, 51200 Kuala Lumpur, Wilayah Persekutuan Kuala Lumpur, Malaysia",Kuala Lumpur,9450444695
101.6994614,3.1772884,Farmasi Jaya 22,pharmacy,,"23, Jalan Sarikei, Off, Jalan Pahang, Pekeliling, 53000 Kuala Lumpur, Wilayah Persekutuan Kuala Lumpur, Malaysia",Kuala Lumpur,9450443805
101.6870348,3.1770893,Klinik Sentul,clinic,general,"24, Jalan 14/48a, Sentul Raya Boulevard, 51000 Kuala Lumpur, Wilayah Persekutuan Kuala Lumpur, Malaysia",Kuala Lumpur,9450356335
101.6815736,3.180945,Yip Dental Surgery,dentist,general,"A1-02-07, 1, Jln Dutamas 1, Solaris Dutamas, 50480 Kuala Lumpur, Wilayah Persekutuan Kuala Lumpur, Malaysia",Kuala Lumpur,9450311191
101.6815736,3.180945,Yip Dental Surgery,dentist,orthodontics,"A1-02-07, 1, Jln Dutamas 1, Solaris Dutamas, 50480 Kuala Lumpur, Wilayah Persekutuan Kuala Lumpur, Malaysia",Kuala Lumpur,9450311191
101.6691321,3.2094691,UrbanCare Pharmacy,pharmacy,,"G-05, Lakeville, No, 68, Jalan Sibu, Taman Wahyu, 68100 Batu Caves, Selangor, Malaysia",Kuala Lumpur,9450216484
101.6808142,3.1834604,Mydentist Malaysia,dentist,general,"526-528, Jln Ipoh, Taman Million, 51200 Kuala Lumpur, Wilayah Persekutuan Kuala Lumpur, Malaysia",Kuala Lumpur,9450174906
101.6808142,3.1834604,Mydentist Malaysia,dentist,orthodontics,"526-528, Jln Ipoh, Taman Million, 51200 Kuala Lumpur, Wilayah Persekutuan Kuala Lumpur, Malaysia",Kuala Lumpur,9450174906
101.643922,3.2144941,Health Lane Family Pharmacy Aeon Big Kepong,pharmacy,,"24, Jalan Ambong Kiri 1, Kepong Baru, 52100 Kuala Lumpur, Wilayah Persekutuan Kuala Lumpur, Malaysia",Kuala Lumpur,9449993234
101.6579166,3.2105765,Health Lane Family Pharmacy Jinjang,pharmacy,,"3419, Jalan Theatre, Jinjang Utara, 52000 Kuala Lumpur, Wilayah Persekutuan Kuala Lumpur, Malaysia",Kuala Lumpur,9449977321
101.4706579,3.2055718,RMS & ASSOCIATES CONSULT,clinic,,"A-G-6, Jln SP 11/1, Seri Pristana, 47000 Shah Alam, Selangor, Malaysia",Shah Alam,11114237625
100.4172903,5.3692734,Watsons,pharmacy,,"B2-G-25 & B2-G-26, Ground Floor, Elevate 1, Lrg Pauh Jaya 1/3, Taman Pauh Jaya, 13500 Permatang Pauh, Pulau Pinang, Malaysia",Permatang Pauh,11101763226
100.3040244,5.3826212,Klinik Pergigian Tiew,dentist,dentistry,"2-J, Lorong Delima 6, Taman Island Glades, 11700 George Town, Pulau Pinang, Malaysia",George Town,9139453391
101.6315003,3.1320344,KaVo Kerr Group Malaysia Sdn Bhd,dentist,,"Unit 13-01, Oval Tower @ Damansara No, 685, Jln Damansara, Taman Tun Dr Ismail, 60000 Kuala Lumpur, Wilayah Persekutuan Kuala Lumpur, Malaysia",Kuala Lumpur,4322768493
100.4828188,5.1269727,Klinik Dr Ana,clinic,,"1, Jalan Asuhan, Pusat Perniagaan Setia Jaya, 34200 Parit Buntar, Perak, Malaysia",Parit Buntar,12568205908
101.7927471,3.0402976,Health Lane Family Pharmacy Sungai Long,pharmacy,,"31, Jalan SL 1/4, Bandar Sungai Long, 43000 Kajang, Selangor, Malaysia",Bandar Sungai Long,9504255184
101.7927,3.0393417,CareLove Pharmacy Sg Long,pharmacy,,"No.52A, Jalan SL 1/3, Bandar Sungai Long, 43000 Kajang, Selangor, Malaysia",Bandar Sungai Long,9504220537
101.7935969,3.0407084,Watsons,pharmacy,,"No. 5, Ground Floor, Jalan SL 1/3 11 1/4 Miles, Jalan Cheras, Bandar Sungai Long, 43000 Kajang, Selangor, Malaysia",Bandar Sungai Long,9504212153
101.793486,3.0404427,Guardian,pharmacy,,"13, Jalan SL 1/3, Bandar Sungai Long, 43000 Kajang, Selangor, Malaysia",Bandar Sungai Long,9504167296
101.7932274,3.0398504,Multicare Pharmacy Sungai Long,pharmacy,,"31, Jalan SL 1/3, Bandar Sungai Long, 43200 Kajang, Selangor, Malaysia",Bandar Sungai Long,9504160210
101.6782593,3.1984728,Traditional Herb Yao Bao Sdn Bhd,pharmacy,,"738, Jln Sultan Azlan Shah, Taman Kok Lian, 51200 Kuala Lumpur, Wilayah Persekutuan Kuala Lumpur, Malaysia",Kuala Lumpur,9465197793
101.7087376,3.1917432,Poliklinik & Surgeri Dr Roshen,clinic,general,"67, Jalan Genting Kelang, Setapak, 53300 Kuala Lumpur, Wilayah Persekutuan Kuala Lumpur, Malaysia",Kuala Lumpur,9457520909
101.7116077,3.1942532,Klinik Dan Surgeri Setapak,clinic,general,"16, Jalan 46/26, Taman Sri Rampai, 53300 Kuala Lumpur, Wilayah Persekutuan Kuala Lumpur, Malaysia",Kuala Lumpur,9457516405
101.7116077,3.1942532,Klinik Dan Surgeri Setapak,clinic,radiology,"16, Jalan 46/26, Taman Sri Rampai, 53300 Kuala Lumpur, Wilayah Persekutuan Kuala Lumpur, Malaysia",Kuala Lumpur,9457516405
101.7118641,3.1944979,Constant Pharmacy,pharmacy,,"A3-G2-07, Solaris Dutamas, 1, Jln Dutamas 1, Dutamas, 50480 Wilayah Persekutuan, Wilayah Persekutuan Kuala Lumpur, Malaysia",Kuala Lumpur,9457507564
101.7125411,3.1951305,Klinik Pergigian Genting,dentist,general,"217A, Jalan Genting Kelang, Setapak, 53300 Kuala Lumpur, Wilayah Persekutuan Kuala Lumpur, Malaysia",Kuala Lumpur,9457501044
101.7125411,3.1951305,Klinik Pergigian Genting,dentist,orthodontics,"217A, Jalan Genting Kelang, Setapak, 53300 Kuala Lumpur, Wilayah Persekutuan Kuala Lumpur, Malaysia",Kuala Lumpur,9457501044
101.7115675,3.1942174,Klinik Pergigian Sri Setapak,dentist,general,"177A, Jalan Genting Klang, Taman Air Panas, 53300, Kuala Lumpur, Wilayah, Persekutuan, Taman Ayer Panas, 53300 Kuala Lumpur, Federal Territory of Kuala Lumpur, Malaysia",Kuala Lumpur,9457499159
101.7115675,3.1942174,Klinik Pergigian Sri Setapak,dentist,orthodontics,"177A, Jalan Genting Klang, Taman Air Panas, 53300, Kuala Lumpur, Wilayah, Persekutuan, Taman Ayer Panas, 53300 Kuala Lumpur, Federal Territory of Kuala Lumpur, Malaysia",Kuala Lumpur,9457499159
102.1682782,6.1928556,Farmasi Ehsan,pharmacy,,"No.20, Tingkat Bawah, Bandar Baru, 16200 Tumpat, Kelantan, Malaysia",Tumpat,10839800810
102.1683306,6.1917659,Farmasi Alpro,pharmacy,,"No. 5, Tingkat Bawah, Jln Setia Utama, Bandar Bentara, 16299 Tumpat, Kelantan, Malaysia",Tumpat,8972522595
102.1693835,6.1905721,Klinik Perdana Tumpat,clinic,,"pt 3597, viana business park, Jalan Dato Keramat, bandar tumpat, 16200 Tumpat, Kelantan, Malaysia",Tumpat,12338921870
101.6544708,3.1723875,Global Dental Clinic - Mont Kiara Bayu Walk,dentist,,"P03-05, Bayu Walk, Mont Kiara Bayu, Jalan Kiara 2, Mont Kiara, 50480 Kuala Lumpur, Wilayah Persekutuan Kuala Lumpur, Malaysia",Kuala Lumpur,11264818508
101.6736134,3.1299634,Samkkya,alternative,,"36, Lrg Maarof, Bangsar, 59000 Kuala Lumpur, Wilayah Persekutuan Kuala Lumpur, Malaysia",Kuala Lumpur,12565499076
101.6928733,2.8263265,Rozaimi Optometrist,optometrist,,"25, Jln Kota Warisan, Warisan Puteri, 43900 Sepang, Selangor, Malaysia",Sepang,11951322417
101.6224124,3.0246153,D'Tox,alternative,,"Lot 834, Persiaran Subang, Taman Perindustrian Subang, 47600 Subang Jaya, Selangor, Malaysia",Subang Jaya,8553160147
101.762811,3.1205242,Klinik Gigi Dr Zarin,dentist,,"45-1, Jalan Bunga Tanjung 9c, Taman Putra, 68000 Ampang, Selangor, Malaysia",Ampang,7660555477
101.6301336,3.1943721,Meta Dental,dentist,,"Jalan Menjalara Idaman, Bandar Menjalara, 52200 Kuala Lumpur, Wilayah Persekutuan Kuala Lumpur, Malaysia",Kuala Lumpur,11084059044
101.6301203,3.1946334,Primere Medical Clinic,clinic,general,"Lot G-11, Plaza Menjalara, Jalan Menjalara Idaman, Bandar Menjalara, 52200 Kuala Lumpur, Wilayah Persekutuan Kuala Lumpur, Malaysia",Kuala Lumpur,11084059039
102.2888242,2.273514,Melaka State Health Department,clinic,,"Aras 3, 4 dan 5, Wisma Persekutuan, Jalan Business City, Bandar MITC, 75450 Ayer Keroh, Melaka, Malaysia",Ayer Keroh Malacca,8582872776
116.0771872,5.9836018,Guardian,pharmacy,,"LOT B-66, B-67, B-69 & PART OF B-68(ii),LOWER GROUND FLOOR, SURIA SABAH Suria Sabah Shopping Mall, Pusat Bandar Kota Kinabalu, 88000 Kota Kinabalu, Sabah, Malaysia",Kota Kinabalu,4313250250
102.5863174,2.0484804,Klinik Ming,clinic,,"19, Jln Pesta 1/1, Taman Tun Dr Ismail, 84000 Muar, Johor Darul Ta'zim, Malaysia",Muar,11964592870
101.6488173,3.1186295,The Nesting Place KL,midwife,,"The Nesting Place Confinement Centre Block C, Level 7 MAHSA Avenue, Jalan Ilmu, Off, Jln Profesor Diraja Ungku Aziz, 59100 Kuala Lumpur, Wilayah Persekutuan Kuala Lumpur, Malaysia",Kuala Lumpur,11103923220
102.2516449,2.1943822,Poliklinik Bandar Sdn Bhd,clinic,,"No 33, 35, Jalan Banda Kaba, Banda Hilir, 75000 Melaka, Malaysia",Melaka,5082710021
101.0903917,4.5484216,Ezy Pills Pharmacy,pharmacy,,"1, Lebuh Lapangan Perdana 1, Taman Lapangan Perdana, 31650 Ipoh, Perak, Malaysia",Ipoh,10951650619
101.7074131,2.8286219,Sunsuria Medical Clinic,clinic,,"S-G-03, Ground Floor, Bell Avenue, Jalan Sunsuria 1, Bandar Sunsuria, 43900 Sepang, Selangor, Malaysia",Sepang,12000494877
102.7633023,1.896156,Farmasi Murni,pharmacy,,"11, Jalan, Pekan Baru Parit Yusof, 83610 Muar, Johor Darul Ta'zim, Malaysia",Muar,12001728508
101.527386,3.18548,Klinik Syifa',clinic,,"No. 17-1 & 17-2, Jalan Eserina AB U16/AB, Elmina, East, Seksyen U16, 40160 Shah Alam, Selangor, Malaysia",Shah Alam,12001783170
101.7508057,3.2071588,Klinik Pusrawi,clinic,,"2763, Jalan Changkat Permata, Taman Permata, 53300 Kuala Lumpur, Selangor, Malaysia",Kuala Lumpur,11993637338
101.5178963,3.0448848,Klinik Mediviron,clinic,,"Section, 17, Jalan Pinang B 18/B, Section 18, 40200 Shah Alam, Selangor, Malaysia",Shah Alam,12001753295
101.5179559,3.044655,Klinik Utama,clinic,,"23G, Jalan Pinang B 18/B, Seksyen 18, 40200 Shah Alam, Selangor, Malaysia",Shah Alam,12001753289
101.5126984,3.160719,Klinik Bungaraya,clinic,,"21, Jalan PJS 6/2B, Kampung Lindungan, 46000 Petaling Jaya, Selangor, Malaysia",Petaling Jaya,12001760458
101.5252853,3.1868129,Klinik Pergigian Luq,dentist,,"Ground Floor 13, Jalan Eserina Y U16/Y Elmina, East, 40160 Shah Alam, Selangor, Malaysia",Shah Alam,12001689868
101.5273899,3.1850953,Klinik Alam Medic,clinic,,"NO 7 (GROUND), JALAN ESERINA, AB U16/AB, ELMINA EAST, SEKSYEN U16, 40160 Shah Alam, Selangor, Malaysia",Shah Alam,12001775790
101.5179809,3.0445939,Poliklinik Rakyat,clinic,,"No 25, Jalan Pinang B 18/B, Seksyen 18, 40200 Shah Alam, Selangor, Malaysia",Shah Alam,12001979978
99.7229377,6.3024632,Chenang Clinic Medical & Clinic,clinic,,"Jalan Pantai Cenang Pulau Langkawi, Pantai Cenang, 07000 Pulau Langkawi, Kedah, Malaysia",Pulau Langkawi,4574392290
101.8117864,2.5257979,Isun Dialysis Centre,dialysis,nephrology,"Lot 532 / 30, Batu 1 1/2, Jalan Pantai, Taman Mewah, 71000 Port Dickson, Negeri Sembilan, Malaysia",Port Dickson,4860107909
99.7278498,6.2902653,Pharmacy Cenang,pharmacy,,"Langgura Baron, 16, Jalan Pantai Chenang, Kampung Lubok Buaya, 07000 Langkawi, Kedah, Malaysia",Langkawi,4637046789
99.731447,6.2812537,Klinik Mahsuri,clinic,,"No 7, Kampung, Batu 1, Jalan Padang Matsirat, Kelibang, 07000 Langkawi, Kedah, Malaysia",Langkawi,5905993914
101.6956409,2.822168,Pharmacy Midas,pharmacy,,"S-01-16, Kip Core Sentral, Persiaran Warisan, Kota Warisan, 43900 Sepang, Selangor, Malaysia",Sepang,10938670494
103.7639814,1.4611996,Watsons,pharmacy,,"Lot M2-06 - M2-11, Level, 2, Jalan Wong Ah Fook, City Square, 80000 Johor Bahru, Johor Darul Ta'zim, Malaysia",Johor Bahru,11356114274
103.7567367,1.5725099,Guardian,pharmacy,,"No.C-01-07, Pusat Perdagangan Ekoflora, Jalan Ekoflora 7/5, Taman Ekoflora, 81100 Johor Bahru, Johor Darul Ta'zim, Malaysia",Johor Bahru,11358125642
103.7571918,1.5725901,Klinik Mediviron Setia Indah,clinic,,"9, Jalan Setia 3/2A, Taman Setia Indah, 81100 Johor Bahru, Johor Darul Ta'zim, Malaysia",Johor Bahru,11358125641
101.7405338,3.1008789,Klinik Medipulse,clinic,,"NO. 28G, GROUND FLOOR, BLOK A, CHERAS BUSINESS CENTRE JALAN 5/101C, BT5, Jln Cheras, Cheras Business Centre, 56100 Cheras, Wilayah Persekutuan Kuala Lumpur, Malaysia",Cheras,11078832659
100.2984988,5.349996,Klinik Team Medic,clinic,,"19, Jalan Helang, Desa Permai Indah, 11700 Gelugor, Pulau Pinang, Malaysia",Gelugor,12559076693
100.2982696,5.3501403,Lighthouse Pharmacy,pharmacy,,"7, Lintang Merak, Sungai Dua, 11700 Gelugor, Pulau Pinang, Malaysia",Gelugor,12559076689
101.700756,3.1678333,Klinik Murni,clinic,,"39, Jalan Dang Wangi, Dang Wangi, 50100 Kuala Lumpur, Wilayah Persekutuan Kuala Lumpur, Malaysia",Kuala Lumpur,10973657092
101.6507021,3.0788988,Poliklinik Damai Dan Surgeri,clinic,,"No. 23, Jalan BK 5a/3a, Bandar Kinrara, 47180 Puchong, Selangor, Malaysia",Petaling Jaya,4712134167
101.6482285,3.2309982,Klinik Raj,clinic,,"15, Jalan Cecawi 6/19a, Kota Damansara, 47810 Petaling Jaya, Selangor, Malaysia",Petaling Jaya,7317774144
101.6212109,3.0456968,Klinik Pakar Psikiatri Ting,doctor,psychiatry,"B-2-7, Block B, Second Floor, Puchong-ioi Boulevard, Jalan Kenari 5, Bandar Puchong Jaya, 47100 Puchong, Selangor, Malaysia",Puchong,12563820950
101.6211827,3.0453654,Farmasi W,pharmacy,,"13G, Jalan Kenari 4, Bandar Puchong Jaya, 47100 Puchong, Selangor, Malaysia",Puchong,12563919157
101.6211372,3.0452793,Klinik Pergigian Malaysia Smile,dentist,dentistry,"5-G, Jalan Merbah 3, Bandar Puchong Jaya, 47170 Puchong, Selangor, Malaysia",Bandar Puchong Jaya,12563851091
101.6208223,3.0455581,Farmasi BIG,pharmacy,,"1, Jalan Kenari 4, Bandar Puchong Jaya, 47100 Puchong, Selangor, Malaysia",Puchong,12563851089
101.8623512,2.9149304,Klinik Desa Rinching Tengah,clinic,general,"Jalan Rinching Tengah, Kampung Rinching, 43700 Beranang, Selangor, Malaysia",Beranang,5423745206
101.8623512,2.9149304,Klinik Desa Rinching Tengah,clinic,gynaecology,"Jalan Rinching Tengah, Kampung Rinching, 43700 Beranang, Selangor, Malaysia",Beranang,5423745206
101.6982065,3.1462132,Klinik Inter-Med,clinic,,"43, Jalan Bangsar, Bangsar, 59000 Kuala Lumpur, Wilayah Persekutuan Kuala Lumpur, Malaysia",Kuala Lumpur,12564699762
101.1185402,4.6116634,Klinik Pergigian Shades Dental,clinic,dentistry,"G-OR-1, Ground Floor, Zone B, De Garden, 3, Persiaran Medan Ipoh, Bandar Baru Medan Ipoh, 31400 Ipoh, Perak, Malaysia",Ipoh,11977556219
110.2511101,1.5543625,Malihah Medical Clinic,clinic,,"34, Jalan Belatok, Taman Malihah, 93050 Kuching, Sarawak, Malaysia",Kuching,11977559560
112.9399348,2.0166817,Pokiong Pharmacy,pharmacy,,"Jln Kapitan Chua Leong Kee, 96800 Kapit, Sarawak, Malaysia",Kapit,11977560065
101.1289719,5.4297614,Klinik Venka,clinic,,"69, Jalan Tun Saban, Pekan Gerik, 33300 Gerik, Perak, Malaysia",Gerik,11977274898
101.6515212,3.238718,BIG Pharmacy,pharmacy,,"No. 68 & 68-1, Ground & First Floor, Jalan Ambong Kiri 1, Kepong Baru, 52100 Kuala Lumpur, Wilayah Persekutuan Kuala Lumpur, Malaysia",Kuala Lumpur,11349280724
103.1217165,5.3150354,Farmasi Chabang Tiga,pharmacy,,"5 (PT785)Tingkat Bawah & Satu Pusat Komersial, Jalan Masjid Hiliran, Kampung Hiliran, 21000 Kuala Terengganu, Terengganu, Malaysia",Terengganu,5848412738
100.4860997,5.117868,MegaKulim,pharmacy,,"49 & 51, Persiaran Shahbandar, Pusat Bandar Baru, 34200 Parit Buntar, Perak, Malaysia",Parit Buntar,12535793787
103.0587134,3.7245472,CFS-IIUM Sejahtera Clinic,clinic,dentistry,"26300 Gambang, Pahang, Malaysia",Gambang,12080218853
103.0587134,3.7245472,CFS-IIUM Sejahtera Clinic,clinic,radiology,"26300 Gambang, Pahang, Malaysia",Gambang,12080218853
101.6929732,2.8253964,Dr Smile,dentist,,"No 17-1(Tingkat, Arena Warisan Puteri, Satu, Jalan Arena, Kota Warisan, 43900 Sepang, Selangor, Malaysia",Sepang,11322956729
101.7007576,2.8391207,Davita (Opening Soon),dialysis,nephrology,"Lot 36G, 38G & 40G, Jasper Square Sunsuria City @Sepang, 43900 Dengkil, Selangor, Malaysia",Sepang,11005349815
101.6941534,2.8192735,Klinik Hazra Medic,clinic,,"KIP Sentral, G-33, Jln Warisan Sentral 1, Kota Warisan, 43900 Sepang, Selangor, Malaysia",Sepang,10938676339
101.6945319,2.8185382,My Physio & Rehab Centre,physiotherapist,,"No. 20-G, KIP Sentral, Jalan Warisan Sentral 2, Kota Warisan, 43900 Sepang, Selangor, Malaysia",Sepang,10938676330
101.6945334,2.8184445,Dr Optometry,optometrist,,"18, Jalan Warisan Sentral 2, Kota Warisan, 43900 Sepang, Selangor, Malaysia",Sepang,10938676329
101.6945292,2.8206165,Medicentral,clinic,,"G53A (GF, KIP Sentral, Jalan Warisan Sentral 2, Kota Warisan, 43900 Sepang, Selangor, Malaysia",Sepang,10938676318
101.694531,2.8211586,Klinik Warisan,clinic,,"39-G & 40-G, Arena Warisan Puteri, Jalan Arena, Kota Warisan, 43900 Sepang, Selangor, Malaysia",Sepang,10938676311
101.6945303,2.8211966,alpro,pharmacy,,"KIP Central, 63A, Jalan Warisan Sentral 2, Kota Warisan, 43900 Sepang, Selangor, Malaysia",Sepang,10938676309
101.5818363,3.1620763,Klinik Medichealth,clinic,,"45, Jalan Cecawi 6/33, Kota Damansara, 47810 Petaling Jaya, Selangor, Malaysia",Petaling Jaya,11982463029
101.3039647,4.0109718,Klinik Wellmedic,clinic,,"No. 26, Jln Sungkai Perdana 1, Taman Sungkai Perdana, 35600 Sungkai, Perak, Malaysia",Sungkai,12418403307
103.1340353,2.2978099,Klinik Keshiatan Bekok,clinic,,"Jalan Gunung Mukim Bekok, Kampung Bekok, 86500 Segamat, Johor Darul Ta'zim, Malaysia",Segamat,4407696178
101.5916785,3.1588463,Guardian,pharmacy,,"16, Jalan PJU 5/1, Kota Damansara, 47810 Petaling Jaya, Selangor, Malaysia",Petaling Jaya,11982520751
101.7165438,3.1337463,Caring,pharmacy,,"Lot 0.2A, Ground Floor, 101, Jln Bukit Bintang, Bukit Bintang, 55100 Wilayah Persekutuan, Wilayah Persekutuan Kuala Lumpur, Malaysia",Wilayah Persekutuan,11982287121
102.5846048,2.048565,Watsons,pharmacy,,"82-50 & 82-51, Ground Floor, Jalan Bakri 2, Taman Tun Dr Ismail, 84000 Muar, Johor Darul Ta'zim, Malaysia",Muar,11982040631
101.6516172,2.9236335,Afly Clinic,clinic,,"CBD Perdana 1 Persiaran Flora, off, Persiaran Multimedia, Cyberjaya, 63000 Cyberjaya, Selangor, Malaysia",Cyberjaya,11349374623
102.0969048,6.2295311,Klinik Desa Pengkalan Kubor,clinic,,"Kampung Telaga Lanas, 16200 Tumpat, Kelantan, Malaysia",Tumpat,11147310129
101.6691703,3.107899,Klinik Komuniti Kerinchi,clinic,,"Blok E-0-1, PPR Kerinchi, Jalan Pantai Permai, Lembah Pantai, 59200 Kuala Lumpur, Wilayah Persekutuan Kuala Lumpur, Malaysia",Kuala Lumpur,9318770333
101.6896232,2.8191028,Poliklinik Medi Ihsan,clinic,,"8, Jalan Saujana KLIA 1/B, Taman Warisan Bayu, 43900 Sepang, Selangor, Malaysia",Sepang,10933989998
101.6941467,2.8211625,Poliklinik Amalmedik,clinic,,"KIP Sentral, No 61-G, Jln Warisan Sentral 1, Kota Warisan, 43900 Sepang, Selangor, Malaysia",Sepang,10934112382
101.6941528,2.8216032,Mediviron,clinic,,"No 75-G, KIP Warisan, Jln Warisan Sentral 1, Kota Warisan, 43900 Sepang, Selangor, Malaysia",Sepang,10934112386
101.6941585,2.8207354,Klinik Anda,clinic,,"KIP Sentral, G-55, Jln Warisan Sentral 1, Kota Warisan, 43900 Sepang, Selangor, Malaysia",Sepang,6200097723
101.6941459,2.8185737,Klinik Pergigian Dental Heritage,clinic,dentistry,"21-G, Sentral 1, Kip Sentral, Jalan Warisan Mulia, Kota Warisan, 43900 Sepang, Selangor, Malaysia",Sepang,6200097719
101.694147,2.8184417,Klinik Siti,clinic,,"G-17, Jln Warisan Sentral 1, Kota Warisan, 43900 Sepang, Selangor, Malaysia",Sepang,6200097718
101.7398859,3.1009226,Connect Chiropractic,alternative,chiropractic,"38-G, Jalan 5/101C Cheras Business Centre Cheras, Cheras Business Centre, 56100 Wilayah Persekutuan, Wilayah Persekutuan Kuala Lumpur, Malaysia",Wilayah Persekutuan,11978169740
101.6343765,3.128236,Poliklinik mediMAX,clinic,,"944, Jalan 17/38, Happy Garden, 46400 Petaling Jaya, Selangor, Malaysia",Petaling Jaya,12730375373
101.6342389,3.1282342,Smile Life,dentist,,"946, Jalan 17/38, Seksyen 17, 46400 Petaling Jaya, Selangor, Malaysia",Petaling Jaya,12730375371
103.2768961,3.8183998,Pasada Optomety,optometrist,,"3, A35, Lorong IM 3/19, Bandar Indera Mahkota, 25200 Kuantan, Pahang, Malaysia",Kuantan,7083800250
103.2771854,3.8189442,Klinik Pergigian Dr. Fatain,dentist,,"INDERA MAHKOTA 3 A-25 GROUND FLOOR DM, LORONG IM3/19, Bandar Indera Mahkota, 25200 Kuantan, Pahang, Malaysia",Kuantan,6780628276
102.2424904,6.1165575,Klinik Primer Kota Bharu,clinic,general,"PT 193 & PT 194, Tingkat bawah, Seksyen 12, Jln Mahmood, Bandar Kota Bharu, 15200 Kota Bharu, Kelantan, Malaysia",Kota Bharu,11333153592
102.2424904,6.1165575,Klinik Primer Kota Bharu,clinic,vaccination,"PT 193 & PT 194, Tingkat bawah, Seksyen 12, Jln Mahmood, Bandar Kota Bharu, 15200 Kota Bharu, Kelantan, Malaysia",Kota Bharu,11333153592
101.6463982,3.0864238,Caring Pharmacy,pharmacy,,"I-19, Jalan Pasar 1/21, Section 1, 46000 Petaling Jaya, Selangor, Malaysia",Petaling Jaya,1524270998
101.6705982,3.1327165,Feathair Hair Growth Center,clinic,,"No 2A, Jalan Telawi, Bangsar, 59100 Wilayah Persekutuan, Wilayah Persekutuan Kuala Lumpur, Malaysia",Wilayah Persekutuan,1563150534
110.4172388,1.4641129,Klinik Morni,clinic,,"Sublot 12, Lot 1519, Blok 26, Unicapital Jalan Uni Garden Kota Samarahan, 94300 Kuching, Sarawak, Malaysia",Kuching,11337959717
101.694465,3.0652314,Drs. Wong & Partners Dental Surgeons,dentist,,"LOT 7221, Jalan Merah Caga, Bandar Baru Sri Petaling, 57000 Kuala Lumpur, Wilayah Persekutuan Kuala Lumpur, Malaysia",Kuala Lumpur,11297382978
101.1025181,4.5237466,Good Therapy Centre,physiotherapist,,"Lot E-11, Medan Botani, Pusat Komersial Botani Village, Medan Botani 1A, Bandar Seri Botani, 31350 Ipoh, Perak, Malaysia",Ipoh,12550926054
101.1023467,4.5235483,Dr Chong Clinic,clinic,,"Lot E-6 & E-7 Ground Floor, Medan Botani 1A, Bandar Seri Botani, 31350 Ipoh, Perak, Malaysia",Ipoh,12550926051
101.1099018,4.5433058,HTM Pharmacy,pharmacy,,"8, Jalan Lapangan Siber 10, Bandar Cyber, 31350 Ipoh, Perak, Malaysia",Ipoh,12550926059
101.6502241,3.2108849,Medplus,pharmacy,,"55G, Jalan Rimbunan Raya 1 Laman Rimbunan, Kepong, 52100 Kuala Lumpur, Wilayah Persekutuan Kuala Lumpur, Malaysia",Kuala Lumpur,12728227770
101.9397473,2.7213162,Klinik Pergigian Louis,dentist,,"No. 154, Jalan Dato Bandar Tunggal, Bandar Seremban, 70000 Seremban, Negeri Sembilan, Malaysia",Seremban,4900680075
101.5421181,3.1810194,Farmasi Celta,pharmacy,,"5, Jalan Nova Q U5/Q, Subang Bestari, 40150 Shah Alam, Selangor, Malaysia",Shah Alam,11949353423
101.6503368,3.1624868,Watsons,pharmacy,,"No.16,Grd Flr, Jalan 25/70a, Desa Sri Hartamas, 50480 Kuala Lumpur, Wilayah Persekutuan Kuala Lumpur, Malaysia",Kuala Lumpur,2968981970
101.594115,3.1978883,Klinik Dr Normah,clinic,general,"J 012, Jalan PJU 10/2a, Damansara Damai, 47830 Petaling Jaya, Selangor, Malaysia",Petaling Jaya,11067188853
101.594126,3.197933,Farmasi Newton,pharmacy,,"Damansara Damai, 47810 Petaling Jaya, Selangor, Malaysia",Petaling Jaya,11067188864
101.5938649,3.1971841,Klinik Siti,clinic,general,"N-011 Ground Floor, Vista Shop, Jalan PJU 10/2b, Damansara Damai, 47830 Petaling Jaya, Selangor, Malaysia",Petaling Jaya,11067188862
101.7834287,3.9765571,Klinik Desa Batu Malim,clinic,,"Kampung Batu Malim, 27610 Raub, Pahang, Malaysia",Raub,2573560504
101.51341,3.1606224,Anadia Clinic,clinic,,"5-1, Jln Elektron U16/G, Denai Alam, 47000 Shah Alam, Selangor, Malaysia",Shah Alam,12001782849
101.5252931,3.1870826,My Health Clinic @ Elmina,clinic,,"Y U 16/Y Elmina East, 5 - G, Persiaran Eserina, Seksyen U16, 40160 Shah Alam, Selangor, Malaysia",Shah Alam,12001743462
101.525282,3.1869598,Klinik Iman Mikail,clinic,,"9-G JALAN ESERINA Y U16/Y ELMINA, EAST, 40160 Shah Alam, Selangor, Malaysia",Shah Alam,12001692100
101.5990707,3.1980282,Klinik Azalea,clinic,general,"A01-11, Sphere Damansara, Jalan PJU 10/9, Prima Damansara, 47830 Petaling Jaya, Selangor, Malaysia",Petaling Jaya,11067188878
101.5938437,3.1970962,Health Lane Family Pharmacy,pharmacy,,"L-011, Vista Shop, Jalan PJU 10/2a, Damansara Damai, 47830 Petaling Jaya, Selangor, Malaysia",Petaling Jaya,11067188874
101.1066298,4.5984002,Guardian,pharmacy,,"No. 27, Ground Floor, Hala Pusat Perdagangan Canning, 1, Jln Pusat Perdagangan Canning 2, Pusat Perdagangan Canning, 30350 Ipoh, Perak, Malaysia",Ipoh,12551103153
101.7465759,3.1592111,Watsons,pharmacy,,"Unit R-13-G Ground Floor M City, 283, Jln Ampang, Desa Pahlawan, 55000 Kuala Lumpur, Wilayah Persekutuan Kuala Lumpur, Malaysia",Kuala Lumpur,11069158310
110.4087203,1.4539635,Watsons,pharmacy,,"116, Jln Datuk Mohammad Musa, 94300 Kota Samarahan, Sarawak, Malaysia",Kota Samarahan,11331186750
101.8213442,3.349432,Klinik Ganesh & Surgeri,clinic,general,"No. 17, Jalan Besar, Pahang, Kampung Baru Karak, 28600 Karak, Pahang, Malaysia",Karak,9941627875
101.8213442,3.349432,Klinik Ganesh & Surgeri,clinic,surgery,"No. 17, Jalan Besar, Pahang, Kampung Baru Karak, 28600 Karak, Pahang, Malaysia",Karak,9941627875
101.6349309,3.1282504,AA Farmasi,pharmacy,,"No. 936, Ground Floor, Jalan 17/38, Section 17, 46400 Petaling Jaya, Selangor, Malaysia",Petaling Jaya,12730375382
101.6346532,3.1282373,Kedai Ubat Lian Fatt,alternative,traditional_chinese_medicine,"940, Jalan 17/38, Seksyen 17, 46400 Petaling Jaya, Selangor, Malaysia",Petaling Jaya,12730375376
101.6343779,3.1282021,Gental Care Dental Surgery,dentist,,"1st. Floor, No, 944A, Jalan 17/38, Seksyen 17, 46400 Petaling Jaya, Selangor, Malaysia",Petaling Jaya,12730375374
100.4336953,5.0177108,Farmasi Najwa,pharmacy,,"7, Jalan Besar, 34350 Kuala Kurau, Perak, Malaysia",Kuala Kurau,9644546546
99.8506587,6.3173651,Klinik Pergigian Chong,dentist,,"57, Bandar Baru Baron Baron, Kuah, Kuah, 07000 Langkawi, Kedah, Malaysia",Langkawi,5317569423
110.4471224,1.4559677,Damai Pharmacy,pharmacy,,"sl 11, @iman square, Jalan Datuk Mohammad Musa, Desa Ilmu, 94300 Kota Samarahan, Sarawak, Malaysia",Kota Samarahan,11301380263
110.4466101,1.4559836,ALPRO Pharmacy,pharmacy,,"No. 19&20 (Ground Floor Aiman Commercial Centre, 94300 Kota Samarahan, Sarawak, Malaysia",Kota Samarahan,11301380013
99.8204228,6.3291872,Cinho Trading,clinic,,"No. 100 Jalan Padang Matsirat Taman Medan Berjaya Kuah 07000 Pulau Langkawi Kedah, Taman Berjaya, 07000 Kuah, Kedah, Malaysia",Kuah,10722838746
99.8415733,6.3269226,Chew Dental Clinic,doctor,,"Langkawi Mall, No. 29-A, Jalan Kelibang, Kedah, Kuah, 07000 Kuah, Pulau Langkawi, Kedah, Malaysia","Kuah, Pulau Langkawi",4330650189
110.4103352,1.4547524,Ting Pharmacy,pharmacy,,"Sublot 14, Block 26, Bandar Riyal, 94300 Kota Samarahan, Sarawak, Malaysia",Kota Samarahan,11301439148
100.3222183,5.41691,Lim Skin Specialist,doctor,dermatology,"111, Jln Macalister, George Town, 10400 George Town, Pulau Pinang, Malaysia",George Town,11302107540
116.4235381,5.3268676,Klinik Kesihatan Tulid,clinic,,"D/A Pejabat Kesihatan Kawasan Keningau, P/S No. 94 Keningau, Keningau, Sabah, Malaysia",Keningau,7886306253
116.5613754,5.4497263,Klinik Kesihatan Mansiat,clinic,,"Peti surat 94, 89007 Keningau, Sabah, Malaysia",Keningau,7886296738
101.2712289,3.3208175,Poliklinik Dr Petricia,clinic,,"1, Jalan Medan Niaga 3, Kampung Baharu, 45000 Kuala Selangor, Selangor, Malaysia",Kuala Selangor,11323126928
101.5942142,3.1982239,Klinik Mediviron,clinic,general,"003, Jalan PJU 10/2a, Damansara Damai, 47830 Petaling Jaya, Selangor, Malaysia",Petaling Jaya,11067188859
101.593896,3.1972793,Klink Aurora,clinic,general,"NO L008 (Ground Floor, Jalan PJU 10/2a, Damansara Damai, 47830 Petaling Jaya, Selangor, Malaysia",Petaling Jaya,11067188857
100.4187735,6.5204871,Kam Phon Pharmacy,pharmacy,,"GCC9+7H4, Sadao, Sadao District, Songkhla 90320, Negara Thai",Sadao,11057209192
100.4186391,6.5213518,Dannok Pharmacy,pharmacy,,"49 GCC9+VCG, 51 Phet Kasem Rd, Tambon Samnak Kham, Amphoe Sadao, Chang Wat Songkhla 90320, Negara Thai",Tambon Samnak Kham,4294396116
113.9886509,4.40005,Tiang's Orthopedist Chinese Phyisician,alternative,traditional_chinese_medicine,"856, Jalan Jurinea, 98000 Miri, Sarawak, Malaysia",Miri,11819507591
100.5116982,5.6729116,Pusat Pakar Tulang dan Sendi Dr Yew Khoon Seng,doctor,,"55, Lengkok Cempaka 1, Persiaran Cempaka, Bandar Amanjaya, 08000 Sungai Petani, Kedah, Malaysia",Sungai Petani,5248121121
100.5068742,5.6712389,Klinik Pergigian Dr Azreen,dentist,,"Jalan Perdana Heights 1/2, Perdana Heights, 08000 Sungai Petani, Kedah, Malaysia",Sungai Petani,4564624882
110.3548283,1.522375,SHiNE Pharmacy,pharmacy,,"Sublot 13, Ground Floor, Song Plaza, Jalan Song, 93350 Kuching, Sarawak, Malaysia",Kuching,11058013946
101.7460359,2.9431266,Klinik Dr Najwa,clinic,,"No 92 (Lower Ground, P15, Jln Diplomatik, Presint 15, 62000 Putrajaya, Wilayah Persekutuan Putrajaya, Malaysia",Putrajaya,5302880618
113.9868073,4.3945296,Advanced Diagnostic Laboratory,laboratory,blood_check,"Lot. 325, 1st Floor, Jalan Bendahara, 98000 Miri, Sarawak, Malaysia",Miri,12038739019
113.9867074,4.396426,Klinik Dinamik,clinic,,"Lot 431, Jalan Bendahara, 98000 Miri, Sarawak, Malaysia",Miri,4706416436
101.6310466,3.1363474,CK Chang,dentist,,"36-a, Jalan Wan Kadir 4, Taman Tun Dr Ismail, 60000 Kuala Lumpur, Wilayah Persekutuan Kuala Lumpur, Malaysia",Kuala Lumpur,12037108527
118.0325712,5.8828051,PMG Pharmacy,pharmacy,,"Lorong Sibuga Jaya, 90000 Sandakan, Sabah, Malaysia",Sandakan,11828966011
118.0337202,5.8828618,Borneo Dispensary,pharmacy,,"Lot 3, Blok F, Bandar Sibuga Jaya, Mile 8, 90706 Sandakan, Sabah, Malaysia",Sandakan,11828965999
101.9513063,2.7190411,Ancient Gardens Ayurvedic Centre,hospital,,"No 6, Jalan Aminuddin Baki, Seremban, 70100 Seremban, Negeri Sembilan, Malaysia",Seremban,10581850699
101.2597661,4.1971779,Poliklinik Dr Azhar,clinic,,"No 17, Tingkat Bawah, Jalan Raja, 35000 Tapah, Perak, Malaysia",Tapah,12418883813
100.4062646,6.1488913,Hopital Sultanah Bahiyah,hospital,,"Km 6, Jln Langgar, Bandar, 05460 Alor Setar, Kedah, Malaysia",Alor Setar,12421957625
113.0583253,3.2021628,Guardian,pharmacy,,"Unnamed Road, 97000 Bintulu, Sarawak, Malaysia",Bintulu,11299985169
103.3254687,3.805785,Complete Wellness Pharmacy,pharmacy,,"No.6-7, Lobby, Jalan Sultan Al Abdullah, 25200 Kuantan, Pahang, Malaysia",Kuantan,11049086170
100.9832831,3.7643233,Farmasi Acme,pharmacy,,"37, Jalan Menteri, Taman Merpati, 45200 Sabak, Selangor, Malaysia",Sabak,12043422863
102.7807223,2.1579704,Klinik Desa,clinic,,"Kampung Paya Redan, 84600 Pagoh, Johor Darul Ta'zim, Malaysia",Pagoh,247369217
100.4873047,5.6408598,Klinik Pergigian S.P.,dentist,,"5, Jalan Patani, Taman Pekan Baru, 08000 Sungai Petani, Kedah, Malaysia",Sungai Petani,12422247941
101.7027081,3.1640394,Klinik Halim Dan Surgeri,clinic,,"126, Jalan Raja Abdullah, Wilayah Persekutuan, 50300 Kuala Lumpur, Wilayah Persekutuan Kuala Lumpur, Malaysia",Kuala Lumpur,11292513384
101.7027071,3.1640836,Klinik Pergigian Rakyat,dentist,,"126, Jalan Raja Abdullah, Wilayah Persekutuan, 50300 Kuala Lumpur, Wilayah Persekutuan Kuala Lumpur, Malaysia",Kuala Lumpur,11292513376
101.6625546,3.0863315,Poliklinik Mona,clinic,,"C-301, Jalan 5/46, Bukit Gasing, 46000 Petaling Jaya, Selangor, Malaysia",Petaling Jaya,1534156982
114.002421,4.4272888,BestCare Pharmacy,pharmacy,,"Lot 2119, Krokop, Lorong 10, 98000 Miri, Sarawak, Malaysia",Miri,11738465199
116.0774865,5.9875042,Guardian,pharmacy,,"LOT B-66, B-67, B-69 & PART OF B-68(ii),LOWER GROUND FLOOR, SURIA SABAH Suria Sabah Shopping Mall, Pusat Bandar Kota Kinabalu, 88000 Kota Kinabalu, Sabah, Malaysia",Kota Kinabalu,11813567409
101.7002676,3.1698182,H-Care Wellness Centre,unknown,,"61, Jalan Raja Muda Abdul Aziz, Chow Kit, 50300 Kuala Lumpur, Wilayah Persekutuan Kuala Lumpur, Malaysia",Kuala Lumpur,12424933702
101.7010987,3.1694045,Klinik Fisioterapi,clinic,,"Aras Bawah Blok F, Fakulti Sains Kesihatan UKM, Jalan Raja Muda Abdul Aziz, 50300 Kuala Lumpur, Wilayah Persekutuan Kuala Lumpur, Malaysia",Kuala Lumpur,12424847177
100.1957394,6.4392264,Chan Klinik,clinic,,"22, Jalan Kapitol, Kangar, Kangar, Pusat Bandar Kangar, 01000 Kangar, Perlis, Malaysia",Kangar,12424847134
113.9936638,4.3175875,Rejoice Pharmacy,pharmacy,,"Unnamed Road, Taman Tunku, 98000 Miri, Sarawak, Malaysia",Miri,11529876045
101.2639153,4.1939087,Klinik Pergigian Euna Smile,dentist,,"NO.5399-2 (TINGKAT BAWAH) Jalan Teluk Intan - Bidor, 35000 Tapah, Perak, Malaysia",Tapah,10931195409
103.7453457,1.547333,Klinik Central 24JAM,clinic,,"92, Jalan Adda 7, 81100 Johor Bahru, Johor Darul Ta'zim, Malaysia",Johor Bahru,9878376552
101.5482535,3.1648086,Poliklinik Leeson,clinic,general,"28G, Jalan Bulan BN U5/BN, Bandar Pinggiran Subang, 40150 Shah Alam, Selangor, Malaysia",Shah Alam,10988289406
100.7298278,4.8572047,Himosra,alternative,traditional_chinese_medicine,"Jalan Taman Muzaffar Shah, Kampung Asam Kumbang, 34000 Taiping, Perak, Malaysia",Taiping,11013809093
103.714204,1.5487999,Watsons,pharmacy,,"NO.59&NO.61,GROUND FLOOR, Jalan Setia Tropika 1/15, Setia Tropika, 81200 Johor Bahru, Johor Darul Ta'zim, Malaysia",Johor Bahru,10292425939
101.5768379,3.3221342,Poliklinik Keluarga,clinic,,"3, Jalan Bandar Rawang 1, Pusat Bandar Rawang, 48000 Rawang, Selangor, Malaysia",Rawang,8118119513
101.5766649,3.3224355,Klinik Mediviron,clinic,,"Jalan Bandar Rawang 2, Bandar Baru, 48000 Rawang, Selangor, Malaysia",Rawang,8118092549
101.5828565,3.3099746,Pusat Perubatan Tradisional Tulang Belakang Dr Spina,alternative,chiropractic,"INFINITY PHYSIOTHERAPY REHAB RAWANG, 24, Jalan Bersatu 10, Taman Bersatu, 48000 Rawang, Selangor, Malaysia",Rawang,8071966678
103.1369595,5.3332025,Farmasi Lautan Paya Keladi,pharmacy,,"No. 12, Pusat Niaga Paya Keladi, Jalan Kampung Daik, 20000 Kuala Terengganu, Terengganu, Malaysia",Kuala Terengganu,10303774697
101.5859095,3.3079886,Klinik Wong Singh,clinic,,"194A/3 & 194 A/4, Batu, 17, Jalan Ipoh, Kampung Kenanga, 48000 Rawang, Selangor, Malaysia",Rawang,8004326932
116.1071614,5.9903291,Cosway Farmasi,pharmacy,,"Lot B-25,B-26 & B-27,B-28,B-29,Lower Ground Floor Suria Sabah Shopping Mall, No.1, Jln Tun Fuad Stephens, Kota Kinabalu, 88000 Kota Kinabalu, Sabah, Malaysia",Kota Kinabalu,11006908797
101.6568743,3.256808,Watsons,pharmacy,,"No. 41 Ground Floor Jalan 2/16 Bandar Baru Selayang, Dataran Templer, 68100 Batu Caves, Selangor, Malaysia",Batu Caves,11012548845
113.9948603,4.4004491,Lam's Chinese Physician,alternative,traditional_chinese_medicine,"Lot 794 G/F, Jalan Bintang Jaya Commercial Centre, Sarawak, Bintang Jaya, 98000 Miri, Sarawak, Malaysia",Miri,11622228694
101.7056835,3.0827858,BIG Pharmacy,pharmacy,,"No. 59G, 61G, Jalan Radin Tengah Bandar Baru, Bandar Baru Sri Petaling, 57000 Kuala Lumpur, Wilayah Persekutuan Kuala Lumpur, Malaysia",Kuala Lumpur,11034301870
113.987921,4.3944598,He Xin Chinese Medical Treatment,alternative,traditional_chinese_medicine,"Malaysia, Sarawak, Miri, 349, 1st Floor, Taman Jade Manis, 98000邮政编码: 98000",Miri,11809897274
114.0011327,4.4054505,Lik Sheng Dental Co.,dentist,,"2375 Ocean Ave, San Francisco, CA 94127, Amerika Syarikat",Miri,11775425681
110.3859302,1.5276654,Persatuan Dialisis Cahaya,dialysis,nephrology,"Lots 3710 & 3711, Lorong Keranji 4, Tabuan Desa Commercial Centre, 93350 Kuching, Sarawak, Malaysia",Kuching,10961090242
101.6768204,3.1004519,Edge Clinic,clinic,plastic_surgery,"G-3A, Avantas Residence, Jln Klang Lama, Taman Shanghai, 58100 Kuala Lumpur, Wilayah Persekutuan Kuala Lumpur, Malaysia",Kuala Lumpur,6150936817
101.7102845,3.2005292,Klinik TVS Medicare,clinic,,"32, Jalan 3/23F, Off Jalan Langkawi, Taman Teratai Mewah, Setapak, Kuala Lumpur, 53000, Kuala Lumpur, WP Kuala Lumpur, Taman Teratai Mewah, 53000 Kuala Lumpur, Federal Territory of Kuala Lumpur, Malaysia",Kuala Lumpur,7315487393
101.7128926,3.1990958,Klinik Komuniti Danau Kota,clinic,,"Taman Setapak, 53100 Kuala Lumpur, Wilayah Persekutuan Kuala Lumpur, Malaysia",Kuala Lumpur,7315487391
101.5972088,3.1864248,AD Smile,dentist,,"No. 10-2, 5A, Jln PJU 10/1, Damansara Damai, 47830 Petaling Jaya, Selangor, Malaysia",Petaling Jaya,10972440658
101.6501075,3.2389985,Pristine Women Medical Centre,clinic,,"no 3 and 5 Jalan SJ 17 Taman Selayang Jaya, Batu Caves, Taman Selayang Jaya, 68100 Selayang, Selangor, Malaysia",Selayang,7317774150
101.6620117,3.2427407,Klinik Dr. Low,clinic,,"10, Jalan 2a/2b, Desa Bakti, 68100 Batu Caves, Wilayah Persekutuan Kuala Lumpur, Malaysia",Batu Caves,7317774146
103.7972054,1.5530475,Guardian,pharmacy,,"G.03, Toppen Shopping Centre, Taman Desa Tebrau, 81100 Johor Bahru, Johor, Malaysia",Johor Bahru,10983415985
103.7980778,1.5526889,Watsons,pharmacy,,"Lot S52, Second Floor, Aeon Tebrau City Shopping Centre, No. 1, Persiaran Desa Tebrau, Taman Desa Tebrau, 81100 Johor Bahru, Johor, Malaysia",Johor Bahru,10983349665
101.2632448,4.1957905,Farmasi AlPro,pharmacy,,"102, Jalan Baldwin 3, Pusat Perniagaan Baldwin, 35000 Tapah, Perak, Malaysia",Tapah,10698784393
114.0013256,4.3737352,Brighton House,doctor,occupational_medicine,"Miri General Hospital, Jalan Cahaya Lopeng, 98000 Miri, Sarawak, Malaysia",Miri,11755867430
101.261234,4.1983349,Klinik Sentosa,clinic,,"29, Jalan Besar, Kampung Lubok Katak, 35000 Tapah, Perak, Malaysia",Tapah,10956495071
101.2610631,4.1971228,Choon Chin Enterprise,pharmacy,,"7, Jalan Besar, Kampung Lubok Katak, 35000 Tapah, Perak, Malaysia",Tapah,10931237804
101.2613399,4.1973161,Yin Onn Medical Hall,pharmacy,,"Taman Yoon Fook, 70450 Seremban, Negeri Sembilan, Malaysia",Tapah,10931220331
101.2589439,4.1973031,Klinik Pergigian Shah,dentist,,"Lot 362 Tingkat Bawah, Jalan Raja, 35000 Tapah, Perak, Malaysia",Tapah,10931204479
101.5752313,3.3201567,Dhillon Medical Centre,clinic,,"73, Jln Welman, 48000 Rawang, Selangor, Malaysia",Rawang,2542656672
101.686391,3.2517667,Klinik Komuniti,clinic,,"1G, Jalan GP 2A, Taman Gombak Permai, 68100 Batu Caves, Selangor, Malaysia",Batu Caves,10235294353
101.5198719,3.6809641,HTM Pharmacy,pharmacy,,"23, Jalan Chong Ah Peng, 35900 Tanjong Malim, Perak, Malaysia",Tanjung Malim,9967766389
101.5205931,3.6814714,Bond-Mega Pharmacy Sdn. Bhd.,pharmacy,,"3332 & 3333, Jalan Perniagaan, Pusat Perniagaan Alma, 14000 Bukit Mertajam, Pulau Pinang, Malaysia",Bukit Mertajam,8089101365
101.6373142,3.0828596,Klinik Salim,clinic,,"PJ Seksyen 2C - 2D, 46150 Petaling Jaya, Selangor, Malaysia",Petaling Jaya,4710730730
101.6220444,3.1096898,Caring,pharmacy,,"29, 31, Jalan 21/17, Sea Park, 46300 Petaling Jaya, Selangor, Malaysia",Petaling Jaya,300833728
101.6330875,3.4964397,Kedai Ubat Van Sen Foh,pharmacy,,"54, Jalan Abdullah, Pekan Muar, 84000 Muar, Johor Darul Ta'zim, Malaysia",Rasa,4843977127
101.6281633,3.4238057,Klinik Temanku,clinic,,"46, Jalan Gapi 1a/2, Antara Gapi, 48200 Serendah, Selangor, Malaysia",Serendah,8081146478
101.6908432,3.1448764,Klinik Kesihatan Tanglin,clinic,,"Jalan Cenderasari, Tasik Perdana, 50480 Kuala Lumpur, Wilayah Persekutuan Kuala Lumpur, Malaysia",Kuala Lumpur,2923152613
101.6801105,3.1293013,Siraj Dental Surgery,dentist,,"15A, Jalan Bangsar, Bangsar, 59000 Kuala Lumpur, Wilayah Persekutuan Kuala Lumpur, Malaysia",Kuala Lumpur,10041217037
110.3535816,1.555359,Kang's Clinic,clinic,,"No 173, Jalan Song Thian Cheok, 93100 Kuching, Sarawak, Malaysia",Kuching,10961136354
110.3534548,1.5549367,Mei Yin Osteopathic Health Centre,alternative,osteopathy,"Jalan Song Thian Cheok, 93100 Kuching, Sarawak, Malaysia",Kuching,10961136348
110.3535575,1.555302,Pathlab,laboratory,,"174, Jalan Song Thian Cheok, 93100 Kuching, Sarawak, Malaysia",Kuching,10961136353
101.709736,3.2005627,Farmasi Alpro,pharmacy,,"15, Jalan SG 1/6, Taman Sri Gombak, 68100 Batu Caves, Selangor, Malaysia",Batu Caves,8946448702
101.6848937,3.133487,Cardiac Vascular Sentral Kuala Lumpur,clinic,cardiology,"Jalan Stesen Sentral 5, Kuala Lumpur Sentral, 50470 Kuala Lumpur, Wilayah Persekutuan Kuala Lumpur, Malaysia",Kuala Lumpur,5817448917
101.683569,3.1301923,Klinik Pergigian Jeya,dentist,,"1st Floor, Tong Nam Flats, No. 19A, Jalan Travers, Brickfields, 50470 Kuala Lumpur, Wilayah Persekutuan Kuala Lumpur, Malaysia",Kuala Lumpur,4769200891
101.6983262,3.2354448,Klinik Seri Indah,clinic,,"NO 556, 557 & 558, Jalan Samudera Utara 1, Taman Samudra, 68100 Batu Caves, Selangor, Malaysia",Batu Caves,5267885137
101.5619127,3.0742928,Poliklinik Seri Permai,clinic,,"Pusat Perniagaan Lagoon Perdana, UG 27, Jln PJS 9/1A, Bandar Sunway, 46150 Petaling Jaya, Selangor, Malaysia",Petaling Jaya,299422088
103.7683436,1.4591883,Guardian,pharmacy,,"Lot no 106-107, 1st, Komtar JBCC, Bandar Johor Bahru, 80000 Johor Bahru, Johor, Malaysia",Johor Bahru,11356114276
102.729139,5.8965527,Pulau Perhentian Clinic,clinic,,"Kampung Pasir Hantu, Pulau Perhentian Kecil, 22300 Besut, Terengganu, Malaysia",Besut,3679670361
101.6330331,3.4971078,Kelinik Kumar,doctor,,"41, Jalan Meranti 2a, Seksyen 3, 44300 Batang Kali, Selangor, Malaysia",Rasa,4843977100
101.0783594,4.5985071,Kelinik Pakar (ob-gyn) S. Y. Chow,clinic,,"16, Jalan Sultan Idris Shah, 31650 Ipoh, Perak, Malaysia",Ipoh,12009371528
101.6361186,3.1282328,Family Clinic Seventeen,clinic,,"923A, Jalan 17/38, Seksyen 17, 46400 Petaling Jaya, Selangor, Malaysia",Petaling Jaya,12009830597
114.0387292,4.4499289,Des Optics,optometrist,,"Lot 130, Ground Floor, Permy Mall, Bandar Baru, Bandar Baru Permyjaya, 98000 Miri, Sarawak, Malaysia",Miri,11539128670
103.905091,1.4090843,St Luke's Eldercare Senior Care Centre,clinic,,"1 Punggol Dr., #04-06, Singapura 828629",Singapore,12039748114
113.9874367,4.3930147,Makmal Pergigian Makro,laboratory,,"Lot 523, Block 17, Jalan Pujut, Jalan Padang Kerbau, 98000 Miri, Sarawak, Malaysia",Miri,12038031184
114.0087899,4.4256218,Happiness Therapy,alternative,,"lot 2295, Ground Floor, Bulatan Commercial Centre, Jalan Dato Muip, Piasau link, 98000 Miri, Sarawak, Malaysia",Miri,12048851705
114.0358261,4.5016691,Professional Osteopath Deep Muscles Physiotherapy,physiotherapist,,"Lot 2920, Ground Floor, Faradale Garden, 98000, Faradale Commercial Centre, 98000 Miri, Sarawak, Malaysia",Miri,12041124633
114.0247523,4.4495731,Bright Smile Dental Clinic,dentist,,"Lots 2114 & 2115, 1st Floor, Yakin Commercial Centre, Jalan Yakin, Off, Jalan Bulan Sabit, Faradale Commercial Centre, 98000 Miri, Sarawak, Malaysia",Miri,12011733156
101.0779101,4.5975515,Klinik PMC,clinic,,"47, Jalan Tun Sambanthan, 30000 Ipoh, Perak, Malaysia",Ipoh,12012284610
101.1261782,4.6286951,Klinik Pergigian Dr Karthi,dentist,,"First Floor, 234A, Jalan Bercham, Taman Ria, 31400 Ipoh, Perak, Malaysia",Ipoh,9756404389
110.341286,1.5569171,Klinik Sarawak,doctor,,"First Floor, 7, Jalan P Ramlee, 93400 Kuching, Sarawak, Malaysia",Kuching,12014293593
110.3412641,1.5568103,Poliklinik Limlee,doctor,,"No. 11, Jalan P Ramlee, 93400 Kuching, Sarawak, Malaysia",Kuching,12014293592
110.3412513,1.5567572,Klinik Ting,doctor,,"13, Jalan P Ramlee, 93400 Kuching, Sarawak, Malaysia",Kuching,12014293591
101.5859192,2.9440031,Health Lane,pharmacy,,"31-G, Jalan SP 5/4, Bandar Saujana Putra, 42610 Jenjarom, Selangor, Malaysia",Jenjarom,12014501740
99.731423,6.3505297,Evercare,pharmacy,,"15, Bandar Padang Matsirat,, Jalan Padang Matsirat,, Langkawi,, 07100 Langkawi, Kedah, Malaysia",Langkawi,7137807017
99.8511855,6.321827,George Own Pharmacy,pharmacy,,"Jelutong, 11600 Jelutong, Pulau Pinang, Malaysia",Jelutong,6934767585
103.780518,1.5599966,Guardian,pharmacy,,"Lot No 23, Ground Floor, Jalan Austin Heights 3, Taman Mount Austin, 81100 Johor Bahru, Johor Darul Ta'zim, Malaysia",Johor Bahru,10946619841
101.4327725,3.2410722,Klinik Pergigian Bestari,dentist,,"No 26-1, Pusat Perdagangan, Jalan Puncak Alam Jaya 13, Puncak Alam Jaya, 42300 Puncak Alam, Selangor, Malaysia",Puncak Alam,10931096842
101.3982033,3.0050705,Klinik Utama,clinic,,"64, Jalan Tengku Badar, Kawasan 13, 42000 Pelabuhan Klang, Selangor, Malaysia",Pelabuhan Klang,7822870194
101.7070311,2.8246704,Fuziah,clinic,,"60, Jalan Warisan Megah 1/4, Kota Warisan, 43900 Sepang, Selangor, Malaysia",Kota Warisan,10931156070
101.705521,2.8247354,JU Eye Wear,optometrist,,"Jalan Warisan Megah 1/4, Kota Warisan, 43900 Sepang, Selangor, Malaysia",Kota Warisan,10931156064
101.7048958,2.8247469,Dentabay,dentist,,"8, Jalan Warisan Megah 1/4, Kota Warisan, 43900 Sepang, Selangor, Malaysia",Kota Warisan,10931156057
101.7049232,2.8251362,Raman's Family Clinic,clinic,,"5, Jalan Warisan Megah 1/5, Kota Warisan, 43900 Sepang, Selangor, Malaysia",Kota Warisan,10931156055
101.6801727,2.8576323,Kelinik Rakyat & Surgeri,clinic,,"No: 14-G, Jalan LP 7/5, Lestari Perdana, 43300 Seri Kembangan, Selangor, Malaysia",Dengkil,4717547089
101.6805083,2.856593,Klinik Lingam,clinic,,"5, Jalan Besar, Taman Dengkil, 43800 Dengkil, Selangor, Malaysia",Dengkil,4717547067
101.681792,2.8598503,Klinik Kesihatan Dengkil,clinic,,"Jalan Besar, Pekan Dengkil, 43800 Dengkil, Selangor, Malaysia",Dengkil,4717547103
101.6818113,2.8593146,Klinik Ibu & Anak Dengkil,clinic,,"Jalan Besar, Pekan Dengkil, 43800 Dengkil, Selangor, Malaysia",Dengkil,4717547100
101.6947967,2.8214015,Quin Optometry,optometrist,,"121-G, Jalan Warisan Sentral 2, Kip Sentral, 43900 Sepang, Selangor, Malaysia",Sepang,10939797272
102.7630908,1.896301,Farmasi Sihat,pharmacy,,"2, Pusat Perniagaan Parit Yusof, Pekan Parit Yusof, Pekan Baharu, 83610 Semerah, Johor Darul Ta'zim, Malaysia",Semerah,10940060495
101.7006534,3.2382692,Caring Pharmacy,pharmacy,,"61, Jalan Prima SG 3/1, Prima Seri Gombak, 68100 Batu Caves, Selangor, Malaysia",Batu Caves,5265664504
101.7002584,3.2388905,Klinik K.J Lim,clinic,,"Jalan Prima SG 3/2, Prima Seri Gombak, 68100 Batu Caves, Selangor, Malaysia",Batu Caves,5265664495
101.6977365,3.2354391,Poliklinik Samudra,clinic,,"564 & 565, Jalan Samudera Utara 1, Taman Samudra, 68100 Batu Caves, Selangor, Malaysia",Batu Caves,5267885138
101.7132227,3.1671104,Pusat Dialisis Perkeso,dialysis,nephrology,"No 5-G,7-G Jalan Dinar D U3/D Taman Subang Perdana, Seksyen U3, 40150 Shah Alam, Selangor, Malaysia",Shah Alam,11925440395
103.440941,4.4926771,Farmasi Alpro,pharmacy,,"Lot 11895, Tingkat Bawah, Jalan Besar, Jalan Kemaman - Dungun, Kampung Baru, 24300 Kerteh, Terengganu, Malaysia",Kerteh,11395375905
101.1340663,4.5729718,Farmasi Ikhwan,pharmacy,,"Jalan Rapat Bistari 1, Taman Rapat Bistari, 31350 Ipoh, Perak, Malaysia",Ipoh,10911256704
101.2496922,3.3416149,Valley Pharmacy,pharmacy,,"7, Jalan Raja Lumu, Kuala Selangor, 45000 Kuala Selangor, Selangor, Malaysia",Kuala Selangor,11682672946
101.7111568,3.0645701,Friends' Pharmacy,pharmacy,,"9-1, Jalan SP 2/2, Taman Serdang Perdana, 43300 Seri Kembangan, Selangor, Malaysia",Seri Kembangan,9674766776
101.7100315,3.0629425,Klinik Pertama,clinic,,"61, Jalan 2/90, Taman Pertama, 56100 Kuala Lumpur, Cheras, Malaysia",Kuala Lumpur,9646411451
101.7111747,3.0623555,Klinik Kesihatan Sungai Besi,clinic,,"Jalan Tasik Utama 5, Sungai Besi, 57000 Kuala Lumpur, Wilayah Persekutuan Kuala Lumpur, Malaysia",Kuala Lumpur,8045758392
101.7048057,3.0616688,Klinik 1Malaysia Raya Permai,clinic,,"BLOCK D, Jalan Landai Permai, 57100 Kuala Lumpur, Wilayah Persekutuan Kuala Lumpur, Malaysia",Kuala Lumpur,7313133251
101.7103899,3.0625025,Klinik Mediviron,clinic,,"B-0-5, Ja;an 12/144A, Cheras, Taman Bukit Cheras, 56000 Kuala Lumpur, Federal Territory of Kuala Lumpur, Malaysia",Kuala Lumpur,7313133249
101.7092819,3.0609966,Klinik dan Surgeri Mano,clinic,,"16, Jalan Tasik Utama 7 Lake Fields, Taman Tasik Niaga, 16-2, Jalan Tasik Utama 7, Sungai Besi, 57000 Kuala Lumpur, Wilayah Persekutuan Kuala Lumpur, Malaysia",Kuala Lumpur,8058352798
101.7000745,3.0939329,Health Lane,pharmacy,,"7, Jalan Kuchai Maju 8, Kuchai Lama, 58200 Kuala Lumpur, Wilayah Persekutuan Kuala Lumpur, Malaysia",Kuala Lumpur,9963198462
101.7065186,3.0428201,Cellora Clinic,clinic,,"No. 5, Jalan Perindustrian PP4, Taman Bukit Serdang, 43300 Seri Kembangan, Selangor, Malaysia",Seri Kembangan,7313133250
101.7073897,3.0408522,Klinik Lana Serdang,clinic,,"61-G, Petaling Utama Avenue, 61-1, Jalan PJS 1/50, Taman Petaling Utama, 46150 Petaling Jaya, Selangor, Malaysia",Petaling Jaya,7313133253
101.7474301,3.1572504,Primer Cherang Clinic,clinic,general,"Plot 3A-1, Lot 4868, Jalan Mengkudu, Desa Pahlawan, 55000 Ampang, Wilayah Persekutuan Kuala Lumpur, Malaysia",Ampang,10925462862
101.7059556,3.1634742,Poliklinik Insaf Murni,clinic,,"76, Jln Raja Alang, Kampung Baru, 50300 Kuala Lumpur, Wilayah Persekutuan Kuala Lumpur, Malaysia",Kuala Lumpur,10772914111
103.782775,1.5559915,Klinik Pakar Matar Vista Eye Specialist,clinic,ophthalmology,"131, Jalan Mutiara Emas 10/19, Taman Mount Austin, 81100 Johor Bahru, Johor Darul Ta'zim, Malaysia",Johor Bahru,8847072644
101.7149381,3.1327435,Klinik Dr Leela Ratos dan Rakan - Rakan,clinic,,"413-415, Jln Pudu, Pudu, 55100 Kuala Lumpur, Wilayah Persekutuan Kuala Lumpur, Malaysia",Kuala Lumpur,7315469364
99.8611216,6.3331243,Langkawi Medical Centre,hospital,,"Lot 55 & 56 Dayang Business Centre Bandar Baru Baron Kuah, Kuah, 07000 Langkawi, Kedah, Malaysia",Langkawi,1910989158
99.8478476,6.3255895,Klinik Kesihatan Kuah,clinic,,"Kuah, 07000 Langkawi, Kedah, Malaysia",Langkawi,1883550663
100.4799385,5.7969459,Pusat Dialisis Mukmin,clinic,,"No. 1, Kedai Dua Tingkat, Taman Sri Utama Indah, 08300 Gurun, Kedah, Malaysia",Gurun,4563767920
100.4787213,5.8102118,Klinik Kulit & Poliklinik Kabil,clinic,,"NK8A2, 2, Jalan Jerai Maju, Taman Jerai Maju, 08300 Gurun, Kedah, Malaysia",Gurun,4565301189
103.9051175,1.4094213,Joy Dental Centre (Punggol),dentist,,"1 Punggol Dr., #02-41 One Punggol, Singapura 828629",Singapore,12039748115
113.9954074,4.4003187,The Children & Heart Specialist Clinic (Dr Philip Raja),clinic,,"805, Jalan Bintang Jaya 4, Bintang Jaya, 98000 Miri, Sarawak, Malaysia",Miri,12040360235
116.4551361,6.0322988,Klinik Kesihatan Simpangan,clinic,,"Peti Surat 620 D/A Pejabat Kesihatan Kawasan Tuaran W.D.T 10, 89200 Tuaran, Sabah, Malaysia",Tuaran,12022864285
100.4919579,5.2326673,Farmasi Siang,pharmacy,,"1378 & 1379, Jalan Sungai Bakap Permai Taman Sungai Bakap Permai, Sungai Bakap, 14200 Sungai Jawi, Pulau Pinang, Malaysia",Sungai Jawi,7728876276
100.4906621,5.2337052,Mega Kulim Pharmacy,pharmacy,,"1435 & 1436, Jln Besar, Sungai Bakap, 14200 Sungai Jawi, Pulau Pinang, Malaysia",Sungai Jawi,7054366072
114.0002484,4.4176437,Giovianni Clinique,doctor,plastic_surgery,"Lot 1419, 1st Floor, Lorong 5 Krokop, Krokop Commercial Centre, 98000 Miri, Sarawak, Malaysia",Miri,12036002629
113.9855835,4.397224,Klinik Chan Toh Hang,clinic,general,"No. 1341, Ground Floor, Miri Waterfront, Jalan Sri Dagang, 98000, Miri, Sarawak, 98000 Miri, Sarawak, Malaysia",Miri,12037752406
114.0079161,4.4246253,Klinik Nur Sejahtera LPKKN Miri,clinic,,"Jalan Bulatan Park, 98000 Miri, Sarawak, Malaysia",Miri,11704090532
100.6614347,4.2005485,Farmasi Sitiawan,pharmacy,,"Taman Samudera, 32040 Seri Manjung, Perak, Malaysia",Seri Manjung,12045501024
100.9836005,3.7636344,DaVita,dialysis,nephrology,"No. 9 & 11, Jalan Menteri, Taman Berjaya, 45200 Sabak, Selangor, Malaysia",Sabak,12043431177
100.9833118,3.7642802,Farmasi,pharmacy,,"NO 94A, Jalan Menteri, Taman Mutiara, 45200 Sabak, Selangor, Malaysia",Sabak,12043422866
114.0079116,4.4259485,True Label Pharmacy,pharmacy,,"Lot 2310, Gf & 1st Flr, Bulatan Commercial Centre, Jalan Datuk Muip, 98000 Miri, Sarawak, Malaysia",Miri,11701127910
100.9390406,3.8969367,Klinik Mediviron Hutan Melintang,clinic,general,"B-13 Ground floor, Regat Komersial 2, Pusat Komersial Simpang Empat, 36400 Hutan Melintang, Perak, Malaysia",Hutan Melintang,10823107308
113.9864992,4.3960952,Roy Wong Heart & Medical Specialist Clinic,clinic,cardiology,"Lot 436, Jalan Bendahara, 98000 Miri, Sarawak, Malaysia",Miri,11502197129
113.9864992,4.3960952,Roy Wong Heart & Medical Specialist Clinic,clinic,general,"Lot 436, Jalan Bendahara, 98000 Miri, Sarawak, Malaysia",Miri,11502197129
103.7638146,1.544425,AM PM Pharmacy,pharmacy,,"65, Jln Sagu 10, Taman Daya, 81100 Johor Bahru, Johor Darul Ta'zim, Malaysia",Johor Bahru,10841435861
101.2563545,3.3297608,Klinik Pergigian Putra,dentist,,"16 2, Jalan Melati 3/3, Bandar Melawati, 45000 Kuala Selangor, Selangor, Malaysia",Kuala Selangor,10866539997
101.2488852,3.3423114,SJAM-KPS Hemodialisis Kuala Selangor,unknown,,"3C, Jalan Sultan Ibrahim, 45000 Kuala Selangor, Selangor, Malaysia",Kuala Selangor,10866635984
103.7639798,1.5441526,Klinik Pergigian Rina,dentist,,"24, Jalan Sagu 18, Taman Daya, 81100 Johor Bahru, Johor Darul Ta'zim, Malaysia",Johor Bahru,10841435865
102.9491752,1.8420797,杏福堂中医诊所,hospital,traditional_chinese_medicine,"141, Jalan Susur Perdana Tengah, Taman Bukit Perdana 2, 83000 Batu Pahat, Johor Darul Ta'zim, Malaysia",Batu Pahat,10845302341
102.9491752,1.8420797,杏福堂中医诊所,hospital,general,"141, Jalan Susur Perdana Tengah, Taman Bukit Perdana 2, 83000 Batu Pahat, Johor Darul Ta'zim, Malaysia",Batu Pahat,10845302341
102.9491752,1.8420797,杏福堂中医诊所,hospital,chiropractic,"141, Jalan Susur Perdana Tengah, Taman Bukit Perdana 2, 83000 Batu Pahat, Johor Darul Ta'zim, Malaysia",Batu Pahat,10845302341
102.9491752,1.8420797,杏福堂中医诊所,hospital,gynaecology,"141, Jalan Susur Perdana Tengah, Taman Bukit Perdana 2, 83000 Batu Pahat, Johor Darul Ta'zim, Malaysia",Batu Pahat,10845302341
102.9491752,1.8420797,杏福堂中医诊所,hospital,internal_medicine,"141, Jalan Susur Perdana Tengah, Taman Bukit Perdana 2, 83000 Batu Pahat, Johor Darul Ta'zim, Malaysia",Batu Pahat,10845302341
102.9491752,1.8420797,杏福堂中医诊所,hospital,paediatrics,"141, Jalan Susur Perdana Tengah, Taman Bukit Perdana 2, 83000 Batu Pahat, Johor Darul Ta'zim, Malaysia",Batu Pahat,10845302341
102.9491752,1.8420797,杏福堂中医诊所,hospital,osteopathy,"141, Jalan Susur Perdana Tengah, Taman Bukit Perdana 2, 83000 Batu Pahat, Johor Darul Ta'zim, Malaysia",Batu Pahat,10845302341
102.9491752,1.8420797,杏福堂中医诊所,hospital,dermatology,"141, Jalan Susur Perdana Tengah, Taman Bukit Perdana 2, 83000 Batu Pahat, Johor Darul Ta'zim, Malaysia",Batu Pahat,10845302341
102.9491752,1.8420797,杏福堂中医诊所,hospital,psychiatry,"141, Jalan Susur Perdana Tengah, Taman Bukit Perdana 2, 83000 Batu Pahat, Johor Darul Ta'zim, Malaysia",Batu Pahat,10845302341
102.9491752,1.8420797,杏福堂中医诊所,hospital,physiotherapy,"141, Jalan Susur Perdana Tengah, Taman Bukit Perdana 2, 83000 Batu Pahat, Johor Darul Ta'zim, Malaysia",Batu Pahat,10845302341
102.9491752,1.8420797,杏福堂中医诊所,hospital,hydrotherapy,"141, Jalan Susur Perdana Tengah, Taman Bukit Perdana 2, 83000 Batu Pahat, Johor Darul Ta'zim, Malaysia",Batu Pahat,10845302341
102.9491752,1.8420797,杏福堂中医诊所,hospital,acupuncture,"141, Jalan Susur Perdana Tengah, Taman Bukit Perdana 2, 83000 Batu Pahat, Johor Darul Ta'zim, Malaysia",Batu Pahat,10845302341
102.9491752,1.8420797,杏福堂中医诊所,hospital,surgery,"141, Jalan Susur Perdana Tengah, Taman Bukit Perdana 2, 83000 Batu Pahat, Johor Darul Ta'zim, Malaysia",Batu Pahat,10845302341
102.9491752,1.8420797,杏福堂中医诊所,hospital,rheumatology,"141, Jalan Susur Perdana Tengah, Taman Bukit Perdana 2, 83000 Batu Pahat, Johor Darul Ta'zim, Malaysia",Batu Pahat,10845302341
100.4578167,5.349619,Guardian,pharmacy,,"Lot 2A, Jalan Lembah Permai 1, Kota Permai, 14000 Bukit Mertajam, Pulau Pinang, Malaysia",Bukit Mertajam,10848171193
100.4578651,5.3498638,HTM Pharmacy,pharmacy,,"No 5, Ground Floor, 1, Jalan Lembah Permai, Taman Lembah Permai, 14000 Bukit Mertajam, Pulau Pinang, Malaysia",Bukit Mertajam,10848171189
101.2494862,3.3400943,Klinik Melawati,clinic,,"17, Jalan Raja Jalil, Kuala Sealangor, 45000 Kuala Selangor, Selangor, Malaysia",Kuala Selangor,3889340938
101.5267411,2.9493902,Klinik Nova,clinic,general,"26g, Jalan Aman Tiara 8 Bandar Rimbayu, Bandar, Tropicana aman, 42500, Selangor, Malaysia",Telok Panglima Garang,10864665944
101.6832923,3.1278723,Nadia,pharmacy,,"110e, Jln Sultan Abdul Samad, Brickfields, 50470 Kuala Lumpur, Wilayah Persekutuan Kuala Lumpur, Malaysia",Kuala Lumpur,4625323942
101.6831179,3.1280381,Nadia Pharmacy,pharmacy,,"Ground Floor, Wisma Leopad, 5, Jalan Tun Sambanthan, Brickfields, 50470 Kuala Lumpur, Wilayah Persekutuan Kuala Lumpur, Malaysia",Kuala Lumpur,10880788627
101.6529093,3.2135086,Poliklinik Gomez Kepong,clinic,,"36, Jalan 2/17 Taman Fadason, Off, Jln Kepong, Wilayah Persekutuan, 52000 Kuala Lumpur, Wilayah Persekutuan Kuala Lumpur, Malaysia",Kuala Lumpur,7301462903
101.6577614,3.2083067,Klinik Famili dan Surgeri Lim,clinic,,"Jalan 1/32, Taman Jinjang Baru, 52000 Kuala Lumpur, Wilayah Persekutuan Kuala Lumpur, Malaysia",Kuala Lumpur,7301462902
101.6397491,3.2148396,CosmoGlam Clinic Kepong,clinic,,"8, Jalan Metro Perdana 8, Taman Usahawan Kepong, 52100 Kuala Lumpur, Wilayah Persekutuan Kuala Lumpur, Malaysia",Kuala Lumpur,7317774158
101.0539053,4.3261447,Klinik Kesihatan Tanjung Tualang,clinic,,"Jalan Klinik, 31800 Tanjung Tualang, Perak, Malaysia",Tanjung Tualang,1834889006
101.0554969,4.3252153,Kedai Ubat Yen Choon Chan,alternative,traditional_chinese_medicine,"7, Lintasan Perhentian, Medan Kidd, 30200 Ipoh, Perak, Malaysia",Ipoh,8107361246
103.6305487,1.397149,Guardian,pharmacy,,"Lot UG-L-4,Upper GF, Sunway Big Box, 81550 Iskandar Puteri, Johor Darul Ta'zim, Malaysia",Iskandar Puteri,10583181507
101.3151992,3.1921229,Klinik Desa Sungai Sembilang,clinic,,"Masjid Al-Naim, Opp, Kampung Sungai Sembilang, 45800 Jeram, Selangor, Malaysia",Jeram,10252446039
101.1803546,3.4244352,Klinik Mediviron,clinic,,"97, Jalan Besar, Taman Mahsuri Indah, 45500 Tanjong Karang, Selangor, Malaysia",Tanjong Karang,10807095950
101.5577061,3.2270316,Klinik Medijay,clinic,,"12A, Jalan BRP 6/11, Bukit Rahman Putra, 47000 Sungai Buloh, Selangor, Malaysia",Sungai Buloh,10813696314
101.5641167,3.2095088,Watsons,pharmacy,,"NO.51-G GF, SECTION U20, Jalan Nautika A U20/A, Pusat Komersial Tsb, 40160 Sungai Buloh, Selangor, Malaysia",Sungai Buloh,645874638
101.4145792,3.2326815,Poliklinik Shamsara,clinic,,"45-1, Lorong Az-zaharah B10/B, 42300 Puncak Alam, Selangor, Malaysia",Puncak Alam,10725785650
101.4145851,3.2326314,Clinic Dr. Rosli,dentist,,"No 45, 2, Lorong Az-zaharah B10/B, 42300 Puncak Alam, Selangor, Malaysia",Puncak Alam,10725785639
101.4469494,3.2383216,Materia Medica,pharmacy,,"21-G, Jalan Ppaj 3/1, Pusat Perdagangan Alam Jaya, 42300 Puncak Alam, Selangor, Malaysia",Puncak Alam,10727153698
101.6697948,3.211552,Klinik Rosh,clinic,,"Klinik rosh.117, Jalan Sibu Taman Wahyu,off, Jalan Ipoh, 53100 Kuala Lumpur, Wilayah Persekutuan Kuala Lumpur, Malaysia",Kuala Lumpur,7301462900
101.6702542,3.2116434,Lian Ann Chinese Medical Health Care,clinic,,"No. 32, Jalan Sibu 8, Taman Wahyu, 68100 Batu Caves, Wilayah Persekutuan Kuala Lumpur, Malaysia",Batu Caves,7301462899
101.7000867,3.172408,Dermatologi,hospital,,"No33, Jalan Sarikei, Pekeliling, 53000 Kuala Lumpur, Wilayah Persekutuan Kuala Lumpur, Malaysia",Kuala Lumpur,5993583341
101.6589682,3.1154064,PPV Universiti Malaya,vaccination_centre,vaccination,"50603 Kuala Lumpur, Wilayah Persekutuan Kuala Lumpur, Malaysia",Kuala Lumpur,8848144459
101.9885205,2.6913125,Cozy T Dental Center 舒适T牙科中心 Myhighst,dentist,dentistry,"445-447, Jalan Cempaka, Taman Senawang Jaya, 70450 Seremban, Negeri Sembilan, Malaysia",Seremban,10748136938
101.69737,3.1628834,Klinik Rawatan Dr. Mahmud,clinic,,"44, Lorong Haji Taib 1, Chow Kit, 50350 Kuala Lumpur, Wilayah Persekutuan Kuala Lumpur, Malaysia",Kuala Lumpur,10744565314
101.6708749,3.2239931,Selayang Hospital Cataract Centre,clinic,,"Pusat Pembedahan Katarak MAIWP - Hospital Selayang, No 11, Jalan 3/3C, Sri Utara, Off, Jalan Ipoh, Sri Utara Business Park, 68100 Kuala Lumpur, Wilayah Persekutuan Kuala Lumpur, Malaysia",Kuala Lumpur,7301462893
101.6693724,3.2199632,Klinik Komuniti Kementerian Kesihatan,clinic,,"Blok E-0-1, PPR Kerinchi, Jalan Pantai Permai, Lembah Pantai, 59200 Kuala Lumpur, Wilayah Persekutuan Kuala Lumpur, Malaysia",Kuala Lumpur,7301462891
101.6711941,3.2246631,Klinik SNH,clinic,,"No 26, Ground Floor, Jalan Seri Utara 1, Off, Jalan Ipoh, Sri Utara Business Park, 68100 Kuala Lumpur, Selangor, Malaysia",Kuala Lumpur,7301462894
102.494796,5.7376392,Klinik Lokman,clinic,,"248, Jalan Tuan Hitam, Kampung Tanduk, 22000 Jerteh, Terengganu, Malaysia",Jerteh,4523221606
101.7054982,3.1639548,Poliklinik Dan Surgeri Yuli,clinic,,"68-a, Jln Raja Alang, Kampung Baru, 50300 Kuala Lumpur, Wilayah Persekutuan Kuala Lumpur, Malaysia",Kuala Lumpur,10770530847
101.6592434,3.2102676,Mediklinik & Surgeri Cheam,clinic,,"3497, Jalan Jinjang Utama, Jinjang Utara, 52000 Kuala Lumpur, Wilayah Persekutuan Kuala Lumpur, Malaysia",Kuala Lumpur,7317774147
101.6625467,3.216937,Klinik Thong,clinic,,"3526, Jalan Tebing Selatan, Jinjang Utara, 52000 Kuala Lumpur, Wilayah Persekutuan Kuala Lumpur, Malaysia",Kuala Lumpur,7301462896
100.4256077,5.5179065,Pusat Rawatan Syifa,clinic,,"B-G, 25, Lorong Sungai Dua Utama 22, Taman Sungai Dua Utama, 13800 Butterworth, Pulau Pinang, Malaysia",Butterworth,4391237789
100.4650637,5.2763541,Klinik Bersatu (Bukit Tambun),clinic,,"29, jalan bukit tambun, taman tambun indah, Bukit Tambun, 14100 Simpang Ampat, Pulau Pinang, Malaysia",Simpang Ampat,10688367136
101.7397908,3.0473218,Multicare Pharmacy,pharmacy,,"Jalan Damai Perdana 1/8a, Bandar Damai Perdana, 43200 Cheras, Selangor, Malaysia",Cheras,9177381761
101.7403669,3.046066,Pusat Rawatan TCM NG,clinic,,"NO:6, Jalan 20/154, Taman Bukit Anggerik, 56000 Kuala Lumpur, Wilayah Persekutuan Kuala Lumpur, Malaysia",Kuala Lumpur,7314704275
101.7404818,3.0454761,Klinik Maha & Rao,clinic,,"Jalan Damai Perdana 1/9c, Bandar Damai Perdana, 56000 Kuala Lumpur, Selangor, Malaysia",Kuala Lumpur,7314704267
101.74068,3.0459554,Britannia Women & Children Specialist Clinic,clinic,,"65 -67, Jalan TKS 1, Taman Kajang Sentral, 43000 Kajang, Selangor, Malaysia",Kajang,7314704266
101.7410014,3.0468349,Klinik Medic,clinic,,"4A, Jalan Damai Perdana 1/8c, Bandar Damai Perdana, 56000 Cheras, Wilayah Persekutuan Kuala Lumpur, Malaysia",Cheras,7314704265
101.6228773,3.153076,Klinik Wanita Ttdi,doctor,gynaecology,"132, Jalan Burhanuddin Helmi, Taman Tun Dr Ismail, 60000 Kuala Lumpur, Wilayah Persekutuan Kuala Lumpur, Malaysia",Kuala Lumpur,10656730272
101.6213201,3.1525172,TTDI Oral Facial Surgery and Orthodontic Specialist Centre,dentist,,"88, Jalan Burhanuddin Helmi, Taman Tun Dr Ismail, 60000 Kuala Lumpur, Wilayah Persekutuan Kuala Lumpur, Malaysia",Kuala Lumpur,10656730250
101.6058146,3.1868479,Watsons,pharmacy,,"No. 39 Ground Floor, Jalan Tanjung SD 13/1, Bandar Sri Damansara, 55200 Kuala Lumpur, Wilayah Persekutuan Kuala Lumpur, Malaysia",Kuala Lumpur,1944523287
101.6214496,3.1525657,Koo,doctor,,"92, Jalan Burhanuddin Helmi, Taman Tun Dr Ismail, 60000 Kuala Lumpur, Wilayah Persekutuan Kuala Lumpur, Malaysia",Kuala Lumpur,10656730252
103.8738133,1.4938909,Guardian,pharmacy,,"9, Jalan Suria 3, Bandar Baru Seri Alam, 81750 Masai, Johor Darul Ta'zim, Malaysia",Masai,8085872116
101.4746822,2.9144829,Farmasi Ariv,pharmacy,,"No. 10, Jalan Temenggong, Taman Desa Wira, 42500 Telok Panglima Garang, Selangor, Malaysia",Teluk Panglima Garang,4728985471
100.3512025,6.1118856,Guardian,pharmacy,,"Lot No 60 & 61, Jalan Psk Satu, Pekan Simpang Kuala, 05400 Alor Setar, Kedah, Malaysia",Alor Setar,8762148246
100.3509481,6.1113722,Mediklinik Rakyat,clinic,,"Lot 5A No 111 Ampang Business Centre, Sultanah Bahiyah Hwy, Taman Bahagia, 05050 Alor Setar, Kedah, Malaysia",Alor Setar,7155876308
101.6691213,3.2093671,Welo Chiropractic,alternative,chiropractic,"G-03A & 1-03A, Residensi Lakeville, 68, Jalan Sibu, Taman Wahyu, 68100 Batu Caves, Selangor, Malaysia",Batu Caves,10168305757
101.5922865,3.1544633,Klinik Q,clinic,,"8-G, Jalan PJU 5/21, Kota Damansara, 47810 Petaling Jaya, Selangor, Malaysia",Petaling Jaya,12749480929
101.1530442,4.6726634,Klinik Pakar HBUK,clinic,,"Jalan Besar, 31250 Tanjung Rambutan, Perak, Malaysia",Tanjung Rambutan,10636839149
101.6559842,3.1869256,UMedi Pharmacy,pharmacy,,"12, Jalan 6/38d, Taman Sri Sinar, 51200 Kuala Lumpur, Wilayah Persekutuan Kuala Lumpur, Malaysia",Kuala Lumpur,9024875870
101.6858503,3.1778621,Guardian,pharmacy,,"Unit 1-09, Block, A, Viva, 378, Jln Sultan Azlan Shah, Jalan Ipoh, 51200 Kuala Lumpur, Federal Territory of Kuala Lumpur, Malaysia",Kuala Lumpur,9448856392
101.42851,3.2358942,GT Physio,physiotherapist,,"No. 25, Jalan Niaga Bestari 7, Puncak Bestari, 42300 Puncak Alam, Selangor, Malaysia",Puncak Alam,10651281901
101.4288804,3.2360615,Farmasi Ar Rahimi,pharmacy,,"NO 3, Jln Tengku Ampuan Afzan 1, Taman Tengku Ampuan Afzan, 28500 Lanchang, Pahang, Malaysia",Lanchang,10651281890
101.4287357,3.2360027,Pusat Dialisis Nur Kasih,clinic,,"No. 17 19 & 21, Jalan Niaga Bestari 7, Puncak Bestari, 42300 Puncak Alam, Selangor, Malaysia",Puncak Alam,10651281885
101.6229417,3.1530988,Guardian,pharmacy,,"No. 134, Ground Floor, Jalan Burhanuddin Helmi, Taman Tun Dr Ismail, 60000 TTDI, Federal Territory of Kuala Lumpur, Malaysia",TTDI,10656730273
101.6220998,3.1527945,AA Pharmacy,pharmacy,,"110, Jalan Burhanuddin Helmi, Taman Tun Dr Ismail, 60000 Kuala Lumpur, Wilayah Persekutuan Kuala Lumpur, Malaysia",Kuala Lumpur,10656730261
101.696728,3.1454918,Klinik Pergigian Kheng,dentist,,"132, Jalan Tun H S Lee, City Centre, 50000 Kuala Lumpur, Wilayah Persekutuan Kuala Lumpur, Malaysia",Kuala Lumpur,7242308389
101.6967737,3.1453224,Kheng Dental Clinic,dentist,,"132, Jalan Tun H S Lee, City Centre, 50000 Kuala Lumpur, Wilayah Persekutuan Kuala Lumpur, Malaysia",Kuala Lumpur,4659662389
101.7602793,2.9932778,Klinik Mediviron,clinic,,"NO 25GF, Jalan 8/1, Seksyen 8 Bandar Baru Bangi, 43650 Bandar Baru Bangi, Selangor, Malaysia",Bandar Baru Bangi,9965467782
100.3632027,6.1140726,Klinik Wan Zohdi Sdn Bhd,clinic,,"1148-A, Jalan Dato Wan, Muhamad Saman, Taman Pesisiran Tanjung Chali, 05400 Alor Setar, Kedah, Malaysia",Alor Setar,9267429518
101.7516298,3.0131635,Klinik Komuniti Taman Impian Ehsan,clinic,,"15, Jalan Balakong Jaya 2, Taman Impian Ehsan, 43200 Balakong, Selangor, Malaysia",Balakong,9819416995
101.6958134,3.1438838,Primary Care 4U,clinic,,"No 60-GF, Jalan Hang Kasturi, City Centre, 50050 Kuala Lumpur, Wilayah Persekutuan Kuala Lumpur, Malaysia",Kuala Lumpur,11659077135
101.7941741,2.991366,Cosway,pharmacy,,"Lot G27, Ground Floor, Metro Point Complex, Jalan Jelok 8,, Bandar Kajang, 43000 Kajang, Selangor, Malaysia",Kajang,4751683696
101.7908446,2.9920686,Caring Pharmacy,pharmacy,,"12, Jalan Raja Haroun, Bandar Kajang, 43000 Kajang, Selangor, Malaysia",Kajang,4751683681
101.5090588,3.0908414,Klinik Pergigian Zahida,dentist,,"24a, Jalan Liku B 8/B, Seksyen 8, 40000 Shah Alam, Selangor, Malaysia",Shah Alam,4730571682
101.788514,2.9927814,Poliklinik Zul & Rakan-rakan,doctor,,"10, Jalan Sulaiman, Bandar Kajang, 43000 Kajang, Selangor, Malaysia",Kajang,4752484300
101.7885173,2.9929469,Klinik Pergigian Saleha Suhaimi,dentist,,"No 4, Ground Floor, Jalan Sulaiman, Bandar Kajang, 43000 Kajang, Selangor, Malaysia",Kajang,4752484304
101.788815,2.9928046,Farmasi Lemed,pharmacy,,"3907, Persiaran Kolej, Serdang Jaya, 43300 Seri Kembangan, Selangor, Malaysia",Kajang,4752484303
101.7885118,2.9926215,Klinik Mega,doctor,,"16, Jalan Sulaiman, Bandar Kajang, 43000 Kajang, Selangor, Malaysia",Kajang,4752484293
101.7905191,2.9927185,Klinik Pergigian Aida,dentist,,"Lot 6, Tingkat 1, Wisma Komas, Jalan Semenyih, Kajang, 43000, Kajang, Selangor, Bandar Kajang, 43000 Kajang, Selangor, Malaysia",Kajang,4751683694
102.5971592,2.0602777,Salcare Pharmacy,pharmacy,,"4, Jalan Sungai Abong, Taman Pertama Indah, 84000 Muar, Johor Darul Ta'zim, Malaysia",Muar,12539160135
102.5979864,2.0604884,Klinik Salam,clinic,,"No 14 (Ground Floor, Jalan Indah, Taman Pertama Indah, 84000 Muar, Johor Darul Ta'zim, Malaysia",Muar,12539160134
103.3185451,2.0380204,Loving,pharmacy,,"1G, jalan ciku, Jln Haji Manan, Kampung Masjid Lama, 86000 Kluang, Johor Darul Ta'zim, Malaysia",Kluang,11391862772
103.3196658,2.036533,ALPRO Pharmacy Kluang,pharmacy,,"7, Jalan Manggis, Kampung Masjid Lama, 86000 Kluang, Johor Darul Ta'zim, Malaysia",Kluang,6564670488
101.7110509,3.1450273,Fong & Goh,dentist,,"Lot S011, 2nd Floor, Sungei Wang Plaza, Bukit Bintang, 55100 Kuala Lumpur, Wilayah Persekutuan Kuala Lumpur, Malaysia",Kuala Lumpur,7242330986
101.5933671,3.1540786,TRUEclinic,clinic,,"Pusat Perdagangan, 39-G, Jalan PJU 5/20, Kota Damansara, 47810 Petaling Jaya, Selangor, Malaysia",Petaling Jaya,12749473162
101.7921527,2.9916213,Klinik Pergigian Chua & Wan,dentist,,"No 10, Jalan Jelok 3, Bandar Kajang, 43000 Kajang, Selangor, Malaysia",Kajang,4751683675
101.7910119,2.991628,Medishop Pharmacy,pharmacy,,"24, Jln Tun Abdul Aziz, Bandar Kajang, 43000 Kajang, Selangor, Malaysia",Kajang,287701678
101.8032107,2.530447,Klinik Mediviron Port Dickson myhghst,hospital,,"No.7 (GF, Lebuhraya Seremban - Port Dickson, Pusat Perniagaan Lukut Prima, 71000 Port Dickson, Negeri Sembilan, Malaysia",Port Dickson,10584216425
104.2219378,1.3504043,Klinik Penawar,clinic,,"No. 34, Jalan Haji Abu Bakar, Kampung Sungai Rengit, 81620 Pengerang, Johor Darul Ta'zim, Malaysia",Pengerang,4101514689
101.8445241,2.9449379,Guardian,pharmacy,,"47-G, GF, Jalan Semenyih Sentral 3, Taman Semenyih Sentral, 43500 Semenyih, Selangor, Malaysia",Semenyih,10589164326
101.5953469,3.1207945,Guardian,pharmacy,,"CENTRE POINT BANDAR UTAMA LOT G102B & G103, GROUND FLOOR, Bandar Utama, 47800 Petaling Jaya, Selangor, Malaysia",Petaling Jaya,6296272102
114.0378579,4.5016513,Prime Borneo Clinic,clinic,,"Senadin Shophouse, KBLD, Lot 10581(GF, Jln Ilmu, 98000 Miri, Sarawak, Malaysia",Miri,11682272999
101.547815,3.1786146,Health Lane,pharmacy,,"No 7, (Ground floor), Jalan Nova U5/N Subang Besteri, Subang Bestari, 40150 Shah Alam, Selangor, Malaysia",Shah Alam,12041345410
101.5482858,3.176924,Poliklinik Rafflesia,clinic,,"49, Jalan Nova U5/N, Subang Bestari, 40150 Shah Alam, Selangor, Malaysia",Shah Alam,12041302752
114.0425639,4.4573624,Klinik LW Teng,clinic,,"Lot 5476, Desa Pujut 2, Bandar Permyjaya, Sarawak, Desa Pujut 2, 98000 Miri, Sarawak, Malaysia",Miri,12041959498
101.2491155,3.3407233,Guardian,pharmacy,,"28, Jalan Raja Jalil, 45000 Kuala Selangor, Selangor, Malaysia",Kuala Selangor,12043245244
100.9832065,3.7645705,Watsons,pharmacy,,"No 41 & No 43, GF, Jalan Menteri, Pusat Perniagaan Sabak Jaya, 45200 Sabak, Selangor, Malaysia",Sabak,12043422867
100.660894,4.2007909,Farmasi Hing,pharmacy,,"2458, Taman Samudera, 32040 Seri Manjung, Perak, Malaysia",Seri Manjung,12044906464
100.6601101,4.2016027,Farmasi i-Sihat,pharmacy,,"2280, Jalan Dato Yu Neh Huat, Taman Samudera, 32040 Seri Manjung, Perak, Malaysia",Seri Manjung,12044926349
100.4891147,5.6420711,Mega Kulim Pharmacy,pharmacy,,"20, Jalan Ibrahim, Sungai Petani, 08000 Sungai Petani, Kedah, Malaysia",Sungai Petani,4295575372
100.4890822,5.6397364,Surgeri Pergigian R.K. Raaj,dentist,,"Wisma Bandaran, 2 B, Jalan Ibrahim, 08000 Sungai Petani, Kedah, Malaysia",Sungai Petani,4295575293
100.4890679,5.6395213,Klinik Pergigian Dr. Rozaini,dentist,,"100, Jalan Legenda 1, Lagenda Heights, 08000 Sungai Petani, Kedah, Malaysia",Sungai Petani,4295565068
100.4889653,5.6402132,Klinik Joe,clinic,,"36, Jalan Ibrahim, 08000 Sungai Petani, Kedah, Malaysia",Sungai Petani,4295565067
100.4891656,5.6425764,Klinik Cinta Sayang,clinic,,"145, Jalan Kelab Cinta Sayang, Taman Ria Jaya, 08000 Sungai Petani, Kedah, Malaysia",Sungai Petani,4295565066
100.4890227,5.6395242,Klinik Cheng & Su,clinic,,"5, Jalan Ibrahim, Wisma Bandaran, 08000 Sungai Petani, Kedah, Malaysia",Sungai Petani,4295565065
100.4891364,5.6422863,Klinik Bersatu,clinic,,"16, Jalan Ibrahim, Sungai Petani, 08000 Sungai Petani, Kedah, Malaysia",Sungai Petani,4295565064
100.4890292,5.6395781,Klinik Pakar Perubatan Dr. Chng,clinic,,"4, Jalan Ibrahim, Wisma Bandaran, 08000 Sungai Petani, Kedah, Malaysia",Sungai Petani,4295565045
116.0902783,5.9626958,Klinik Doctor C. H. Kong,doctor,,"Ground Floor Lot 55, Block G, Jalan Damai Plaza Pusat Bandar Kota Kinabalu, Luyang Commercial Centre, 88300 Penampang, Sabah, Malaysia",Kota Kinabalu,10313953424
116.0897411,5.9624411,Richard Wong Optometry Clinic,doctor,optometry,"34, 1st Floor, Block E Jalan Damai, Damai Plaza, Phase 3, Luyang Commercial Centre, 88300 Kota Kinabalu, Sabah, Malaysia",Kota Kinabalu,10537715038
102.8108668,2.5166512,Klinik Mahkota,clinic,,"No. 5, Jalan Emas, Taman Batu Hampar, Segamat, Segamat, Kampung Gubah, 85000 Segamat District, Johor, Malaysia",Segamat District,185632242
116.0892502,5.9617287,Klinik Doctor Kheng,clinic,,"11, Jalan Damai, Luyang Commercial Centre, 88300 Kota Kinabalu, Sabah, Malaysia",Kota Kinabalu,10541994196
101.7908205,2.9891296,Poliklinik Sentosa,clinic,,"21, Jalan S10/2, Bandar Kajang, 43000 Kajang, Selangor, Malaysia",Kajang,5746878922
101.7953035,2.9773868,Pakar Wanita & Kanak-Kanak Britannia,clinic,,"65;;67, Jalan TKS 1, Taman Kajang Sentral, 43000 Kajang, Selangor, Malaysia",Kajang,4755588018
101.7947956,2.9773645,Klinik Mediviron,clinic,,"NO 25GF, Jalan 8/1, Seksyen 8 Bandar Baru Bangi, 43650 Bandar Baru Bangi, Selangor, Malaysia",Kajang,4755588016
101.7168649,3.0243675,Klinik Eternal,clinic,,"7-3, Jalan Dagang SB 4/3, Taman Sungai Besi Indah, 43300 Seri Kembangan, Selangor, Malaysia",Seri Kembangan,8811791817
101.791313,2.992228,Hospital Pusrawi SMC,clinic,,"Poliklinik Pusrawi SMC Kajang, 15-G, Jalan Sentosa Villa 1/1, Taman Sentosa Villa, 43000 Kajang, Selangor, Malaysia",Kajang,313042199
116.1563651,5.3383096,Sunlight Pharmacy,pharmacy,,"Lot no 23&24, Padasa Commercial Complex Jalan Bariawa Laut, 89000 Keningau, Sabah, Malaysia",Keningau,10574595333
102.4958204,5.7380739,Dr. Sapiah Medical Centre,clinic,,"Lot 408 & 409, Jalan Besar Jerteh, Terengganu, Kampung Tanduk, 22000 Besut, Terengganu, Malaysia",Besut,4548672389
103.0100116,5.0720628,Klinik Perubatan Wildan,clinic,,"KLINIK PERUBATAN WILDAN KUALA BERANG 24 JAM, Pt 841 & Pt 842 (Ground Floor Pusat Perdagangan, Kg. Rahmat, Kampung Rahmat, 21700 Kuala Berang, Terengganu, Malaysia",Kuala Berang,11933142818
102.5750212,2.0588223,Faridah Optometris Sdn Bhd,optometrist,,"118-7, Ground Floor, Jln Salleh, Kampung Parit Setongkat, 84000 Muar, Johor Darul Ta'zim, Malaysia",Muar,12535579372
103.3321946,2.0372175,Pei Kin Ginseng Hall,alternative,,"509, Jalan Mersing, Kluang Baru, 86000 Kluang, Johor Darul Ta'zim, Malaysia",Kluang,10296366155
100.397754,5.3988695,Jynns,alternative,,"LG-42&43, Sunway Carnival Shopping Complex, 13700 Seberang Jaya, Penang, Malaysia",Seberang Jaya,10298516597
101.5480347,3.1778087,Menara Optometry Subang Bestari,optometrist,,"29-1, Jalan Nova U5/N, Subang Bestari, 40150 Shah Alam, Selangor, Malaysia",Shah Alam,12041335811
101.4294773,3.2341799,Pusat Rawatan Islam Al Maliki,alternative,,"6, Jalan Niaga Bestari 4, Puncak Bestari, 42300 Puncak Alam, Selangor, Malaysia",Puncak Alam,10556289333
101.9468356,2.7100469,MOTHER MARIA SENIOR CARE CENTRE myhighst,unknown,,"335, Jalan Bkt Rasah, Bukit Rasah, 70300 Seremban, Negeri Sembilan, Malaysia",Seremban,10584900992
103.6554493,1.481098,Caring,pharmacy,,"Lot S51, 2Nd Floor, AEON Mall, No. 8, Jalan Indah 15/2, Bukit Indah, 79100 Iskandar Puteri, Johor, Malaysia",Iskandar Puteri,4197421735
101.7269354,3.10688,KKM Cheras,dentist,,"14, Jalan Yaacob Latif, Cheras, 56000 Kuala Lumpur, Wilayah Persekutuan Kuala Lumpur, Malaysia",Kuala Lumpur,4816610023
103.748024,1.5467785,a.b.c Dental Center,dentist,,"133, Jln Adda 3/1, Adda Heights, 81100 Johor Bahru, Johor Darul Ta'zim, Malaysia",Johor Bahru,9878376547
102.5858868,2.0484965,H-II Clinic,clinic,,"Ground Floor, 12, Jln Pesta 1/1, Taman Tun Dr Ismail, 84000 Muar, Johor, Malaysia",Muar,12535601310
102.6007111,2.0496155,Guardian,pharmacy,,"No. 23A & 25, Ground Floor, Jalan Gemilang Bakri 1, Pusat Komersial Gemilang, 84000 Bukit Bakri, Johor Darul Ta'zim, Malaysia",Bukit Bakri,12535634804
100.3984042,5.3999635,Himalaya,pharmacy,,"LG-K4 Sunway Carnival Mall 3068, Jalan Todak Pusat Bandar Seberang Jaya, 13700 Seberang Jaya, Penang, Malaysia",Seberang Jaya,10298516604
100.3979062,5.3996767,Guardian,pharmacy,,"LG-31, Jalan Todak, Pusat Bandar Seberang Jaya, 13700 Perai, Pulau Pinang, Malaysia",Perai,9470753313
101.152513,4.3099901,Kedai Ubat Tet Onn Tong,pharmacy,,"19, Jln Idris, Kampung Masjid, 31900 Kampar, Perak, Malaysia",Kampar,7690928953
101.151896,4.311403,Klinik P.M.C.,clinic,,"NO41, LALUAN BATU SINAR 2, KAMPAR SENTRAL, 31900 Kampar, Perak, Malaysia",Kampar,4936603883
101.1459297,4.326126,Klinik Manooj,clinic,,"2229, Jalan Batu Karang, Taman Bandar Baru, 31900 Kampar, Perak, Malaysia",Kampar,4936642285
101.6865005,3.1003029,Maxheal,pharmacy,,"5, Jalan 3/109 F, Taman Danau Desa, 58100 Kuala Lumpur, Wilayah Persekutuan Kuala Lumpur, Malaysia",Kuala Lumpur,10237569414
101.686497,3.1001175,Dr. Long,doctor,dermatology,"Jalan 2/109f, Taman Danau Desa, 58100 Kuala Lumpur, Wilayah Persekutuan Kuala Lumpur, Malaysia",Kuala Lumpur,10237569417
101.4252047,3.2322513,Klinik Desa Puncak Alam,clinic,,"89, Lorong Naluri Sukma 8/14, 45010 Puncak Alam, Selangor, Malaysia",Puncak Alam,8414436337
115.7334075,5.353434,Medisinar Klinik & Surgeri Beaufort,clinic,,"Lot no 107, ground floor, Jalan Beaufort Sentral 1, Pekan Beaufort, 89808 Beaufort, Sabah, Malaysia",Beaufort,10242369836
103.7572964,1.5879835,Guardian,pharmacy,,"No.C-01-07, Pusat Perdagangan Ekoflora, Jalan Ekoflora 7/5, Taman Ekoflora, 81100 Johor Bahru, Johor Darul Ta'zim, Malaysia",Johor Bahru,10243648008
101.7031535,3.1647332,Klinik Murni,clinic,,"39, Jalan Dang Wangi, Dang Wangi, 50100 Kuala Lumpur, Wilayah Persekutuan Kuala Lumpur, Malaysia",Kuala Lumpur,11264079110
101.6539637,3.1502316,Health Lane,pharmacy,,"77G, Jalan Medan Setia 1, Bukit Damansara, 50490 Kuala Lumpur, Wilayah Persekutuan Kuala Lumpur, Malaysia",Kuala Lumpur,7513049927
101.70254,3.1636557,Jaya-iss Farmacy,pharmacy,,"51D Tingkat Bawah Podium Zikay, Jln Raja Alang, Kampung Baru, 50300 Kuala Lumpur, Wilayah Persekutuan Kuala Lumpur, Malaysia",Kuala Lumpur,5193707821
101.6532353,3.1503221,Big Pharmacy,pharmacy,,"No. 88 & 90, Jalan SS21/39, Damansara Utama, 47400 Petaling Jaya, Selangor, Malaysia",Petaling Jaya,7513000274
101.6534588,3.1503246,Guardian,pharmacy,,"59, Jalan Medan Setia 1, Bukit Damansara, 50490 Kuala Lumpur, Wilayah Persekutuan Kuala Lumpur, Malaysia",Kuala Lumpur,7474028486
102.4945664,5.7379733,Klinik Jerteh,clinic,,"Lot PT 233 & 234, Jalan Haji Jusoh, Kampung Tanduk, 22000 Jerteh, Terengganu, Malaysia",Jerteh,4465660189
100.4891255,5.6421787,Be Good Pharmacy,pharmacy,,"18, Jalan Ibrahim, Sungai Petani, 08000 Sungai Petani, Kedah, Malaysia",Sungai Petani,4295565038
100.4891393,5.6419239,Poliklinik Perubatan,clinic,,"21A, Jalan Ibrahim, Sungai Petani, 08000 Sungai Petani, Kedah, Malaysia",Sungai Petani,4295565080
100.6621795,4.2000786,Ina Seri Impian,alternative,traditional_chinese_medicine,"Taman Samudera, 32040 Seri Manjung, Perak, Malaysia",Seri Manjung,12047042796
101.674582,3.0757197,Reiki Refuge,alternative,acupuncture,"55, Jalan Hujan Emas 4, Taman Overseas Union, 58200 Kuala Lumpur, Wilayah Persekutuan Kuala Lumpur, Malaysia",Kuala Lumpur,6404861949
101.674582,3.0757197,Reiki Refuge,alternative,reiki,"55, Jalan Hujan Emas 4, Taman Overseas Union, 58200 Kuala Lumpur, Wilayah Persekutuan Kuala Lumpur, Malaysia",Kuala Lumpur,6404861949
101.674582,3.0757197,Reiki Refuge,alternative,traditional_chinese_medicine,"55, Jalan Hujan Emas 4, Taman Overseas Union, 58200 Kuala Lumpur, Wilayah Persekutuan Kuala Lumpur, Malaysia",Kuala Lumpur,6404861949
100.6416582,4.1605719,Balai Bomba TNB Janamanjung,clinic,,"Stesen Janakuasa, Sultan Azlan Shah, 32200 Seri Manjung, Perak, Malaysia",Seri Manjung,12045080246
100.6613009,4.2006222,Klinik Pergigian Manjung,dentist,,"2451, Taman Samudera,32040 Seri Manjung, Taman Samudera, 32040 Seri Manjung, Perak, Malaysia",Seri Manjung,12045501025
100.6610749,4.1996532,Kumpulan Poliklinik Manjung,clinic,,"NO. 2476A & 2477A, Taman Samudera, 32040 Seri Manjung, Perak, Malaysia",Seri Manjung,12045966129
100.6594292,4.2022554,Klinik Perubatan Loke,clinic,,"2264, Tingkat Bawah, Taman Samudera, Jalan Dato Yu Neh Huat, Taman Samudera, 32040 Seri Manjung, Perak, Malaysia",Seri Manjung,12046034183
114.0091359,4.4721191,Klinik Lutong,clinic,,"8, Lutong, 98000, Sarawak, Malaysia",Lutong,12046447996
101.6539361,3.1493683,iCare Dental,dentist,,"52, Jalan Medan Setia 2, Bukit Damansara, 50490 Kuala Lumpur, Wilayah Persekutuan Kuala Lumpur, Malaysia",Kuala Lumpur,7513290698
101.6726913,3.1325173,mydentist,dentist,,"91, Jalan Maarof, Bangsar, 59000 Kuala Lumpur, Wilayah Persekutuan Kuala Lumpur, Malaysia",Kuala Lumpur,4625322390
101.6487594,3.1684525,Global Doctors Hospital,hospital,,"18, Jln Kiara 3, Mont Kiara, 50480 Kuala Lumpur, Wilayah Persekutuan Kuala Lumpur, Malaysia",Kuala Lumpur,5418179021
101.6808613,3.183529,Foo Dental Surgery,dentist,general,"Kompleks Batu, 528a, Jln Sultan Azlan Shah, Taman Million, 51200 Kuala Lumpur, Wilayah Persekutuan Kuala Lumpur, Malaysia",Kuala Lumpur,9450220635
101.6808613,3.183529,Foo Dental Surgery,dentist,orthodontics,"Kompleks Batu, 528a, Jln Sultan Azlan Shah, Taman Million, 51200 Kuala Lumpur, Wilayah Persekutuan Kuala Lumpur, Malaysia",Kuala Lumpur,9450220635
113.987036,4.3958994,CJ Clinic,clinic,,"248, Jalan Gardenia, 98000 Miri, Sarawak, Malaysia",Miri,12050820682
113.9869966,4.3949306,KS Hoo Pharmacy,pharmacy,,"Lot 308, Beautiful Jade Centre, Jalan Nahkoda Gampar, Road, 98000 Miri, Sarawak, Malaysia",Miri,12050820681
101.4282054,3.2364692,100 Vision,optometrist,,"Lot G11, Ground Floor, Tesco, 1, Jalan Niaga Bestari 9, Puncak Bestari, 42300 Puncak Alam, Selangor, Malaysia",Puncak Alam,9952169640
101.6702403,3.1280284,Medi Klinik Lee & Goh,clinic,,"9, Persiaran Ara Kiri, Bangsar, 59100 Kuala Lumpur, Wilayah Persekutuan Kuala Lumpur, Malaysia",Kuala Lumpur,10199618601
101.6701722,3.1280426,Klinik Primecare,clinic,,"G-3A(GF, Suite Sentral, 248, Jalan Tun Sambanthan, Brickfields, 50470 Kuala Lumpur, Wilayah Persekutuan Kuala Lumpur, Malaysia",Kuala Lumpur,10199618602
101.6703145,3.1280071,Klinik Familycare,clinic,,"No. 7, Persiaran Ara Kiri, Bangsar, 59100 Kuala Lumpur, Wilayah Persekutuan Kuala Lumpur, Malaysia",Kuala Lumpur,10199618599
101.1435625,4.3256583,Klinik Bandar Baru,clinic,,"2173, Jalan Batu Karang, Taman Bandar Baru, 31900 Kampar, Perak, Malaysia",Kampar,6583628967
101.1459638,4.3263087,Mediklinik Menglembu (Kampar),clinic,,"2226, Jalan Batu Karang, Taman Bandar Baru, Bandar Baru, 31900 Kampar, Perak, Malaysia",Kampar,6583628928
101.1450031,4.3261356,Mediklinik Zulfli,clinic,,"2245, Jalan Batu Sinar, Taman Bandar Baru, 31900 Kampar, Perak, Malaysia",Kampar,4936642288
101.1461035,4.3274857,Klinik 1Malaysia,clinic,,"2173, Jalan Batu Karang, Taman Bandar Baru, 31900 Kampar, Perak, Malaysia",Kampar,4936642282
101.1508376,4.3141248,卫生堂药行,pharmacy,,"Jalan Ampang, Kampung Masjid, 31900 Kampar, Perak, Malaysia",Kampar,4936603836
101.1533776,4.3100097,Peng Mun Kelinik,clinic,,"45-49, Jalan Medan Taiping 2, Medan Taiping, 34000 Taiping, Perak, Malaysia",Taiping,7693366265
101.1533819,4.3099545,Klinik Loh,clinic,,"5, Jln Gopeng, Kampung Masjid, 30250 Kampar, Perak, Malaysia",Kampar,7693366264
101.6687898,3.1966107,Klinik Seri Indah,clinic,general,"Taman City, 51200 Kuala Lumpur, Wilayah Persekutuan Kuala Lumpur, Malaysia",Kuala Lumpur,7557932353
101.668801,3.1966812,Klinik City,clinic,general,"31, Jln Kuching, Taman City, 51200 Kuala Lumpur, Wilayah Persekutuan Kuala Lumpur, Malaysia",Kuala Lumpur,7281346575
101.6983073,3.1707324,Sunway Pharmacy Jalan Pahang,pharmacy,,"Wisma SBC, 74A-C, Jalan Pahang, Titiwangsa Sentral, 53000 Kuala Lumpur, Federal Territory of Kuala Lumpur, Malaysia",Kuala Lumpur,9450544178
101.69859,3.1717848,Klinik Inocare,clinic,,"G06 & G07 VUE Residence Service Suite, 102, Jalan Pahang, Titiwangsa Sentral, 53300 Kuala Lumpur, Federal Territory of Kuala Lumpur, Malaysia",Kuala Lumpur,10883802094
101.1487082,4.3243871,SJAM-KPS Pusat Hemodialisis Kampar,clinic,,"1789 & 1790, Jalan Intan, Bandar Baru, 31900 Kampar, Perak, Malaysia",Kampar,6598596695
118.6042341,4.4829151,Hospital Semporna,hospital,,"Peti Surat 80, Pekan Semporna, 91307 Semporna, Sabah, Malaysia",Semporna,4021991198
101.6100072,2.9795387,BIG Pharmacy,pharmacy,,"37, Ground Floor, Jalan Bpu 2, Bandar Puchong Utama, 47150 Puchong, Selangor, Malaysia",Puchong,12082386286
101.6110424,2.9795372,CARiNG Pharmacy,pharmacy,,"37-G, Tanming Boulevard, Jalan Meranti Jaya 3/1, Taman Meranti Jaya, 47120 Puchong, Selangor, Malaysia",Puchong,12082386285
101.6091526,2.9795263,Health Lane Pharmacy,pharmacy,,"No. 65-G & 67-G Block D, Tanming Boulevard, Jalan Meranti Jaya 3/1, Taman Meranti Jaya, 47120 Puchong, Selangor, Malaysia",Puchong,12082386287
101.6099371,2.9795434,AA Pharmacy,pharmacy,,"No. 47-G, Block C, Tanming Boulevard, Jalan Meranti Jaya 3/1, Taman Meranti Jaya, 47100 Puchong, Selangor, Malaysia",Puchong,12082386291
113.9923366,4.3431234,Mi Pharmacy,pharmacy,,"Ground Floor, Lot 9540 Block 1, Lambir Land District, 98000 Miri, Sarawak, Malaysia",Miri,11510770753
103.3194709,2.0353238,Klinik Mesra Kluang 居銮仁民诊所,clinic,general,"G-34, Jln Haji Manan, Bandar Kluang, 86000 Kluang, Johor Darul Ta'zim, Malaysia",Kluang,12754577962
103.3194709,2.0353238,Klinik Mesra Kluang 居銮仁民诊所,clinic,dermatology,"G-34, Jln Haji Manan, Bandar Kluang, 86000 Kluang, Johor Darul Ta'zim, Malaysia",Kluang,12754577962
103.3194709,2.0353238,Klinik Mesra Kluang 居銮仁民诊所,clinic,otolaryngology,"G-34, Jln Haji Manan, Bandar Kluang, 86000 Kluang, Johor Darul Ta'zim, Malaysia",Kluang,12754577962
103.3194709,2.0353238,Klinik Mesra Kluang 居銮仁民诊所,clinic,emergency,"G-34, Jln Haji Manan, Bandar Kluang, 86000 Kluang, Johor Darul Ta'zim, Malaysia",Kluang,12754577962
103.3194709,2.0353238,Klinik Mesra Kluang 居銮仁民诊所,clinic,blood_check,"G-34, Jln Haji Manan, Bandar Kluang, 86000 Kluang, Johor Darul Ta'zim, Malaysia",Kluang,12754577962
103.3194709,2.0353238,Klinik Mesra Kluang 居銮仁民诊所,clinic,allergology,"G-34, Jln Haji Manan, Bandar Kluang, 86000 Kluang, Johor Darul Ta'zim, Malaysia",Kluang,12754577962
101.6026831,3.1136531,Mini Child Specialist Clinic,clinic,paediatrics,"No.127, Jalan SS 25/2, Taman Bukit Emas, 47300 Petaling Jaya, Selangor, Malaysia",Petaling Jaya,8360928432
100.6153393,5.2123227,Klinik Pergigian Serdang,dentist,,"Serdang, 09800 Serdang, Kedah, Malaysia",Serdang,12431591511
116.1066862,5.9664759,Acme Dental KK,dentist,,"Lot 2, Ground Floor, Latitude 6 Commercial Centre Off, Jln Lintas, Taman Bunga Raja (Phase 3 & 4), 88300 Kota Kinabalu, Sabah, Malaysia",Kota Kinabalu,10160258355
101.1343688,4.3354106,Pusat Pakar Pesakit Luar,unknown,,"Jln Profesor Diraja Ungku Aziz, Lembah Pantai, 59100 Kuala Lumpur, Selangor, Malaysia",Kuala Lumpur,11260391764
116.0876217,5.9620386,AQLab,laboratory,,"Ground Floor, Shoplot 4, Taman Friendly Phase 3, Lorong Nibung, 4A, Off, Jalan Kolam, Jalan Damai, 88300 Kota Kinabalu, Sabah, Malaysia",Kota Kinabalu,10274752944
101.7870928,2.9308939,PPV Universiti Kebangsaan Malaysia,vaccination_centre,vaccination,"Lingkungan Ilmu, 43600 Bangi, Selangor, Malaysia",Bangi,8848144458
115.0089356,4.7535929,Ting Pharmacy (Limbang),pharmacy,,"LOT. 43, GROUND FLOOR, JALAN WONG TSAP EN, Jalan Main Bazaar, Pekan Limbang, 98700 Limbang, Sarawak, Malaysia",Limbang,10180756588
115.0106402,4.7544189,Guardian,pharmacy,,"Lot 2002, Ground Floor, District, Tmn Metro, Jalan Beserah, Pekan Limbang, 98700 Limbang, Sarawak, Malaysia",Limbang,10180756586
115.0089543,4.7536603,PMG Pharmacy (Limbang),pharmacy,,"Lot No.45, G/F, Jalan Wong Tsap En, 98707, Pekan Limbang, 98700 Limbang, Sarawak, Malaysia",Limbang,10180756587
101.6854324,3.1778021,Klinik Putrimedik,clinic,general,"B-00-10, Viva Residency, OFF, Jalan Suppiah Pillay, Jalan Ipoh, 51200 Kuala Lumpur, Wilayah Persekutuan Kuala Lumpur, Malaysia",Kuala Lumpur,9450477940
101.6828366,3.1807778,Klinik Yoong,clinic,general,"No. 92-M, Jalan SS 21/35, Damansara Utama, 47400 Petaling Jaya, Selangor, Malaysia",Kuala Lumpur,9450272094
101.6826062,3.1810932,AA Pharmacy Jalan Ipoh Batu 3,pharmacy,,"NO. 483, Batu 3, Jln Ipoh, Taman Million, 51200 Kuala Lumpur, Wilayah Persekutuan Kuala Lumpur, Malaysia",Kuala Lumpur,9448898606
101.6829264,3.1807033,Health Lane Family Pharmacy Jalan Ipoh Batu 3,pharmacy,,"465, Jln Sultan Azlan Shah, Taman Million, 51100 Kuala Lumpur, Wilayah Persekutuan Kuala Lumpur, Malaysia",Kuala Lumpur,9448854231
101.7240312,3.1655609,Klinik Komuniti UTC Keramat,clinic,,"Lot 3, Tingkat UG, Kompleks Perniagaan Keramat Mall, Jalan, Kampung Datuk Keramat, 54000 Kuala Lumpur, Wilayah Persekutuan Kuala Lumpur, Malaysia",Kuala Lumpur,9985836961
102.9489676,1.8652695,Watson,pharmacy,,"Lot GTT1, Ground Floor , Square, One Shopping Mall, Taman Flora Utama, 83000 Batu Pahat, Johor Darul Ta'zim, Malaysia",Batu Pahat,12517816617
100.4758539,5.2833059,Guardian,pharmacy,,"9-G & 11-G, Jalan Iconic Point, 14100 Simpang Ampat, Pulau Pinang, Malaysia",Simpang Ampat,10692522119
102.9450141,1.8692651,AMPM Pharmacy,pharmacy,,"34, Jalan Kundang 3, Taman Bukit Pasir, 83000 Batu Pahat, Johor Darul Ta'zim, Malaysia",Batu Pahat,12517881118
102.9428033,1.8688125,益源中医馆,alternative,traditional_chinese_medicine,"1-23, Jalan Maju 3, Taman Maju, 83000 Batu Pahat, Johor Darul Ta'zim, Malaysia",Batu Pahat,12517872795
114.0254681,4.4511105,Premier Integrated Labs,laboratory,pathology,"Lot 10602, Ground Floor and Second Floor, Pujut 7 Commercial Centre, Sungai Merapa, Jalan Pujut 7, Lutong, 98000 Miri, Sarawak, Malaysia",Miri,11826799833
114.0254681,4.4511105,Premier Integrated Labs,laboratory,haematology,"Lot 10602, Ground Floor and Second Floor, Pujut 7 Commercial Centre, Sungai Merapa, Jalan Pujut 7, Lutong, 98000 Miri, Sarawak, Malaysia",Miri,11826799833
114.0254681,4.4511105,Premier Integrated Labs,laboratory,endocrinology,"Lot 10602, Ground Floor and Second Floor, Pujut 7 Commercial Centre, Sungai Merapa, Jalan Pujut 7, Lutong, 98000 Miri, Sarawak, Malaysia",Miri,11826799833
114.0254681,4.4511105,Premier Integrated Labs,laboratory,allergology,"Lot 10602, Ground Floor and Second Floor, Pujut 7 Commercial Centre, Sungai Merapa, Jalan Pujut 7, Lutong, 98000 Miri, Sarawak, Malaysia",Miri,11826799833
101.7006542,3.1710716,Jabatan Anestesiologi & Rawatan Rapi,unknown,,"43400 Serdang, Selangor, Malaysia",Serdang,12438175530
101.6042066,3.113521,Pathlab,laboratory,,"87-91, Wisma KAM, Jalan SS 25/2, Taman Bukit Emas, 47301 Petaling Jaya, Selangor, Malaysia",Petaling Jaya,6294224679
100.3073012,5.4404376,max care,dentist,,"7304, Jalan Raja Uda, Taman Anggerik, 12300 Butterworth, Pulau Pinang, Malaysia",Butterworth,6605390990
101.561936,3.2115059,Klinik Medipulse,clinic,,"58, Jalan BRP 1/2, Bukit Rahman Putra, 47000 Sungai Buloh, Selangor, Malaysia",Sungai Buloh,10813696308
101.6966248,3.1489513,Tiho Dental Clinic,dentist,,"Wisma Lau Chung No. 11&13, 2nd Floor, Jalan Tun Perak, City Centre, 50050 Kuala Lumpur, Wilayah Persekutuan Kuala Lumpur, Malaysia",Kuala Lumpur,11204915820
101.6965192,3.1476282,M.S. Ally Pharma,pharmacy,,"BANGUNAN M.S. ALLY, 16, Jalan Tun Tan Siew Sin, City Centre, 50050 Kuala Lumpur, Wilayah Persekutuan Kuala Lumpur, Malaysia",Kuala Lumpur,10588065112
101.7155557,3.1989331,Klinik Pesona,clinic,,"126-3-11 126, METRO GENTING KLANG, Jalan Genting Kelang, Setapak, 53300 Kuala Lumpur, Wilayah Persekutuan Kuala Lumpur, Malaysia",Kuala Lumpur,7315487389
101.7125269,3.1951448,Klinik Dan Surgeri Loo,clinic,general,"217, Jalan Genting Kelang, Setapak, 53200 Kuala Lumpur, Wilayah Persekutuan Kuala Lumpur, Malaysia",Kuala Lumpur,9457486568
101.7124878,3.1951112,Hai-O Setapak,pharmacy,,"213, Jalan Genting Kelang, Setapak, 53300 Kuala Lumpur, Wilayah Persekutuan Kuala Lumpur, Malaysia",Kuala Lumpur,9457485832
101.7395035,3.0988431,Klinik Mediviron,clinic,,"228, Jalan Mahkota, Maluri, 55100 Kuala Lumpur, Wilayah Persekutuan Kuala Lumpur, Malaysia",Kuala Lumpur,11964277042
103.0223237,1.8541588,Klinik Sinar,clinic,,"No 7, Jalan Kencana 1a/1, Sri Gading, 83300 Sri Gading, Johor Darul Ta'zim, Malaysia",Sri Gading,6040748386
101.7289685,3.1669089,Klinik Menara,clinic,,"Menara Promet, 4.02, Jln Sultan Ismail, Kuala Lumpur, 50540 Kuala Lumpur, Wilayah Persekutuan Kuala Lumpur, Malaysia",Kuala Lumpur,3033804029
101.5354907,3.1018407,Guardian,pharmacy,,"Bukit Jelutong, 40150 Shah Alam, Selangor, Malaysia",Shah Alam,11222275783
101.5728153,3.0303971,Klinik Sri Manja,clinic,,"5, Jalan PJS 6/2B, Kampung Lindungan, 46000 Petaling Jaya, Selangor, Malaysia",Petaling Jaya,4418305790
101.6975978,3.1486201,Klinik Setia,clinic,,"37, Jalan Tun H S Lee, City Centre, 50000 Kuala Lumpur, Wilayah Persekutuan Kuala Lumpur, Malaysia",Kuala Lumpur,10230245302
101.6962972,3.1676215,Klinik Teh,clinic,,"13, Jln Raja Laut, Chow Kit, 50350 Kuala Lumpur, Wilayah Persekutuan Kuala Lumpur, Malaysia",Kuala Lumpur,10056009548
101.5900833,3.0468526,Poliklinik Ananthan,clinic,,"D3-00-01, Persiaran Kewajipan, Usj 8, 47610 Subang Jaya, Selangor, Malaysia",Subang Jaya,4561283470
101.5903702,3.0469665,Klinik Subang Perdana,clinic,,"Seksyen U3, 30-G, Jalan Dinar F U3/F, Taman Subang Perdana, 40150 Shah Alam, Selangor, Malaysia",Shah Alam,4520777191
103.3517719,2.0541025,Klinik Vr Family Care,hospital,general,"15, Jln Kluang - Paloh, Taman Sri Tengah, 86000 Kluang, Johor Darul Ta'zim, Malaysia",Kluang,12455620213
101.5227451,3.2178438,Klinik Elminna,clinic,,"7-G, Jalan Aman Damai G U17/G Aman Putri, Seksyen, U17 Shah Alam, 40160 Shah Alam, Selangor, Malaysia",Shah Alam,10830050927
116.050434,5.8945325,Klinik 1 Malaysia,clinic,,"Lot 8, Jln Putatan, Putatan, 88300 Kota Kinabalu, Sabah, Malaysia",Kota Kinabalu,12452535284
102.9309471,1.8387939,Mediwell Pharmacy,pharmacy,,"15, Jalan Zamrud 1, Taman Dagang, 83000 Batu Pahat, Johor Darul Ta'zim, Malaysia",Batu Pahat,12488389802
101.4456789,3.2385532,Klinik Dr. Suhaida,clinic,,"22A, Jalan Ppaj 1/1, Pusat Perdagangan Alam Jaya, 42300 Puncak Alam, Selangor, Malaysia",Puncak Alam,10255320183
101.5766502,3.1185979,BiG Pharmacy,pharmacy,,"No. 25 & 25, 1, Jalan Opera F U2/F, Taman TTDI Jaya, 40150 Shah Alam, Selangor, Malaysia",Shah Alam,12039025986
110.352902,1.5127412,Specialist Eye Centre,doctor,,"Ground Floor, Sublot No. 25-26 Of Parent Lot 3257 Block 16, KCLD, GalaCity, Jalan Tun Jugah, Kempas Heights, 93350 Kuching, Sarawak, Malaysia",Kuching,12778741076
101.7030961,3.1720422,Wad Radioiodin,unknown,,"50586 Kuala Lumpur, Wilayah Persekutuan Kuala Lumpur, Malaysia",Kuala Lumpur,12465077121
101.7125023,3.1950971,Xiamen Chinese Medical Acupunture Centre,alternative,traditional_chinese_medicine,"215, Jalan Genting Kelang, Setapak, 53300 Kuala Lumpur, Wilayah Persekutuan Kuala Lumpur, Malaysia",Kuala Lumpur,9457481252
101.7018368,3.1718779,Kaunter Daftar Masuk Wad,unknown,,"103, Jalan Utama Hospital, 50586 Kuala Lumpur, Wilayah Persekutuan Kuala Lumpur, Malaysia",Kuala Lumpur,12462788230
101.7009522,3.1723785,Jabatan Radiologi,unknown,,"145, Jln Tun Razak, 50400 Kuala Lumpur, Wilayah Persekutuan Kuala Lumpur, Malaysia",Kuala Lumpur,12446846623
103.7587219,1.5762709,Klinik MediChan,clinic,,"23, Jln Setia 3/13, Taman Setia Indah, 81100 Johor Bahru, Johor Darul Ta'zim, Malaysia",Johor Bahru,11198639687
101.6160867,3.0265471,Alpro Pharmacy - Bandar Puteri Puchong,pharmacy,,"13-G, Jalan Puteri 1/6, Bandar Puteri, 47100 Puchong, Selangor, Malaysia",Puchong,9924537159
101.6789917,3.1981787,Kedai Ubat Soon Hong,pharmacy,,"734, Jln Ipoh, Taman Eastern, 51200 Kuala Lumpur, Wilayah Persekutuan Kuala Lumpur, Malaysia",Kuala Lumpur,9451696732
101.6790209,3.1981206,Leela Clinic,clinic,general,"K3, Jln Sultan Azlan Shah, Taman Eastern, 51200 Kuala Lumpur, Wilayah Persekutuan Kuala Lumpur, Malaysia",Kuala Lumpur,9404646370
101.7573331,3.1398613,Klinik Mediviron,clinic,,"228, Jalan Mahkota, Maluri, 55100 Kuala Lumpur, Wilayah Persekutuan Kuala Lumpur, Malaysia",Kuala Lumpur,10012603399
101.7607836,3.1514048,Klinik Pergigian Abdul,dentist,,"Batu 5, Lot 38G, Jalan Besar Ampang, Pekan Ampang, 68000 Ampang, Selangor, Malaysia",Ampang,7602508255
101.083773,4.5945173,HTM Pharmacy,pharmacy,,"26-5, Jalan Theatre, Taman Jubilee, 30300 Ipoh, Perak, Malaysia",Ipoh,11210486763
101.7132215,3.1958758,Big Pharmacy,pharmacy,,"No. 249, Ground Floor, Jalan Genting Kelang, Taman Ayer Panas, 53300 Kuala Lumpur, Wilayah Persekutuan Kuala Lumpur, Malaysia",Kuala Lumpur,8938240803
110.3376268,1.5246752,London Fertility Centre,clinic,,"1st Floor, Lot 2753, Jalan Tun Ahmad Zaidi Adruce, Central Park, 93150 Kuching, Sarawak, Malaysia",Kuching,12466733280
102.9402176,1.8663462,Farmasi Life Care,pharmacy,,"4&5, Jalan Kundang 3a, Taman Bukit Pasir, 83000 Batu Pahat, Johor Darul Ta'zim, Malaysia",Batu Pahat,12517685653
110.3377247,1.534022,Chen Dental Specialist Clinic,dentist,,"50.1, Jalan Tun Ahmad Zaidi Adruce & Lorong 18, Kueh Hock Commercial Centre, 93150 Kuching, Sarawak, Malaysia",Kuching,12468794217
102.9404289,1.8655173,AM PM Farmasi,pharmacy,,"34, Jalan Kundang 3, Taman Bukit Pasir, 83000 Batu Pahat, Johor Darul Ta'zim, Malaysia",Batu Pahat,12512156457
101.7066246,3.133585,Pakar Buwasir Peking,clinic,,"No . 35 (ground floor, Jalan Suppiah Pillay, 3rd Mile Jalan Ipoh, 51200 Kuala Lumpur, Wilayah Persekutuan Kuala Lumpur, Malaysia",Kuala Lumpur,12264992189
113.9946807,4.4002167,Createeth Dental Clinic,dentist,,"Ground Floor, Lot 586, Jalan Sim Cheng Kay, 98000 Miri, Sarawak, Malaysia",Miri,12088374077
113.9789548,4.389285,MySmile Dental Clinic,dentist,,"Marina, Lot 2052, Lorong Marina 3/2, Phase 1, 98000 Miri, Sarawak, Malaysia",Miri,11553954222
101.6978058,3.1481162,Poliklinik Sri Prima,clinic,,"Ground Floor, 68, Jalan Tun Perak, City Centre, 50050 Kuala Lumpur, Wilayah Persekutuan Kuala Lumpur, Malaysia",Kuala Lumpur,12486229359
101.77424,2.9709397,Klinik As-Salam,doctor,,"69-71, Jalan 7/7c, Seksyen 7, 43650 Bandar Baru Bangi, Selangor, Malaysia",Bandar Baru Bangi,4756642368
101.5766087,3.1184422,i Care Dental,dentist,,"F10 FIRST FLOOR TESCO ARA DAMANSARA, NO. 1 JALAN PJU 1A/3A, ARA DAMANSARA PJU 1A, 47301 Petaling Jaya, Selangor, Malaysia",Petaling Jaya,12039051709
101.4452673,3.2398128,Klinik Mediviron Puncak Alam,clinic,,"62A, Jalan Ppaj 1/1, Pusat Perbandaran, Jalan Persiaran Puncak Alam 6, Pusat Perdagangan Alam Jaya, 42300 Puncak Alam, Selangor, Malaysia",Puncak Alam,11262051532
101.6208401,2.9939706,Farmasi BIG,pharmacy,,"37, Ground Floor, Jalan Bpu 2, Bandar Puchong Utama, 47150 Puchong, Selangor, Malaysia",Puchong,12475783571
101.7570112,2.9628517,Farmasi Alpro,pharmacy,,"55, Jln Diplomatik, Presint 15, 62050 Putrajaya, Wilayah Persekutuan Putrajaya, Malaysia",Putrajaya,7704986195
101.7542049,2.9642742,Klinik Nur Syifa,clinic,,"77, Jalan 8/1, Seksyen 8, 43650 Bandar Baru Bangi, Selangor, Malaysia",Bandar Baru Bangi,12243540218
102.1423066,6.0442659,Klinik Nik Azam,clinic,,"LOT PT 57, Jalan JKR, Pekan Pasir Mas, 17000 Pasir Mas, Kelantan, Malaysia",Pasir Mas,11649749229
102.2804832,6.0996459,Hospital Universiti Sains Malaysia,hospital,,"Jln Raja Perempuan Zainab II, Kubang Kerian, 16150 Kota Bharu, Kelantan, Malaysia",Kota Bharu,12784431473
110.303582,1.5100374,Klinik Pergigian Core,dentist,,"Ground floor Lot 6561, Block 225 Kuching North Land District, Jalan Batu Kawa, Taman Desa Wira, 93250 Kuching, Sarawak, Malaysia",Kuching,12455724322
100.8715276,5.6566889,Farmasi Pulai Jaya,pharmacy,,"No.50, Jln Pulai Mutiara 4/9, Taman Pulai Mutiara, 81300 Johor Bahru, Johor Darul Ta'zim, Malaysia",Johor Bahru,10019055713
101.7619858,3.1207463,Guardian,pharmacy,,"1, Jalan Perdana 4/5, Pandan Perdana, 55300 Kuala Lumpur, Selangor, Malaysia",Kuala Lumpur,12465037828
101.7615989,3.1211586,Health Lane Pharmacy,pharmacy,,"23, Jalan Bunga Tanjung 6a, Taman Putra, 68000 Ampang, Selangor, Malaysia",Ampang,12465037827
101.7628559,3.1206102,Klinik Dr Abdul Razak,clinic,,"43, Jalan Bunga Tanjung 9c, Taman Putra, 68000 Ampang, Selangor, Malaysia",Ampang,7660555479
101.7629105,3.1196193,AA Pharmacy,pharmacy,,"8G & 8M, Jalan Pandan Indah 4/8, Pandan Indah, 55100 Kuala Lumpur, Selangor, Malaysia",Kuala Lumpur,12465037837
101.7600046,3.1193191,BIG Pharmacy,pharmacy,,"No. 1 & 3, Ground Floor, Jalan Pandan 3/5, Pandan Jaya, 55100 Kuala Lumpur, Wilayah Persekutuan Kuala Lumpur, Malaysia",Kuala Lumpur,12465037835
101.7599788,3.1196533,CARiNG Pharmacy,pharmacy,,"28,Jalan Bunga Tanjung 9 Taman Muda,Cheras, Taman Muda, 56100 Kuala Lumpur, Selangor, Malaysia",Kuala Lumpur,12465037834
101.5042264,2.8140525,Klinik Dr. Care Banting,clinic,general,"184, Jalan Sultan Abdul Samad, Banting, 42700 Banting, Selangor, Malaysia",BANTING,12525741957
101.5042264,2.8140525,Klinik Dr. Care Banting,clinic,surgery,"184, Jalan Sultan Abdul Samad, Banting, 42700 Banting, Selangor, Malaysia",BANTING,12525741957
113.9946581,4.3998795,Lily Chinese Physician Center,alternative,traditional_chinese_medicine,"Lot. 785, Ground Floor, Jalan Bintang Jaya Utama, Bintang Jaya, 98000 Miri, Sarawak, Malaysia",Miri,12040360238
101.6928366,2.8262646,Fisioterapi Flooreka,physiotherapist,,"Warisan Puteri, 26-2, Jalan Arena, Kota Warisan, 43900 Sepang, Selangor, Malaysia",Sepang,12475402075
101.6176536,3.0333984,Top One,optometrist,,"No. 80G, Jalan Bandar 2, Pusat Bandar Puchong, 47100 Puchong, Selangor, Malaysia",Puchong,12451884700
101.1523169,4.3119888,Kwong Yuen Choon Kee,alternative,traditional_chinese_medicine,"69, Jln Idris, Kampung Masjid, 31900 Kampar, Perak, Malaysia",Kampar,12777412757
100.4763324,5.1312261,Klinik Desa Permatang Tok Mahat,clinic,,"Permatang Tok Mahat Nibong Tebal, Taman Harapan, 14300 Parit Buntar, Penang, Malaysia",Parit Buntar,12522239436
114.0394435,4.4784511,Guardian,pharmacy,,"Lot 102, 103 & 104,Ground Floor, Permy Mall, Bandar Baru Permyjaya, 98000 Miri, Sarawak, Malaysia",Miri,11738562472
101.7015141,3.1738185,Senses Pharmacy,pharmacy,,"Taman Sains Selangor, 47810 Petaling Jaya, Selangor, Malaysia",Petaling Jaya,11938911164
100.6119519,5.2094932,Poliklinik Dr. Azhar dan Rakan-Rakan,clinic,,"Jalan Raya, Serdang, 09800 Serdang, Kedah, Malaysia",Serdang,12443040871
101.6827407,3.1808429,Big Pharmacy,pharmacy,,"No. 473 & 471, Ground Floor, , Jalan Ipoh, Batu 3, Jln Sultan Azlan Shah, Taman Million, 51200 Kuala Lumpur, Wilayah Persekutuan Kuala Lumpur, Malaysia",Kuala Lumpur,11127526094
101.6826998,3.1809095,Hello Dental Clinic,dentist,,"475, Jln Sultan Azlan Shah, Taman Million, 51200 Kuala Lumpur, Wilayah Persekutuan Kuala Lumpur, Malaysia",Kuala Lumpur,11127526081
102.9498912,1.8634789,Klinik Pakar Kanak-Kanak Az-Zahraa,clinic,paediatrics,"29, Jalan Flora Utama 1, Taman Flora Utama, 83000 Batu Pahat, Johor Darul Ta'zim, Malaysia",Batu Pahat,12450773480
102.9499484,1.8634521,Klinik Pergigian Dr. Aziza,dentist,,"30 (ground floor, Jalan Flora Utama 1, Taman Flora Utama, 83000 Batu Pahat, Johor Darul Ta'zim, Malaysia",Batu Pahat,12450798205
110.3285036,1.5183457,Public Clinic,clinic,,"NO.106, GROUND FLOOR, SUNNY PARK, Jalan Dogan, Batu Kawa, 93250 Kuching, Sarawak, Malaysia",Kuching,12450905862
110.3096143,1.5113287,Alpro,pharmacy,,"Lot 7008, Lorong Pines Square 1B 3, 93250 Kuching, Sarawak, Malaysia",Kuching,12450992009
110.3096867,1.5113567,Guardian,pharmacy,,"Lot 1, Section 21, KTLD, Jalan Tun Abang Haji Openg, 93586 Kuching, Sarawak, Malaysia",Kuching,12450975375
100.414575,5.0835517,Klinik Desa Sungai Labu,clinic,,"34250 Tanjung Piandang, Perak, Malaysia",Tanjung Piandang,12422659166
101.6176408,3.0333356,Be Pharmacy,pharmacy,,"16 G, Jalan Bandar 7, Pusat Bandar Puchong, 47160 Puchong, Selangor, Malaysia",Puchong,12451884699
101.6171794,3.0333794,Careclinics,clinic,,"Ground Floor, No.8, Jalan Tempua 2A, Bandar Puchong Jaya, 47100 Puchong, Selangor, Malaysia",Puchong,12167492069
101.6172278,3.0336117,Klinik Selva,clinic,,"Jalan Kenari 1, Bandar Puchong Jaya, 47170 Puchong, Selangor, Malaysia",Puchong,12167492066
101.6176651,3.0334547,Klinik Medilife,clinic,,"78-G, Jalan Bandar 2, Pusat Bandar Puchong, 47160 Puchong, Selangor, Malaysia",Puchong,12451904501
101.6455318,3.0996672,Tong Woh Pharmacy (1st Floor),pharmacy,,"25, Jalan 52/1, Pj New Town, 46200 Petaling Jaya, Selangor, Malaysia",Petaling Jaya,1527892504
101.707537,3.1711196,Unit Kesihatan Awam,unknown,,"147, Jln Tun Razak, Titiwangsa, 50400 Kuala Lumpur, Wilayah Persekutuan Kuala Lumpur, Malaysia",Kuala Lumpur,12133170498
101.7079988,3.1705759,Jabatan Dietetic & Perkhidmatan Makanan,unknown,,"Universiti Kebangsaan Malaysia Fakulti Sains Kesihatan Kampus Kuala Lumpur, 61, Jalan Raja Muda Abdul Aziz, Chow Kit, 50300 Kuala Lumpur, Federal Territory of Kuala Lumpur, Malaysia",Kuala Lumpur,12103586586
102.9456093,1.8526033,Bangunan Wakaf Majlis Agama Islam,unknown,,"Jalan Tanah Merah, Taman Tanah Merah, 83000 Batu Pahat, Johor Darul Ta'zim, Malaysia",Batu Pahat,12450869180
110.3072279,1.5104861,Zhong Yi Guan TCM,alternative,traditional_chinese_medicine,"lst Floor of Plot No 13, Lot 6899 Block 225, Pines Square, Jalan Batu Kawa, 93250 Kuching, Sarawak, Malaysia",Kuching,12454372339
110.3073493,1.5105258,Xi Yang TCM,alternative,traditional_chinese_medicine,"Plot 15 of Lot 6728 (Ground Floor), BLK 225, KNLD, PINE SQUARE, 93250 Kuching, Sarawak, Malaysia",Kuching,12454283681
102.2481295,2.1949105,Shu Xin Foot Reflexology,physiotherapist,,"75200 Melaka, Malaysia",Melaka,8755540956
101.7012243,3.171177,Mobile Trauma Surgical Unit,unknown,,"1, Jalan Pahang Barat, Pekeliling, 53000 Kuala Lumpur, Wilayah Persekutuan Kuala Lumpur, Malaysia",Kuala Lumpur,12462788246
101.7025021,3.1710579,Radicare Call Centre,unknown,,"Radicare (M) Sdn Bhd-CALL CENTRE,Hospital, Jalan Pahang, Titiwangsa, 50586 Kuala Lumpur, Wilayah Persekutuan Kuala Lumpur, Malaysia",Kuala Lumpur,12462788245
101.7020506,3.1717392,Unit Komunikasi Korporat HKL,unknown,,"Tingkat 6, Blok B, Kompleks Kerja Raya, Jalan Sultan Salahuddin, 50580, Kuala Lumpur, Kuala Lumpur, 50480 Kuala Lumpur, Federal Territory of Kuala Lumpur, Malaysia",Kuala Lumpur,12462788244
101.7002749,3.1714367,Jabatan Bedah Mulut,unknown,,"5MCX+7P, 50586 Kuala Lumpur, Wilayah Persekutuan Kuala Lumpur, Malaysia",Kuala Lumpur,12462788240
101.7004766,3.1715099,Klinik Gastroentologi,unknown,,"Jalan Masjid, Hospital, Jalan Pahang, 50586 Kuala Lumpur, Federal Territory of Kuala Lumpur, Malaysia",Kuala Lumpur,12462788217
101.7020965,3.1711497,Stor Jabatan Farmasi,unknown,,"50586 Kuala Lumpur, Wilayah Persekutuan Kuala Lumpur, Malaysia",Kuala Lumpur,5940936651
101.7012803,3.1727033,Cawangan Sumber Manusia,unknown,,"Tingkat 14, Blok B Kompleks Kerja Raya, Jalan Sultan Salahuddin, 50580, Kuala Lumpur, Kuala Lumpur, 50480 Kuala Lumpur, Federal Territory of Kuala Lumpur, Malaysia",Kuala Lumpur,12465367769
101.7988032,2.8021234,Alpro,pharmacy,,"No. 2-G, Jalan Terminal Nilai 1, Nilai Sentral, 71800 Nilai, Negeri Sembilan, Malaysia",Nilai,10125987432
110.3418623,1.5005729,Kingdom Pharmacy,pharmacy,,"Ground Floor, Lot No.9 of Lot 500, Block 16, KCLD 5th Mile, Railway Line, Jalan Datuk Bandar Mustaphar, Richmond Hill, 93250 Kuching, Sarawak, Malaysia",Kuching,12438380074
110.3419347,1.5005971,LS Clinic,clinic,,"Lot No. 7, Royal Richmond, Jalan Datuk Bandar Mustapha, Richmond Hill, 93250 Kuching, Sarawak, Malaysia",Kuching,12438371600
116.100492,6.0881654,Hospital Angkatan Tentera Wilayah Kota Kinabalu (HATWKK),hospital,,"Jalan Universiti, 89200 Kota Kinabalu, Sabah, Malaysia",Kota Kinabalu,4249952490
101.682462,3.1143697,Poliklinik & Surgeri Seputej,clinic,,"Taman Desa Seputeh, 58000 Kuala Lumpur, Wilayah Persekutuan Kuala Lumpur, Malaysia",Kuala Lumpur,12076281188
101.7956253,3.4247547,Watsons,pharmacy,,"T2C-01G Level 4, Sky Avenue, Genting Highlands, 69000 Genting Highlands, Pahang, Malaysia",Genting Highlands,12068105969
100.4810977,5.9900739,Pusat Dialisis DaVita Pekan Baru,dialysis,nephrology,"137, Jalan Sukamari, 2 Tingkat, rumah kedai, Mukim, Pendang, 06700 Pendang, Kedah, Malaysia",Pendang,12422191963
100.479783,5.9899715,Farmasi Aspirasi,pharmacy,,"No.165, Jalan Sukamari Rumah Kedai 2 Tingkat Mukim, Pendang, 06700 Pendang, Kedah, Malaysia",Pendang,12422191949
100.4798858,5.9899408,Klinik Al Fateh Pendang,clinic,,"No 167, Pekan Pendang Baru (Tingkat Atas Dan Bawah, Pendang, 06700 Pendang, Kedah, Malaysia",Pendang,12422191947
100.4802076,5.9898415,Klinik Pergigian Sinar,dentist,,"TINGKAT BAWAH, NO. 172, Jalan Pekan Pendang, BARU, 06700 Pendang, Kedah, Malaysia",Pendang,12422191945
101.2598982,4.1971618,Sunway Multicare Pharmacy,pharmacy,,"14 & 15 (Ground Floor, Jalan Raja, 35000 Tapah, Perak, Malaysia",Tapah,5228376156
100.1961071,6.4393873,Klinik Faizah,clinic,,"Medan, Jalan Raja Syed Alwi, Pusat Bandar Kangar, 01000 Kangar, Perlis, Malaysia",Kangar,12424847175
101.7005202,3.1707575,Farmasi Jaya 22,pharmacy,,"23, Jalan Sarikei, Off, Jalan Pahang, Pekeliling, 53000 Kuala Lumpur, Wilayah Persekutuan Kuala Lumpur, Malaysia",Kuala Lumpur,2355669979
102.2004452,6.1223016,Klinik Pergigian Elvy Yusoff,dentist,,"PT 166, Blok A, Komplek Perkedaian Baru, 16250 Wakaf Bharu, Kelantan, Malaysia",Wakaf Bharu,8836698750
102.1998707,6.1226284,Farmasi Delima,pharmacy,,"NO.A1, MARKET BARU, PASAR, 16250 Wakaf Bharu, Kelantan, Malaysia",Wakaf Bharu,8836670794
101.7018116,3.1711121,Jabatan Diatetik & Sajian,hospital,,"Jalan Masjid, 50586 Kuala Lumpur, Wilayah Persekutuan Kuala Lumpur, Malaysia",Kuala Lumpur,6092249094
100.3098621,5.4327555,BIG Pharmacy,pharmacy,,"368-1-7, 368-1-8 & 368-1-9, Bellisa Row, Jalan Burma, Georgetown, 10350 George Town, Pulau Pinang, Malaysia",George Town,12433017100
100.3099043,5.4327482,Wellings Pharmacy,pharmacy,,"368-1-12,12A&14, Bellisa Row, 306G, Jalan Burma, Pulau Tikus, 10350 George Town, Penang, Malaysia",George Town,12433050910
103.7784514,1.4670603,TMC Care Phaemacy,pharmacy,,"Vantage Bay, Lot 6376 & 9236,, Jalan Ibrahim Sultan, Stulang Laut, 80300 Johor Bahru, Johor Darul Ta'zim, Malaysia",Johor Bahru,7176648664
100.4761682,5.9897862,Guardian,pharmacy,,"No.14, Ground Floor, Persiaran Pendang Square 1, Pendang Square, 06700 Pendang, Kedah, Malaysia",Pendang,12396552007
115.92382,5.7268468,Hospital Daerah Papar,hospital,,"Peti Surat No. 6, 89607 Papar, Sabah, Malaysia",Papar,2896510869
101.6951789,3.2338685,Health Lane Family Pharmacy Batu Caves,pharmacy,,"No. 10-G, Ground Floor, Prima Samudera, 11, Lorong Samudera Utara, Taman Samudra, 68100 Batu Caves, Selangor, Malaysia",Gombak,9449977713
100.4800938,5.9898799,Hayati Optometrist,optometrist,,"N0, 171, Jalan Sukamari, PEKAN PENDANG BARU, 06700 Pendang, Kedah, Malaysia",Pendang,12422191944
101.6960278,3.1458173,Kedai Ubat Soon Hing Cheong Ginseng,alternative,traditional_chinese_medicine,"5 and 7, 7, Pudu St, Kuala Lumpur City Centre, 50050 Kuala Lumpur, Federal Territory of Kuala Lumpur, Malaysia",Kuala Lumpur,12432132490
113.9893782,4.3938643,Luke Tiong Chinese Medical Centre,alternative,traditional_chinese_medicine,"Lot 1349,Ground Floor, Jalan Kwangtung, 98000 Miri, Sarawak, Malaysia",Miri,12078601705
100.476249,5.9050118,Klinik Desa Bukit Jenun,clinic,,"Kampung Kilang Besar, 06700 Pendang, Kedah, Malaysia",Pendang,12418368713
101.7632529,3.0728801,Health Lane Family Pharmacy,pharmacy,,"G-15, YOU 3, Persiaran You City, Taman Suntex, 43200 Cheras, Selangor, Malaysia",Cheras,12073415684
101.7626114,3.0745536,Klinik Pergigian Wong & Kuay,dentist,,"32, Jalan Kijang 1 One Legenda, Pekan Batu 9 Cheras, 43200 Cheras, Selangor, Malaysia",Cheras,12073415688
101.1211699,4.7177399,Klinik & Surgeri Ar Razi,clinic,,"3, Jln Besar, 31200 Chemor, Perak, Malaysia",Chemor,12419760558
101.121398,4.716638,Klinik Radha,clinic,,"2, Laluan Chemor Sinaran, Taman Desa Chemor Sinaran, 31200 Chemor, Perak, Malaysia",Chemor,12419760547
101.6831908,3.1792167,RJ Clinic,clinic,general,"LOT 1-03, 1ST FLOOR, RAINTREERAIN @ THE ERA DUTA NORTH, ERA, 208, Jalan Segambut, Kawasan Perusahaan Segambut, 51200 Kuala Lumpur, Wilayah Persekutuan Kuala Lumpur, Malaysia",Kuala Lumpur,9450277763
101.6831942,3.1793304,Liang Healthcare,clinic,traditional_chinese_medicine,"T-202-A, 3rd Floor, The Gardens Mall, Lingkaran Syed Putra, Mid Valley City, 59200 Kuala Lumpur, Wilayah Persekutuan Kuala Lumpur, Malaysia",Kuala Lumpur,9450331557
100.6601645,4.2006361,Klinik Pergigian Advantech,dentist,,"2435, Jalan Sembilang 2, Taman Samudera, 32040 Seri Manjung, Perak, Malaysia",Seri Manjung,12869618494
100.4762251,5.9927838,Klinik Perubatan Bringin,clinic,,"1104 & 1105, Jalan Bangunan Beringin, Halaman Perdana, 06700 Pendang, Kedah, Malaysia",Pendang,4759025234
102.9291023,1.8492237,Watsons,pharmacy,,"No. 31-2 & 31-3, Ground Floor, Jalan Rahmat, Kampung Pegawai, 83000 Batu Pahat, Johor, Malaysia",Batu Pahat,12062564409
102.2491803,2.4261056,Klink Kesihatan Padang Sebang,clinic,,"78000 Alor Gajah, Melaka, Malaysia",Alor Gajah,12063029120
101.702505,3.1683877,Klinik Pakar,clinic,,"120, Jln Sultan Azlan Shah, Chow Kit, 50350 Kuala Lumpur, Wilayah Persekutuan Kuala Lumpur, Malaysia",Kuala Lumpur,12401316780
101.7025111,3.1712543,Unit Kawalan Infeksi,hospital,,"Jalan 1/93, Taman Miharja, 55200 Kuala Lumpur, Wilayah Persekutuan, Malaysia",Kuala Lumpur,12401316779
101.7026788,3.1682603,Wad Pemindahan Sum-Sum Tulang,hospital,,,,12401316776
101.7025308,3.1686315,Unit Orthopedik,hospital,,"Jln Dr. Latif, 50586 Kuala Lumpur, Wilayah Persekutuan Kuala Lumpur, Malaysia",Kuala Lumpur,12401316767
101.7010284,3.1684186,Fakulti Farmasi,hospital,,"Universiti Kebangsaan Malaysia, Jalan Raja Muda Abdul Aziz, 50586 Kuala Lumpur, Federal Territory of Kuala Lumpur, Malaysia",Kuala Lumpur,12401316752
101.7217773,3.1563628,Omnia,dentist,,"G - 01 & M - 01, West Wing, The Icon, No 1, Jalan 1/68F, W.P, Off, Jln Tun Razak, Taman U Thant, 55000 Kuala Lumpur, Federal Territory of Kuala Lumpur, Malaysia",Kuala Lumpur,11583898313
103.7413501,1.4970837,Astana Dental,dentist,,"Ting 1, 1-01, Jalan Dataran Larkin 1, Larkin Jaya, 80350 Johor Bahru, Johor Darul Ta'zim, Malaysia",Johor Bahru,12408107879
101.7183594,3.121259,Klinik Star,clinic,,"G1, Residensi Shamelin Bintang, 36, Jalan 4/91, Taman Shamelin Perkasa, 56100 Kuala Lumpur, Wilayah Persekutuan Kuala Lumpur, Malaysia",Kuala Lumpur,12064324205
100.7421282,4.8514638,Klinik Anda Taiping,clinic,,"Klinik Anda 24 Jam Taiping No. 18 & No. 20 (Tingkat Bawah, Jalan Tupai, 34000 Taiping, Perak, Malaysia",Taiping,12862764999
114.0160451,4.41987,Prife Wellness Gallery,alternative,homeopathy,"Jl. Pluit Indah No.12, RT.6/RW.4, Pluit, Kecamatan Penjaringan, Jkt Utara, Daerah Khusus Ibukota Jakarta 14450, Indonesia",Miri,11766442722
101.7003918,3.2395032,Focus Point,optometrist,,"Lot No. G-38, Ground Floor, Jalan Prima SG2 Taman, Prima Seri Gombak, 68100 Batu Caves, Selangor, Malaysia",Batu Caves,5265664493
114.0014139,4.4142547,Hua Tuo Yen Health Care & Therapy Sdn Bhd,alternative,traditional_chinese_medicine,"Hua Tuo Yen, Jln Jee Foh Utama, 98000 Miri, Sarawak, Malaysia",Miri,12141595893
101.6787555,3.1962461,KHY Health Synergy,alternative,traditional_chinese_medicine,"3-G-1, Kompleks Kentomen Prima, 698, Jln Sultan Azlan Shah, Taman Bamboo, 51200 Kuala Lumpur, Wilayah Persekutuan Kuala Lumpur, Malaysia",Kuala Lumpur,12064997969
116.8482149,6.9039109,Pusat Kesihatan Kudat,clinic,,"89050 Kudat, Sabah, Malaysia",Kudat,7412218630
102.9398186,1.8667861,BIG Pharmacy,pharmacy,,"9, Jalan Kundang, Taman Bukit Pasir, 83000 Batu Pahat, Johor Darul Ta'zim, Malaysia",Batu Pahat,12393747890
102.9513568,1.8773548,Mediwell Pharmacy,pharmacy,,"4, Jalan Puteri Jaya 1, Taman Puteri Jaya, 83000 Batu Pahat, Johor Darul Ta'zim, Malaysia",Batu Pahat,12395835230
102.950089,1.8659723,ALPRO Pharmacy,pharmacy,,"No. 2 & 4, Jalan Maju Timur, Taman Maju, 83000 Batu Pahat, Johor Darul Ta'zim, Malaysia",Batu Pahat,12395866608
100.4761166,5.9894709,FKN Pharmacy,pharmacy,,"NO.20GF, PERSIARAN, Pendang Square, 06700 Pendang, Kedah, Malaysia",Pendang,12396552005
100.4761846,5.9893819,Farmasi Metro,pharmacy,,"21, Persiaran Pendang Square 1, Simpang Tiga Paya Kelubi, 06700 Pendang, Kedah, Malaysia",Pendang,4759024561
100.4762431,5.9891843,Klinik Pergigian Kaseh,dentist,,"26a, Lorong Pendang Square 2, Pendang, 06700 Pendang, Kedah, Malaysia",Pendang,4759024559
100.4763235,5.9891682,Farmasi Zuffa,pharmacy,,"No 26, Lorong Pendang Square 2, Pendang Square, 06700 Pendang, Kedah., Pendang, 06700 Pendang, Kedah, Malaysia",Pendang,4759024558
100.4763546,5.9891217,Poliklinik Dr Azhar dan Rakan-Rakan,clinic,,"No. 27 Ground Floor, Jalan Sungai Tiang, Lorong Pendang Square 2, Kedah, Pendang, 06700 Pendang, Kedah, Malaysia",Pendang,4759024557
102.926287,1.8576608,Klinik Nur,clinic,,"214, Jalan Rugayah, Kampung Pegawai, 83000 Batu Pahat, Johor Darul Ta'zim, Malaysia",Batu Pahat,12397531201
101.6731296,3.0596494,Klinik Mediviron,clinic,,"22, Jalan Jalil Jaya 6, Bukit Jalil, 57000 Kuala Lumpur, Wilayah Persekutuan Kuala Lumpur, Malaysia",Kuala Lumpur,7313133245
102.9449165,1.8665007,Poliklinik Falah Medica,clinic,,"Jalan Setia Jaya, Taman Setia Jaya, 83000 Batu Pahat, Johor Darul Ta'zim, Malaysia",Batu Pahat,12397731996
113.9916634,4.3441631,Guardian,pharmacy,,"LOT 8883, BLOCK 1 LLD, MEGA E-MART COMMERCIAL CENTRE, Jalan Bintulu - Miri, 98000 Miri, Sarawak, Malaysia",Miri,11494245247
100.2864421,6.1027796,Poliklinik Kuala,clinic,,"Pekan Kuala Kedah, 06600 Kuala Kedah, Kedah, Malaysia",Kuala Kedah,12382123522
118.1022914,5.8610162,Klinik Kesihatan Sandakan,clinic,,"Km 3.2 Jalan Utara, Jalan Utara, 90000 Sandakan, Sabah, Malaysia",Sandakan,5243613521
101.6163336,3.2110246,Watsons,pharmacy,,"No. 2-26A, Block G, Jalan Desa 1/1, Desa Aman Puri, 52100 Sungai Buloh, Wilayah Persekutuan Kuala Lumpur, Malaysia",Sungai Buloh,12385743759
100.6606223,4.1997161,Klinik Pergigian Maheran,dentist,,"No. 2418, Taman Samudera, 32040 Seri Manjung, PerakNo. 2418, Taman Samudera, 32040, Seri Manjung, Perak, 2415, Jalan Sembilang 2, Taman Samudera, 32040 Seri Manjung, Perak, Malaysia",Seri Manjung,12869685837
114.0342445,4.5019532,Klinik Kesihatan Senadin,clinic,general,"98000 Miri, Sarawak, Malaysia",Miri,11682050779
100.4000781,5.3981231,EC Clinic,clinic,,"No. 9 (Ground Floor and First Floor, Jln Todak 6, Pusat Komersial Sunway Perdana, 13700 Perai, Pulau Pinang, Malaysia",Seberang Jaya,9470753280
102.9507479,1.8639932,Klinik Pakar Mata Normah,clinic,ophthalmology,"No. 19 & 21, Jalan Flora Utama 7, Taman Flora Utama, 83000 Batu Pahat, Johor Darul Ta'zim, Malaysia",Batu Pahat,12390023269
101.6909232,3.1355922,Sai Cares,clinic,,"10 ETC, GF, Jln Tun Sambanthan 3, Brickfields, 50470 Kuala Lumpur, Wilayah Persekutuan Kuala Lumpur, Malaysia",Kuala Lumpur,12876409499
114.0104746,4.4907513,PMG Medical Clinic,clinic,,"G/F, Lot 11654, Block 5, Kuala Baram Land District, Senadin Gateway Commercial Centre, Jln Maigold, Lutong, 98000 Miri, Sarawak, Malaysia",Miri,12147617526
117.5550308,5.8926433,Klinik Kesihatan Ibu dan Anak Beluran,clinic,,"Jalan Perimeter, 90100 Beluran, Sabah, Malaysia",Beluran,9933874363
101.7077141,3.1405393,Health Lane,pharmacy,,"Mitsui Shopping Park LaLaport City Centre Kuala Lumpur MY, LG1-05, Lalaport KL, 2, Jln Hang Tuah, Bukit Bintang, 55100 Kuala Lumpur, Federal Territory of Kuala Lumpur, Malaysia",Kuala Lumpur,12389379957
101.7059824,2.8288126,Klinik Cosmo Medic,clinic,,"R-G-28, Bell Avenue, Jalan Sunsuria, Bandar Sunsuria, 43900 Sepang, Selangor, Malaysia",Sepang,12389837095
103.6886816,1.5342045,Poliklinik Taman Anggerik,clinic,,"2, Jalan Anggerik 2/3, Taman Anggerik, 81200 Johor Bahru, Johor Darul Ta'zim, Malaysia",Johor Bahru,4341999411
101.0870896,4.5838081,Farmasi CS,pharmacy,,"No 1, 3, Jalan Peh Kee Koh, Pinji Centrepoint, 31650 Ipoh, Perak, Malaysia",Ipoh,9694703702
102.9281222,1.8495507,Klinik Laysia,clinic,,"28, Jln Rahmat, Kampung Pegawai, 83000 Batu Pahat, Johor Darul Ta'zim, Malaysia",Batu Pahat,12393511554
114.0438166,4.4316573,Kedai Ubat Permai Jaya,pharmacy,,"Lot 3111, Bandar, Desa Bahagia, 98000 Miri, Sarawak, Malaysia",Miri,11475661185
113.9840106,4.3879454,i-Smile Dental Surgery (opening soon),dentist,orthodontics,"Ground Floor, Lot 1387, Block 10, Miri Concessions Land District Centerpoint, Phase 2, Jalan Kubu, 98000 Miri, Sarawak, Malaysia",Miri,12376485498
113.9834919,4.3866048,Nazren's Clinic,clinic,general,"Lot 1406 Ground Floor, Jalan Kubu,Centre Point Phase 2, Miri, 98000 Miri, Sarawak, Malaysia",Miri,11622597999
113.9840621,4.3879177,Klinik Medik Jaya,clinic,general,"LOT 1386, GROUND FLOOR, BLOCK 10 M.C.L.D. AT, Jalan Kubu, CENTREPOINT PHASE 2, 98000 Miri, Sarawak, Malaysia",Miri,11622597993
101.6368932,3.0789095,Klinik Siti,clinic,,"NO 3A, 1, Jalan PJS 2, Taman Maju Jaya, 46000 Petaling Jaya, Selangor, Malaysia",Petaling Jaya,12377558272
101.6368862,3.0788256,farmasialpro,pharmacy,,"5-01 Block C, Jalan PJS 2/18A, Taman Maju Jaya, 46000 Petaling Jaya, Selangor, Malaysia",Petaling Jaya,12377527092
101.6368815,3.0787789,Klinik Aishah,clinic,,"6, Jalan PJS 2/18A, Taman Maju Jaya, 46000 Petaling Jaya, Selangor, Malaysia",Petaling Jaya,12377504371
101.637045,3.0803184,Poliklinik Dinar,clinic,,"1, Jalan PJS 2/16A, Taman Maju Jaya, 46000 Petaling Jaya, Selangor, Malaysia",Petaling Jaya,4664696534
101.6370237,3.0801324,Klinik Mediviron,clinic,,"2, Jalan 21/12, Sea Park, 46300 Petaling Jaya, Selangor, Malaysia",Petaling Jaya,4664696537
101.6370113,3.0800054,Klinik Anda,clinic,,"6-01 ( Tingkat Bawah ) Blok A, 16A, Jalan PJS 2, Taman Maju Jaya, 46000 Petaling Jaya, Selangor, Malaysia",Petaling Jaya,4664696536
100.3685291,6.1267959,Klinik Selvam,clinic,,"1009 Komplex Tunku Abdul Halim, Jalan Teluk Wanjah, Taman Tunku Habsah, 05100 Alor Setar, Kedah, Malaysia",Alor Setar,7062978985
100.3708802,6.1387859,Klinik Pakar Pergigian Kota Setar,dentist,,"LOT 894, Lebuhraya Darul Aman, Bandar Alor Setar, 05100 Alor Setar, Kedah, Malaysia",Alor Setar,12378333601
101.6922427,2.8243633,Klinik Alarra,clinic,,"ARENA WARISAN PUTERI, 02-G, Jalan Arena, Kota Warisan, 43900 Sepang, Selangor, Malaysia",Sepang,12384110140
118.0164994,6.1092274,Klinik Kesihatan Libaran Sandakan,clinic,,"Klinik Kesihatan Pulau Libaran, Sandakan, Sabah, Malaysia",Sandakan,11299186626
102.9365532,1.8584069,Klinik Elizabeth,clinic,,"10, Jalan Mengkudu, Taman Makmur, 83000 Batu Pahat, Johor Darul Ta'zim, Malaysia",Batu Pahat,12382127486
113.9916967,4.3439889,PMG Dental Clinic,dentist,,"1ST FLOOR, LOT 8880 & 8881, BLOCK 1, LAMBIR LAND DISTRICT, E-MART COMMERCIAL CENTRE, OFF, Jalan Bintulu - Miri, 98000 Miri, Sarawak, Malaysia",Miri,11504846138
114.0016282,4.4109869,Innoquest Phatology #1,laboratory,,,Miri,12369856568
114.0016789,4.4110838,Makmal Perubatan Quantum,laboratory,,"Unit L3A-6, Level 3A, Wisma Kemajuan, 2, Jalan 19/1b, Seksyen 19, 46300 Petaling Jaya, Selangor, Malaysia",Miri,12369856566
114.0014721,4.4109522,Dynamic Sinar X-ray Centre,laboratory,,"Jalan Bulan Sabit, 98000 Miri, Sarawak, Malaysia",Miri,11806114322
114.0428315,4.4315724,Hing Ho Traditional Chinese Medicine Healthcare,alternative,traditional_chinese_medicine,"Lot 3123, Ground Floor, Desa Bahagia Phase 3, Bandar Baru Permyjaya, 98100 Miri, Sarawak, Malaysia",Miri,11612500544
113.9838827,4.3876329,KS Tiong Chinese Medicine Orthopedic Massage Centre,alternative,traditional_chinese_medicine,"1136, Jalan Kubu, 98000 Miri, Sarawak, Malaysia",Miri,12376498203
113.9838244,4.3876556,NF Kiew Piles & Acupuncture Medical Centre,alternative,acupuncture,"1136, Jalan Kubu, 98000 Miri, Sarawak, Malaysia",Miri,12376498202
101.7559227,3.1456789,DSY Medical Wellness,alternative,,"B.08/01, 2nd Floor, Block B, Garden City Business Center, Jalan Dagang Besar, Taman Dagang, 68000 Ampang, Selangor, Malaysia",Ampang,12874684844
102.9345649,1.850161,BP Healthcare Batu Pahat,unknown,,"5-1 & 5-2, Jln Zabedah, Kampung Pegawai, 83000 Batu Pahat, Johor Darul Ta'zim, Malaysia",Batu Pahat,12393389991
101.6977828,3.1493362,Klinik Surandaram,clinic,,"141, Jln Sultan Azlan Shah, 51200 WILAYAH PERSEKUTUAN, Wilayah Persekutuan Kuala Lumpur, Malaysia",WILAYAH PERSEKUTUAN,12330476089
113.9871983,4.3979743,Farmasi Permaisuri,pharmacy,,"132, Permaisuri Road, 98000, Miri, Sarawak, 98000 Miri, Sarawak, Malaysia",Miri,11502197130
114.0078383,4.41458,Klinik Pergigian En,dentist,,"Ground Floor, Lot 2918 Block 5, Lor Caltha, Faradale Commercial Centre, 98000 Miri, Sarawak, Malaysia",Miri,11711212805
114.0082786,4.4148991,SK Wong Clinic,clinic,,"Lot 2927 Faradale Shophouse, Jalan Bulan Sabit, Faradale Commercial Centre, 98000 Miri, Sarawak, Malaysia",Miri,11736919773
114.0087035,4.4152262,Brightway Pharmacy,pharmacy,,"Ground Floor, Lot 2934, Faradale Garden, Jalan Bulan Sabit, Faradale Commercial Centre, 98000 Miri, Sarawak, Malaysia",Miri,11505453558
114.0017635,4.4110788,Columbia Specialist Clinic,clinic,,"Jalan Bulan Sabit, 98000 Miri, Sarawak, Malaysia",Miri,12369856565
114.0024148,4.411515,Klinik Pergigian Zen,dentist,,"Lot 1317, Ground floor, Jalan Jee Foh 2, 98000 Miri, Sarawak, Malaysia",Miri,11990376611
114.001819,4.4111153,Roland Mattu Specialist Obstetrician & Gynaecologist,clinic,gynaecology,"No. 1040, Ground Floor, Jalan Bulan Sabit, Taman Shang, 98000, Miri, Sarawak, 98000 Miri, Sarawak, Malaysia",Miri,11806114320
102.086017,2.397337,Klinik Desa Ramuan China Besar,clinic,,"78300 Tanjung Kling, Melaka, Malaysia",Tanjung Kling,8749958137
113.986597,4.3958475,Klinik Haizam,clinic,general,"442, Jalan Bendahara, 98000 Miri, Sarawak, Malaysia",Miri,11502197127
114.0102449,4.4486284,Morningstar Pharmacy,pharmacy,,"3468, Jalan Piasau Utara 4, Lutong, 98000, Sarawak, Malaysia",Miri,11607465273
103.9017213,1.4167455,Advanced Dental,dentist,,"83 Punggol Central, #02-10 Waterway Point, Singapura 828761",Singapore,9269019949
103.9012535,1.4178864,Guardian,pharmacy,,"418 Northshore Dr, #01-06,07,08 Northshore Plaza II, Singapura 820418",Singapore,9737347777
101.6958244,3.1632447,Klinik Pergigian Yeo,dentist,,"66G, Jalan Putra, Chow Kit, 50350 Kuala Lumpur, Wilayah Persekutuan Kuala Lumpur, Malaysia",Kuala Lumpur,10137283233
114.0186553,4.4483279,Together Pharmacy,pharmacy,,"Sevenew Commercial Center, Jalan Pujut 7, Pujut, 98000 Miri, Sarawak, Malaysia",Miri,11662159462
114.0183846,4.4482313,Vision Pharmacy,pharmacy,,"Lutong, 98000 Miri, Sarawak, Malaysia",Miri,11478987402
113.987293,4.3982604,Farmasi Alpro,pharmacy,,"Lot No. 2.43A - 2.45, Second Floor, Lot 1657, Block 9, MCLD, Bintang MegaMall, Jalan Miri Pujut, Road, 98000 Miri, Sarawak, Malaysia",Miri,11598341684
114.0079276,4.4146445,Excellence Physiomiri & Rehab Centre,physiotherapist,,"Lot 2920, Ground Floor, Faradale Garden, 98000, Faradale Commercial Centre, 98000 Miri, Sarawak, Malaysia",Miri,12035874030
114.0078471,4.4145399,Excellence Children Rehab Centre,rehabilitation,,"Lot 2920, Ground Floor, Faradale Garden, 98000, Faradale Commercial Centre, 98000 Miri, Sarawak, Malaysia",Miri,12055470496
114.0015369,4.4109236,Innoquest Phatology #2,laboratory,,,Miri,12369856569
118.0734157,5.8578477,Klinik Dr. Mahen,doctor,general,"Ground Floor, Lot 10, Block 1 90000, Prima Square, Mile 4, North Road, 90000 Sandakan, Sabah, Malaysia",Sandakan,6169968131
101.1353529,4.6400756,Klinik Komuniti Bercham,clinic,,"6A1 & 10, Persiaran Medan Bercham 7, Pusat Bandar Bercham Timur, 31400 Ipoh, Perak, Malaysia",Ipoh,2848217270
100.9820126,3.7672724,Guardian,pharmacy,,"19e, Jalan Mahsuri, Sungai Besar, 45300 Kuala Selangor, Selangor, Malaysia",Kuala Selangor,12059787560
114.0072753,4.4165069,He Yi tang Traditional Medical Centre,alternative,traditional_chinese_medicine,"1601 Walnut St #102, Cary, NC 27511, Amerika Syarikat",Miri,12054543579
113.9871868,4.3954994,Pathlab Malaysia,laboratory,allergology,"Lot 276, Jalan Nahkoda Gampar, 98000 Miri, Sarawak, Malaysia",Miri,11709030921
113.9871868,4.3954994,Pathlab Malaysia,laboratory,blood_check,"Lot 276, Jalan Nahkoda Gampar, 98000 Miri, Sarawak, Malaysia",Miri,11709030921
113.9871868,4.3954994,Pathlab Malaysia,laboratory,urology,"Lot 276, Jalan Nahkoda Gampar, 98000 Miri, Sarawak, Malaysia",Miri,11709030921
113.9864606,4.3951841,Gnosis Laboratories Sdn Bhd,laboratory,cardiology,"Lot 292, Ground Floor, Jalan Bendahara, Beautiful Jade Centre, Sarawak, 98000 Miri, Sarawak, Malaysia",Miri,11641398289
113.9864606,4.3951841,Gnosis Laboratories Sdn Bhd,laboratory,paediatrics,"Lot 292, Ground Floor, Jalan Bendahara, Beautiful Jade Centre, Sarawak, 98000 Miri, Sarawak, Malaysia",Miri,11641398289
113.9864606,4.3951841,Gnosis Laboratories Sdn Bhd,laboratory,urology,"Lot 292, Ground Floor, Jalan Bendahara, Beautiful Jade Centre, Sarawak, 98000 Miri, Sarawak, Malaysia",Miri,11641398289
113.9864606,4.3951841,Gnosis Laboratories Sdn Bhd,laboratory,hepatology,"Lot 292, Ground Floor, Jalan Bendahara, Beautiful Jade Centre, Sarawak, 98000 Miri, Sarawak, Malaysia",Miri,11641398289
113.9864606,4.3951841,Gnosis Laboratories Sdn Bhd,laboratory,haematology,"Lot 292, Ground Floor, Jalan Bendahara, Beautiful Jade Centre, Sarawak, 98000 Miri, Sarawak, Malaysia",Miri,11641398289
113.9864606,4.3951841,Gnosis Laboratories Sdn Bhd,laboratory,endocrinology,"Lot 292, Ground Floor, Jalan Bendahara, Beautiful Jade Centre, Sarawak, 98000 Miri, Sarawak, Malaysia",Miri,11641398289
101.6714243,3.1327243,Klinik Pergigian Bangsar,dentist,,"7A, Jalan Telawi 5, BANGSAR BARU, 59100 Kuala Lumpur, Wilayah Persekutuan Kuala Lumpur, Malaysia",Kuala Lumpur,10057933915
100.38939,5.3832223,Kelinik Kulit Socka,clinic,dermatology,"1269, Jln Baru, Taman Emas, 13600 Perai, Pulau Pinang, Malaysia",Perai,10086826801
115.5487052,5.0745427,Farmasi PMG,pharmacy,,"LOT 12, G/F, BLOCK B, 89850 Sipitang, Sabah, Malaysia",Sipitang,11979131530
113.989233,4.3995546,Morine Pharmacy,pharmacy,,"Jalan Calliandra, 98000 Miri, Sarawak, Malaysia",Miri,11503606751
100.2803893,5.2868982,Farmasi Jackson,pharmacy,,"4, Lintang Batu Maung, Taman Seri Indah, 11960 Batu Maung, Pulau Pinang, Malaysia",Batu Maung,9952438960
101.6915684,3.168804,PPV World Trade Centre Kuala Lumpur,vaccination_centre,vaccination,"41, Jalan Tun Ismail, Chow Kit, 50480 Kuala Lumpur, Wilayah Persekutuan Kuala Lumpur, Malaysia",Kuala Lumpur,8848144457
100.6256435,5.2848204,Klinik Desa Terap,clinic,,"Jalan Serdang Mahang, Terap, 09800 Karangan, Kedah, Malaysia",Karangan,9970653877
116.83781,6.9077929,Hospital Kudat,hospital,,"Peti Surat 22, 89057 Kudat, Sabah, Malaysia",Kudat,7413739479
100.4826371,5.6125185,Siang Pharmacy,pharmacy,,"No.2, 2A Jalan Usahawan 4 Pusat Perniagaan Kepala Batas, 13200 Kuala Batas, Pulau Pinang, Malaysia",Sungai Petani,9976256011
102.5580166,5.8321177,Farmasi Ismi,pharmacy,,"Bangunan Mdb, No. 3, Terengganu, Kampung Kuala Besut, 22300 Besut, Terengganu, Malaysia",Besut,8952781487
118.1181572,5.8401101,Farmasi Borneo Dispensary Sdn. Bhd.,pharmacy,,"LOT 11B, BLOCK 24, Lebuh Dua, Pusat Bandar Sandakan, 90706 Sandakan, Sabah, Malaysia",Sandakan,7148980085
101.8496932,2.8442276,Klinik Desa Pajam,clinic,,"Pajam, 71700 Mantin, Negeri Sembilan, Malaysia",Mantin,9979539531
116.1560959,5.337282,PMG Pharmacy,pharmacy,,"a16, Jalan Andulag, 89000 Keningau, Sabah, Malaysia",Keningau,9981704084
100.2661744,5.3000002,Guardian,pharmacy,,"Lot No. 2-G-2 & 2-G-3,,Ground Floor, Medan Rajawali, Solaria Square, 11900 Bayan Lepas, Pulau Pinang, Malaysia",Bayan Lepas,9983158171
101.6739931,3.2030227,King's Dental Clinic,dentist,orthodontics,"No.871, jalan ipoh batu 5, Taman Kok Lian, 51200 Kuala Lumpur, Wilayah Persekutuan Kuala Lumpur, Malaysia",Kuala Lumpur,9406582366
118.0751619,5.8556135,Bp,laboratory,,"Block 18, Lot 166, Ground Floor, Phase 2, Mile 4, Jalan Utara, Bandar Indah, 90000 Sandakan, Sabah, Malaysia",Sandakan,10018112984
101.7128513,3.0915555,Klinik Promedik,clinic,,"49, Jalan Budiman 26, Taman Mulia, 56000 Kuala Lumpur, Wilayah Persekutuan Kuala Lumpur, Malaysia",Kuala Lumpur,10187692096
101.7107622,3.0779179,Poliklinik Avicenna,clinic,,"UNIT L3-23A, 3RD FLOOR, Terminal Bersepadu Selatan, Bandar Tasek Selatan, 57100 Kuala Lumpur, Federal Territory of Kuala Lumpur, Malaysia",Kuala Lumpur,7314400588
102.5859405,2.0484926,Family Clinic,clinic,,"13, Jln Pesta 1/1, Taman Tun Dr Ismail, 84000 Muar, Johor Darul Ta'zim, Malaysia",Muar,12535716338
101.6792603,3.1281576,Klinik Inter-Med,clinic,,"43, Jalan Bangsar, Bangsar, 59000 Kuala Lumpur, Wilayah Persekutuan Kuala Lumpur, Malaysia",Kuala Lumpur,10980911277
101.6705753,3.1309279,Klinik Mediviron,clinic,,"46, Jalan Telawi, Bangsar, 59100 Kuala Lumpur, Wilayah Persekutuan Kuala Lumpur, Malaysia",Kuala Lumpur,7531256252
101.6705725,3.1319279,Klinik Pakar Wanita Bangsar,doctor,gynaecology,"28a, Jalan Telawi, Bangsar, 59100 Kuala Lumpur, Wilayah Persekutuan Kuala Lumpur, Malaysia",Kuala Lumpur,7249557987
101.6705562,3.1302786,Imperial Dental Specialist Centre,dentist,,"62 & 64, Jalan Telawi, Bangsar, 59100 Kuala Lumpur, Wilayah Persekutuan Kuala Lumpur, Malaysia",Kuala Lumpur,4631178366
101.7279241,3.1969525,Klinik Mediviron,clinic,,"7, Jalan 14/27b, Desa Setapak, 53300 Kuala Lumpur, Wilayah Persekutuan Kuala Lumpur, Malaysia",Kuala Lumpur,8935232245
101.6975946,3.1440907,Kien Fatt Medical Store,alternative,traditional_chinese_medicine,"59, Jalan Petaling, City Centre, 50000 Kuala Lumpur, Wilayah Persekutuan Kuala Lumpur, Malaysia",Kuala Lumpur,11359425783
101.7360691,3.0822659,Active Spine Care Chiropractic,alternative,chiropractic,"155, Jalan Sarjana, Taman Connaught, 56000 Cheras, Wilayah Persekutuan Kuala Lumpur, Malaysia",Cheras,6602343589
100.3814898,5.4198784,RenXin Acupuncture Therapy Centre,alternative,,"Pusat Perniagaan Raja Uda, 75(GF, Jalan Pusat Perniagaan Raja Uda 4, Kampung Baharu, 12300 Butterworth, Pulau Pinang, Malaysia",Butterworth,2886519786
102.7182332,2.1736523,Klinik Ladang Lanadron,doctor,,"Ladang Lanadron, Panchor, 84500 Panchor, Johor Darul Ta'zim, Malaysia",Panchor,318168208
103.3065717,3.8238283,Farmasi Marmin (Indera Mahkota IM8),pharmacy,,"B10 LORONG IM8/1 DESA SAMUDERA, Jalan Kuantan Sungai Lembing, Bandar Indera Mahkota, 25200 Kuantan, Pahang, Malaysia",Kuantan,9742999933
101.7970509,2.5229792,Alpro,pharmacy,,"Lot G4, Regina Mall, Jalan Pantai, Kampung Bahasa Kapor, 71000 Port Dickson, Negeri Sembilan, Malaysia",Port Dickson,4664748720
101.7357682,3.0822741,Poliklinik dan Surgeri Eko Medicare,clinic,,"165, Jalan Sarjana, Taman Connaught, 56000 Cheras, Wilayah Persekutuan Kuala Lumpur, Malaysia",Cheras,7714286490
101.5325652,2.9999228,Klinik Dr. Ko,clinic,dermatology,"21-G (Ground Floor), Vanilla Business Park, Persiaran Anggerik Vanilla, Kota Kemuning, 40460 Shah Alam, Selangor, Malaysia",Shah Alam,4828016599
101.7347444,3.1910996,"Klinik Perubatan Hijraa, Wangsa Maju",clinic,general,"G-9, 10, 11, Blok C Plaza Wangsa Maju 2, Seksyen 10, Jalan Maju Ria 1, Wangsa Maju, 53300 Kuala Lumpur, Wilayah Persekutuan Kuala Lumpur, Malaysia",Kuala Lumpur,11039838814
101.7347444,3.1910996,"Klinik Perubatan Hijraa, Wangsa Maju",clinic,vaccination,"G-9, 10, 11, Blok C Plaza Wangsa Maju 2, Seksyen 10, Jalan Maju Ria 1, Wangsa Maju, 53300 Kuala Lumpur, Wilayah Persekutuan Kuala Lumpur, Malaysia",Kuala Lumpur,11039838814
101.7347444,3.1910996,"Klinik Perubatan Hijraa, Wangsa Maju",clinic,paediatrics,"G-9, 10, 11, Blok C Plaza Wangsa Maju 2, Seksyen 10, Jalan Maju Ria 1, Wangsa Maju, 53300 Kuala Lumpur, Wilayah Persekutuan Kuala Lumpur, Malaysia",Kuala Lumpur,11039838814
101.9257019,2.7281405,Rawatan Akupuntur Tai Chi,clinic,,"2, Lorong Permata 4/1, Taman Permata, 70200 Seremban, Negeri Sembilan, Malaysia",Seremban,4885878694
118.0731291,5.8552176,Klinik Pergigian Dr Chong,doctor,dentistry,"Lorong Bandar Indah 3, Bandar Indah, 90000 Sandakan, Sabah, Malaysia",Sandakan,6176370984
118.0735638,5.8551009,Guardian Bandar Indah,pharmacy,,"LOT 1 GROUND FLOOR, BLOCK 7, MILE 4, NORTH ROAD, Bandar Indah, 90000 Sandakan, Sabah, Malaysia",Sandakan,6176370982
118.0743851,5.8548604,Permai Polyclinic,doctor,general,"Bandar Indah, 90000 Sandakan, Sabah, Malaysia",Sandakan,6176370980
118.0750034,5.8546578,Klinik Rajadurai,doctor,general,"4, Jalan Utara, Bandar Indah, 90000 Sandakan, Sabah, Malaysia",Sandakan,6176370976
118.0750034,5.8546578,Klinik Rajadurai,doctor,radiology,"4, Jalan Utara, Bandar Indah, 90000 Sandakan, Sabah, Malaysia",Sandakan,6176370976
118.0714595,5.8553502,Grace Dental Surgery,dentist,dentistry,"Lot 2, Ground Floor, Block 37 Bandar Indah Mile 4, Bandar Indah, 90000 Sandakan, Sabah, Malaysia",Sandakan,6176370969
118.0728842,5.854389,Circle Pharmacy,pharmacy,,"Lot 6, Block 15, Bandar Indah, 90000 Sandakan, Sabah, Malaysia",Sandakan,6176371031
118.0724706,5.8527559,Klinik Teh,doctor,general,"Lot 10, Block 28, Bandar Indah, 90000 Sandakan, Sabah, Malaysia",Sandakan,6176371025
118.0732725,5.8535669,Farmasi Dispensary Borneo Indah,pharmacy,,"Jalan Bandar Indah 2, Bandar Indah, 90000 Sandakan, Sabah, Malaysia",Sandakan,6176371013
118.0736799,5.8538049,Klinik Indah,doctor,general,"Block 8, No. 8, Jalan Bandar Indah 1, Bandar Indah, 90000 Sandakan, Sabah, Malaysia",Sandakan,6176371012
118.0736799,5.8538049,Klinik Indah,doctor,paediatrics,"Block 8, No. 8, Jalan Bandar Indah 1, Bandar Indah, 90000 Sandakan, Sabah, Malaysia",Sandakan,6176371012
118.0736325,5.8547215,KelinikTM Thian,doctor,general,"Lot 3, Lorong Bandar Indah 1, Bandar Indah, 90000 Sandakan, Sabah, Malaysia",Sandakan,6176370996
118.0736325,5.8547215,KelinikTM Thian,doctor,cardiology,"Lot 3, Lorong Bandar Indah 1, Bandar Indah, 90000 Sandakan, Sabah, Malaysia",Sandakan,6176370996
118.0727975,5.8549737,Klinik Pakar Pakar Sandakan,clinic,,"Ground Floor, Block 12, Lot 3, Mile 4, Bandar, Taman Indah Jaya, 90000 Sandakan, Sabah, Malaysia",Sandakan,6176370993
101.3822474,4.4141085,Klinik Ringlet & Surgeri,clinic,,"MY : No.7, Lot 78, Jalan Ulu, Taman Ringlet, 39200 Ringlet, Pahang, Malaysia",Cameron Highlands,4674753753
100.3084704,5.4042183,Green River Farmasi,pharmacy,,"77, Jln Trengganu, 10460 George Town, Pulau Pinang, Malaysia",George Town,9848448666
101.4762402,3.2070749,Klinik Dr. Muiz Seri Pristana 24 Jam & X-ray,clinic,,"G-1-56 & G-2, 56, Jalan SP 11/3, Seri Pristana, 47000 Sungai Buloh, Selangor, Malaysia",Sungai Buloh,11182505055
100.3894179,5.4354688,Klinik C.H. Ang,clinic,,"Jalan Ong Yi How, Taman Teratai, 13400 Butterworth, Pulau Pinang, Malaysia",Butterworth,6186119333
100.4192653,6.2371365,Mny,pharmacy,,"4038, Jalan Sultanah, Taman Mutiara, 05350 Alor Setar, Kedah, Malaysia",Alor Setar,3934368866
102.4500247,3.4548117,Berkat Farmasi,pharmacy,,"No. 9 Jalan Jaya 7/1 Taman Harapan, Taman Jaya 7, 28000 Temerloh, Pahang, Malaysia",Temerloh,7620234832
102.1617191,6.0491845,Klinik Lily,clinic,,"434, Taman Sentosa Jaya, Jalan Pasir Pekan, Pasir Mas, Pasir Mas, 17030 Pasir Mas, Kelantan, Malaysia",Pasir Mas,9991203921
102.1618273,6.0492103,Unidental,dentist,,"pt 437, tingkat bawah, MUKIM KASA, mukim, Kampung Kasar, 17000 Pasir Mas, Kelantan, Malaysia",Pasir Mas,9991203922
102.2818824,6.1641134,BM Farmasi,pharmacy,,"Shop no C-4/1, Ground Floor, Alliance Arcade, near Tawakal Halwa Puri Shop, Block 15 Gulistan-e-Johar, Karachi, 75290, Pakistan",Karachi,10046750180
102.2825256,6.1640123,Klinik Gigi Siddiq,dentist,,"Lot PT 1225 T/B, Taman Bendahara, Pengkalan Chepa, Taman Bendahara, 16100 Kota Bharu, Kelantan, Malaysia",Kota Bharu,10046750174
102.2816415,6.1641725,Farmasi Ehsan,pharmacy,,"No. F7, PT 1091, Taman Bendahara, 16100 Pengkalan Chepa, Kelantan, Malaysia",Pengkalan Chepa,10046750182
102.2821698,6.1640626,Klinik Pergigian Afini,dentist,,"Taman Bendahara, Pengkalan Chepa, Taman Bendahara, 16100 Kota Bharu, Kelantan, Malaysia",Kota Bharu,10046750187
102.2817877,6.1641499,Farmasi Lautan,pharmacy,,"PT 1778, Jln Tok Guru, Taman Bendahara, 16100 Kota Bahru, Kelantan, Malaysia",Kota Bahru,10046750194
101.409309,4.5667252,一而茶餐室 Restoran Yat Yee,pharmacy,,"1, Jalan Besar, Kampung Raja, 39010, Pahang, Malaysia",Kampung Raja,12052088559
118.0527819,5.8619867,"Biorehab Physiotherapy Centre, Sandakan Branch",doctor,,"Ground Floor, Lot No. 4 Utama Zone 3 Commercial Mile 6 North Road, 90000 Sandakan, Sabah, Malaysia",Sandakan,6711407385
117.840108,5.4914859,Klinik Kesihatan Bukit Garam,hospital,,"Kg, Bukit Garam, 90200 Kinabatangan, Sabah, Malaysia",Kinabatangan,6147237287
102.4956031,5.7377507,Klinik Gigi Berkat,dentist,,"1996, Laluan Persekutuan 3, Kampung Tanduk, 22000 Jerteh, Terengganu, Malaysia",Jerteh,10764045511
102.5676295,5.8023552,Klinik Adra,clinic,,"Lot 61197 & 61198 Tingkat Bawah, Taman D’Harah, Kampung Raja, 22200 Kampung Raja, Terengganu, Malaysia",Kampung Raja,10963823887
102.2427915,6.1290362,Klinik Rusli,clinic,,"4262-c, Jln Kebun Sultan, Bandar Kota Bharu, 15350 Kota Bharu, Kelantan, Malaysia",Kota Bharu,10208990564
102.2308895,6.1150189,Klinik Pergigian Lembah Sireh,dentist,,"No 29-J (PT374) Tingkat 1 KB Waterfront Kg. Sireh, Lorong Bawah Lembah, 15050 Kota Bharu, Kelantan, Malaysia",Kota Bharu,9901465250
100.8796158,4.5913417,Klinik Kesihatan Manong,clinic,,"Jalan Perumahan Awam II, Kampung Suak Petai, 33800 Manong, Perak, Malaysia",Manong,12296374101
116.076792,5.9280501,Klinik & Surgeri Noosob,hospital,,"A-6G, Ground Floor, Plaza Grand Millenium, 89500 Penampang, Sabah Plaza Grand Millenium, A-6G, Ground Floor, 89500, Penampang, Sabah, 89500 Donggongon, Sabah, Malaysia",Donggongon,2467227891
102.3306218,5.8949021,Klinik Dr Alwani,clinic,,"16810 Selising, Kelantan, Malaysia",Selising,8938669842
103.6574958,1.4805125,Klinik Pergigian Yap,dentist,,"18, Jalan Indah 15/3, Taman Bukit Indah, 79100 Iskandar Puteri, Johor Darul Ta'zim, Malaysia",Iskandar Puteri,10605293596
103.6570707,1.4801465,Klinik Mediviron,clinic,,"87, Jalan Indah 15/2, Taman Bukit Indah, 81200 Johor Bahru, Johor Darul Ta'zim, Malaysia",Johor Bahru,10605293589
101.6179293,2.9477246,Klinik Amara,clinic,,"No 37, Jalan Putra Perdana 2/1, Taman Putra Perdana, 47130 Puchong, Selangor, Malaysia",Puchong,12265975746
101.6188909,2.9477306,Klinik Pergigian Dr Feeliz,dentist,,"67, Jalan Putra Perdana 2/1, Taman Putra Perdana, 47130 Puchong, Selangor, Malaysia",Puchong,12265975741
102.2162726,6.1344771,Farmasi Norifa,pharmacy,,"Lot 4615, Jalan Kampung Morak, Kampung Paloh, 16250 Wakaf Bharu, Kelantan, Malaysia",Wakaf Bharu,11911927869
101.619141,2.947681,Klinik Pergigian Ophelia,dentist,,"75, Jalan Putra Perdana 2/1, Taman Putra Perdana, 47130 Puchong, Selangor, Malaysia",Puchong,12265975760
116.0887474,5.9620816,Enlight,dentist,,"Klinik Pergigian Enlight, Lot 9, 1st Floor, 9, Jalan Damai, Luyang Commercial Centre, 88300 Kota Kinabalu, Sabah, Malaysia",Kota Kinabalu,10542893048
102.2430197,6.1296657,Farmasi Lautan,pharmacy,,"797 & 798, Jln Kebun Sultan, Kebun Sultan, 15350 Kota Bharu, Kelantan, Malaysia",Kota Bharu,12427918324
103.6183589,1.4405723,Caring,pharmacy,,"18, Jalan Eko Botani 3/2, Taman Eko Botani, 79100 Iskandar Puteri, Johor Darul Ta'zim, Malaysia",Iskandar Puteri,10583610305
103.6571472,1.4806154,Indah Specialist Eye Centre,clinic,,"75 & 77, Jalan Indah 15/2, Taman Bukit Indah, 81200 Johor Bahru, Johor Darul Ta'zim, Malaysia",Johor Bahru,4197417754
103.657099,1.4804214,BIG Pharmacy,pharmacy,,"83, Jalan Indah 15/2, Taman Bukit Indah, 79100 Johor Bahru, Johor Darul Ta'zim, Malaysia",Johor Bahru,3897996480
103.6601016,1.4824873,Estee Clinic,clinic,,"43, Jalan Indah 15/2, Taman Bukit Indah, 81200 Johor Bahru, Johor Darul Ta'zim, Malaysia",Johor Bahru,10605295234
103.6615332,1.4815723,Klinik Kenko,clinic,,"9, Jalan Indah 15/2, Taman Bukit Indah, 81200 Johor Bahru, Johor Darul Ta'zim, Malaysia",Johor Bahru,10605295225
103.6571156,1.4801431,i-Sihat,dentist,,"NO87-A, 1ST FLOOR, JALAN INDAH 15/2 BUKIT INDAH, BANDAR NUSAJAYA, Taman Bukit Indah, 81200 Johor Bahru, Johor Darul Ta'zim, Malaysia",Johor Bahru,10605293588
103.6638755,1.4811654,Klinik Lee & Surgeri,clinic,,"14, Jalan Indah 16/5, Taman Bukit Indah, 81200 Johor Bahru, Johor Darul Ta'zim, Malaysia",Johor Bahru,10605280402
103.664373,1.4809288,Guoyi Tang,doctor,,"31, Jalan Indah 16/6, Taman Bukit Indah, 81200 Johor Bahru, Johor Darul Ta'zim, Malaysia",Johor Bahru,10605280399
103.6649866,1.4784975,U Dental Specialist,dentist,,"65, Jalan Indah 16/12, Taman Bukit Indah, 81200 Johor Bahru, Johor Darul Ta'zim, Malaysia",Johor Bahru,10605285596
116.0898022,5.9624097,Sunshine Pharmacy,pharmacy,,"11, Jalan Damai, Luyang Commercial Centre, 88300 Kota Kinabalu, Sabah, Malaysia",Kota Kinabalu,10537715098
116.0699125,5.9743885,Pantai Dental Clinic & Surgery,dentist,,"Lot 2, GF, Block 5, Jalan Centrepoint, Lorong Api - Api 1, Api-api Centre, 88000 Kota Kinabalu, Sabah, Malaysia",Kota Kinabalu,10303772524
116.0702516,5.9762975,Platinum Dental Surgery,dentist,,"Lorong Api - Api 2, Api-api Centre, 88000 Kota Kinabalu, Malaysia",Kota Kinabalu,10302050457
116.0597824,5.9493625,Katalina Medical Clinic,clinic,,"Aeropod, Sinsuran Kompleks, 88000 Kota Kinabalu, Sabah, Malaysia",Kota Kinabalu,10309595073
102.2405106,6.1301881,Dextro Pharmacy Sdn. Bhd.,pharmacy,,"2983-G, 2983-G, Jalan Pintu Pong, Bandar Kota Bharu, 15000 Kota Bharu, Kelantan, Malaysia",Kota Bharu,10555756243
100.4949801,5.6830211,Pantai Hospital Laguna Merbok,hospital,,"1, Lorong BLM 1/10, Bandar Laguna Merbok, 08000 Sungai Petani, Kedah, Malaysia",Sungai Petani,10573830610
103.7728288,1.5592237,Klinik Union Medic,clinic,,"11, Jalan Austin Heights 8/1, Taman Mount Austin, 81100 Johor Bahru, Johor Darul Ta'zim, Malaysia",Johor Bahru,10946617820
103.7881757,1.5462493,Penjual Dan Pembekal Alatan Perubatan Dan Keshihatan Medic Store,pharmacy,,"45, Jalan Mutiara Emas 9/3, Taman Mount Austin, 81100 Johor Bahru, Johor Darul Ta'zim, Malaysia",Johor Bahru,10933494831
103.7884782,1.5460127,Farmasi New Life,pharmacy,,"G-35 & 01-35, Jalan Mutiara Emas 9/3, Taman Mount Austin, 81100 Johor Bahru, Johor Darul Ta'zim, Malaysia",Johor Bahru,10933494828
103.782867,1.5558487,Klinik Pakar Perbidanan Tebrau,clinic,,"2, Jln Kencana Emas 1/7, Kawasan Perindustrian Tebrau 3, 81100 Johor Bahru, Johor Darul Ta'zim, Malaysia",Johor Bahru,10933484593
103.8525206,1.674053,Klinik Adham,clinic,,"5, Jalan SS 1/1, Taman Sri Saujana 1, 81900 Kota Tinggi, Johor Darul Ta'zim, Malaysia",Kota Tinggi,10913708643
103.7873758,1.5461641,Pusat Rawatan Dan Akupunktur TKM,clinic,,"Jalan Cenderasari, Tasik Perdana, 50590 Kuala Lumpur, Wilayah Persekutuan Kuala Lumpur, Malaysia",Kuala Lumpur,10933494370
103.7826095,1.5563079,Klinik Kanak-Kanak Kidz Kare,clinic,,"Regency Medical Care Center @Southkey Midvalley, 1, Persiaran, Southkey, 80150 Johor Bahru, Johor Darul Ta'zim, Malaysia",Johor Bahru,10933492013
103.6209581,1.4090168,Farmasi Ledang Health Pharmacy,pharmacy,,"No.9, BLK H1, Pusat Perdagangan Ion Medini, 1, Persiaran Medini, Sentral Bandar, 79250 Iskandar Puteri, Johor Darul Ta'zim, Malaysia",Iskandar Puteri,10797140883
101.9898552,2.7231169,Klinik Safura,clinic,,"75-G, Jln Casurina 1, TAMAN CASURINA, 70400 Seremban, Negeri Sembilan, Malaysia",Seremban,10834166191
102.2360936,6.1309388,Klinik Gigi Dr. Ahmad,dentist,,"236 - D, Jalan Tengku Besar, Bandar Kota Bharu, 15000 Kota Bharu, Kelantan, Malaysia",Kota Bharu,10845447100
103.079693,5.3146482,Klinik Pergigian Cendana,dentist,,"13880 Kampung Padang Sekati, Kampung Baharu Sekati, 21200 Kuala Terengganu, Terengganu, Malaysia",Kuala Terengganu,10875377292
103.1077181,5.3076383,Farmasi Gpharmax,pharmacy,,"LOT 570, Jalan Kelantan, Kampung Durian Burung, 20050 Kuala Terengganu, Terengganu, Malaysia",Kuala Terengganu,10875377281
103.0796689,5.3146108,Farmasi Cendana,pharmacy,,"Lot 13881, Jalan Kelantan, Kampung Padang Sekati, 21200 Kuala Terengganu, Terengganu, Malaysia",Kuala Terengganu,10875377291
103.7770533,1.5013556,Watsons,pharmacy,,"Lot LG36 & LG37, Lower Ground Floor, The Mall, Mid Valley, Persiaran Southkey 1, Southkey, 80150 Kota Southkey, Johor Darul Ta'zim, Malaysia",Kota Southkey,10795045506
103.6649188,1.4788427,Famicare Medical Clinic,clinic,,"55, Jalan Indah 16/12, Taman Bukit Indah, Nusajaya, Bukit Indah, 79100 Johor Bahru, Johor, Malaysia",Johor Bahru,10605285593
103.6647733,1.4795613,Klinik Achutha,clinic,,"39, Jalan Indah 16/12, Taman Bukit Indah, 81200 Johor Bahru, Johor Darul Ta'zim, Malaysia",Johor Bahru,10605285590
102.5676027,5.8023077,Sofea Medispa Kampung Raja,pharmacy,,"LOT 2700, Tingkat 1, Jalan Kampung Raja, Mukim, Kampung Raja, 22200 Besut, Terengganu, Malaysia",Besut,10963823886
102.2389039,6.1312311,Klinik Pakar Kulit Wan Ghazali,clinic,dermatology,"1461-B, Jalan Sultan Yahya Petra, 15200 Kota Bharu, Kelantan, Malaysia",Kota Bharu,10951145432
101.96273,2.7240051,Farmasi Alpro,pharmacy,,"No. 17, Bangunan Uda, Bandar Baru Ampangan, 70400 Seremban, Negeri Sembilan, Malaysia",Seremban,10957854471
102.5674688,5.8020702,Pusat Rawatan Dialisis Islah,doctor,,"Lot 7206, Jalan Besar Kampung Raja, 22200 Besut, Terengganu, Malaysia",Besut,10963823882
103.1394533,5.3135092,Klinik Ar-Rijal,clinic,,"Lot 2989, 5894, Jalan Sultan Mohamad, Gong Kapas, 21100 Kuala Terengganu, Terengganu, Malaysia",Kuala Terengganu,10651697041
103.7774459,1.5646411,Farmasi AM.PM,pharmacy,,"23, Jln Austin Height 8/8, Taman Mount Austin, 81100 Johor Bahru, Johor Darul Ta'zim, Malaysia",Johor Bahru,10946622598
103.7772122,1.5650976,Klinik Austin,clinic,,"37, Jln Austin Height 8/8, Taman Mount Austin, 81100 Johor Bahru, Johor Darul Ta'zim, Malaysia",Johor Bahru,10946622542
103.7798414,1.5613379,Farmasi My,pharmacy,,"Lot F29B,1st Floor, Aeon Tebrau City Shopping Centre, Persiaran Desa Tebrau, Taman Desa Tebrau, 81100 Johor Bahru, Johor, Malaysia",Johor Bahru,10946615600
103.7798937,1.5612273,Klinik Yap,clinic,,"23, Jalan Tanjong 2, Taman Desa Cemerlang, 81800 Ulu Tiram, Johor Darul Ta'zim, Malaysia",Ulu Tiram,10946615598
103.7799702,1.5610583,Pusat Tabib China Dan Perubatan TCM Ren Yee,pharmacy,,"57, Jalan Austin Heights 3, Taman Mount Austin, 81100 Johor Bahru, Johor Darul Ta'zim, Malaysia",Johor Bahru,10946615595
103.7806106,1.5598223,Klinik Pergigian Sunny Smile,dentist,,"17, Jalan Austin Heights 3, Taman Mount Austin, 81100 Johor Bahru, Johor Darul Ta'zim, Malaysia",Johor Bahru,10946619839
103.7807259,1.5595756,Klinik Pergigian Sunwag,dentist,,"Jalan Pendekar 16, Taman Ungku Tun Aminah, 81300 Skudai, Johor Darul Ta'zim, Malaysia",Skudai,10946619835
103.7919147,1.5518718,Kedai Peralatan Kesihatan JM Healthcare,clinic,,"3, Jalan EJ 2/1, Taman Ehsan Jaya, 81100 Johor Bahru, Johor Darul Ta'zim, Malaysia",Johor Bahru,10946614752
103.7916988,1.5522941,Pusat Rawatan Tradisional Cina Loh Kong Jin,clinic,,"No. 21, Jalan Harmonium 33/1, Taman Desa Tebrau, 81100 Johor Bahru, Johor Darul Ta'zim, Malaysia",Johor Bahru,10946614745
103.7769373,1.5621201,Klinik Family Health,clinic,,"23, Jalan Austin Heights 8/3, 81100 Johor Bahru, Johor Darul Ta'zim, Malaysia",Johor Bahru,10946616167
103.773032,1.5593551,Farmasi SK,pharmacy,,"NO. 45, JALAN KOTA 3 TAMAN CAHAYA KOTA PUTERI MASAI, Kawasan Perindustrian Kota Puteri, 81750 Johor Bahru, Johor Darul Ta'zim, Malaysia",Johor Bahru,10946617824
103.2875498,3.7816965,Watson,pharmacy,,"No. B44 & B46 Ground Floor, Jalan Kurnia Jaya 3, Perkampungan Belukar Maju, 25150 Kuantan, Pahang, Malaysia",Kuantan,11143130005
102.5384782,5.8351798,Klinik Dr Aqilah,clinic,,"22300, PT 4209, KG, Kampung Pachakan, 22300 Besut, Terengganu, Malaysia",Besut,11096873186
103.1359313,5.3295584,Klunik Sulaiman,clinic,,"Jalan Sultan Mohamad, Gong Kapas, 21100 Kuala Terengganu, Terengganu, Malaysia",Kuala Terengganu,11111828009
102.5512335,5.8307444,Farmasi CKA,pharmacy,,"MDB 68 Blok B, Perkedaian Pasar, Kampung Alor Pisang, 22300 Besut, Terengganu, Malaysia",Besut,11061348146
118.3299986,5.02174,Permai Polyclinics Lahad Datu,clinic,,"Bangunan Heung Moi, MDLD 9 Block 50, Jalan Kastam Lama, 91100, Lahad Datu, Sabah, Bandar Lahad Datu, 91100 Lahad Datu, Malaysia",Lahad Datu,11064254536
118.3412424,5.0350326,Anim Pharmacy,pharmacy,,"Ground floor, Lot No. 003, Block 11, I-Peak Business Centre, 3KM, Jln Dam, 91100 Lahad Datu, Sabah, Malaysia",Lahad Datu,11064254829
101.6235296,3.1369242,Uptown dental surgery,dentist,,"37G & 37A, Jalan SS 21/37, Damansara Utama, 47400 Petaling Jaya, Selangor, Malaysia",Petaling Jaya,11290299196
103.6633466,1.4866563,Klinik Soon,clinic,,"32, Jalan Indah 1, Taman Bukit Indah, 81200 Johor Bahru, Johor Darul Ta'zim, Malaysia",Johor Bahru,11056068305
118.2929572,5.0272681,Farmasi Perdana,pharmacy,,"lot 9 mdld 8683, Farmasi Perdana, Perdana Square, 91100 Lahad Datu, Sabah, Malaysia",Lahad Datu,11058971316
103.7983406,1.5524014,Caring Pharmacy,pharmacy,,"Lot F29B,1st Floor, Aeon Tebrau City Shopping Centre, Persiaran Desa Tebrau, Taman Desa Tebrau, 81100 Johor Bahru, Johor, Malaysia",Johor Bahru,10983349681
103.778794,1.5624472,Klinik MediSpring Family Polyclinic,clinic,,"16, Jalan Austin Heights 8/9, Taman Austin Heights, 81100 Johor Bahru, Johor Darul Ta'zim, Malaysia",Johor Bahru,10946622450
103.7783783,1.5622414,Klinik Pergigian Chong & Khor (Austin),dentist,,"32, Jalan Austin Heights 8/9, Taman Mount Austin, 81100 Johor Bahru, Johor Darul Ta'zim, Malaysia",Johor Bahru,10946622425
103.779659,1.561671,Klinik Sia & Partners,clinic,,"77, Jalan Austin Heights 3, Taman Mount Austin, 81100 Johor Bahru, Johor Darul Ta'zim, Malaysia",Johor Bahru,10946620727
103.7900318,1.5552595,Klinik K-Health,clinic,,"31, Jalan Harmonium 35/1, Taman Desa Tebrau, 81100 Johor Bahru, Johor Darul Ta'zim, Malaysia",Johor Bahru,10946618185
103.7885023,1.5580922,Pusat Fisioterapi JB Physio Therapy,clinic,,"No 26, Jalan Setia Tropika 1/24, Taman Setia Tropika, 81200 Johor Bahru, Johor Darul Ta'zim, Malaysia",Johor Bahru,10946618151
103.7737984,1.559821,Klinik Joycelyn Lim,clinic,,"47, Jalan Austin Heights 8/1, 81100 Johor Bahru, Johor Darul Ta'zim, Malaysia",Johor Bahru,10946617871
100.3763535,5.8036826,Farmasi NL,pharmacy,,"2, Susuran Seri Bayu, Kompleks Perniagaan Seri Bayu, 06900 Yan, Kedah, Malaysia",Yan,9150582281
102.3497767,3.4835056,Big Pharmacy,pharmacy,,"63, Jalan Temerloh - Mentakab, Taman Bendera, 28400 Mentakab, Pahang, Malaysia",Mentakab,9006652728
100.4580587,5.8572874,Zuffa,pharmacy,,"No 7 Bangunan Tabung Haji, Guar Chempedak, 08800 Guar Chempedak, Kedah, Malaysia",Guar Chempedak,3944699958
100.3527474,6.1425776,Klinik Pakar Jantung Dr Rahim,doctor,,"Taman Senangin, 05150 Alor Setar, Kedah, Malaysia",Alor Setar,9242953362
102.2478347,2.7430538,Klinik Baiduri,clinic,,"8, Jalan Angkasa Jaya, Taman Pilah Jaya, 72000 Kuala Pilah, Negeri Sembilan, Malaysia",Kuala Pilah,9458093150
102.2524555,6.1747876,Klinik Cabang Tiga,clinic,,"Lot 1232-B Cabang Tiga, Kedai Buluh, Kota Bharu, Kota Bharu, 15350 Kota Bharu, Kelantan, Malaysia",Kota Bharu,9007566955
102.2407681,6.0279919,Farmasi Nilam,pharmacy,,"No 9, (Aras Bawah), Taman Batu Gajah Transit Batu Gajah Transit, Kampung Bendera, 31000 Batu Gajah, Perak, Malaysia",Batu Gajah,9052150565
102.2394441,6.0333806,Klinik Primer Nilam Puri,clinic,,"Jalan Kuala Krai, Batu 7, 16010 Kota Bharu, Kelantan, Malaysia",Kota Bharu,9057808368
102.2104013,6.1203912,Poliklinik Optima,clinic,,"No 5065 & 5066, Kampung Dalam Kota, 16250 Wakaf Bharu, Kelantan, Malaysia",Wakaf Bharu,8985406929
102.2543317,6.1312437,Klinik Puad,clinic,,"567-D, Jalan Long Yunus, 15200 Kota Bharu, Kelantan, Malaysia",Kota Bharu,9002673919
100.3686183,6.1684434,RPS Pharmacy,pharmacy,,"no 11, Pantai Johor, 05250 Alor Setar, Kedah, Malaysia",Alor Setar,4756554836
117.2242193,7.4579038,South Mangsee PHILIPPINES ISLAND,hospital,,"Mangsee Islands, Filipina",,8927074517
102.0542867,4.1870807,Alpro Farmasi,pharmacy,,"77, Jalan Besar, 27200 Kuala Lipis, Pahang, Malaysia",Kuala Lipis,12103855801
103.286118,3.7834829,Klinik Ar-Razzi,clinic,,"A21 & 23, Jalan Gambang, Pusat Komersial, Batu 3, Perkampungan Sungai Isap, 25150 Kuantan, Pahang, Malaysia",Kuantan,11149383439
103.2777581,3.7938182,Klinik Sakinah,clinic,,"20A, Pusat Komersial Pekan, Jalan Sultan Abu Bakar, Taman Merdeka, 26600 Pekan, Pahang, Malaysia",Pekan,11146078407
103.277197,3.77988,KLINIK UMMU ROIHAN SG ISAP,clinic,,"Unnamed Road, Perkampungan Sungai Isap, 25150 Kuantan, Pahang, Malaysia",Kuantan,11147303807
103.6831748,1.5412044,My Pharmacy,pharmacy,,"Jalan Utama 30, Mutiara Rini, 81300 Skudai, Johor Darul Ta'zim, Malaysia",Johor Bahru,2437426070
103.6694913,1.5148434,Farmasi Beyond Pharmacy,pharmacy,,"Lots LG-086,LG-087 & LG-088,Level Ground, Sutera Mall, 1, Jalan Sutera Tanjung 8/4, Taman Sutera Utama, 81300 Skudai, Johor Darul Ta'zim, Malaysia",Skudai,7553897815
103.7762795,1.5682527,湘杏中医妇幼门诊,clinic,,"1, Jalan Jaya Putra 1/1, Bandar Jaya Putra, 81100 Johor Bahru, Johor Darul Ta'zim, Malaysia",Johor Bahru,11003341168
103.8738804,1.4938801,Klinik Pergigian Amim,dentist,,"4 ground floor, Jalan Suria 2, Bandar Baru Seri Alam, 81750 Masai, Johor Darul Ta'zim, Malaysia",Masai,8085872115
103.7668093,1.572855,Klinik Puvvan,clinic,,"No.55, Jalan Setia 9/17, Taman Setia Indah, 81100 Johor Bahru, Johor Darul Ta'zim, Malaysia",Johor Bahru,8184232775
103.7651777,1.5461749,Watsons,pharmacy,,"6C, Jalan Sagu 18, Taman Daya, 81100 Johor Bahru, Johor Darul Ta'zim, Malaysia",Johor Bahru,10929189342
103.7781811,1.5645184,Klinik MX Clinic,clinic,,"6, Jalan Austin Heights 8/7, Taman Mount Austin, 81100 Johor Bahru, Johor Darul Ta'zim, Malaysia",Johor Bahru,10946622246
103.7372815,1.556755,Klinik Pergigian Dental Legacy,dentist,,"NO 8&10 (GF, Jalan Perjiranan 2, Bandar Dato Onn, 81100 Johor Bahru, Johor Darul Ta'zim, Malaysia",Johor Bahru,7432908278
103.5841963,1.4595865,V-Smile,dentist,,"12, 2, Jln Nusaria 11, Taman Nusantara, 81550 Gelang Patah, Johor Darul Ta'zim, Malaysia",Gelang Patah,4202398330
103.5840516,1.4614,Klinik MM Care,clinic,,"Jalan Nusaria 11/1, Taman Nusantara, 81550 Gelang Patah, Johor Darul Ta'zim, Malaysia",Gelang Patah,8296325022
101.4804334,3.144605,Poliklinik An Nisa,hospital,,"No:2 GF, Jalan Pulau Lumut Q U10/Q, Alam Budiman, 40170 Shah Alam, Selangor, Malaysia",Shah Alam,2554397596
101.5190152,3.1285821,Farmasi GG,pharmacy,,"7-1, Jalan Ungu B U9/B, Sunway Kayangan, 40150 Shah Alam, Selangor, Malaysia",Shah Alam,2791931011
101.5359379,3.0977051,PhytoScience,pharmacy,,"PT 56935, Jalan 9/8, Seksyen 9, 43650 Bandar Baru Bangi, Selangor, Malaysia",Bandar Baru Bangi,4446995011
116.0576995,5.9190953,Raflesia Medical Centre,clinic,,"Lot 4,5,6,7,8,9, Millennium Commercial Centre, Jln Lintas, Kampung Kepayan, 88200 Kota Kinabalu, Sabah, Malaysia",Kota Kinabalu,11468332608
101.9193816,2.6691771,Kelinik Mambau,doctor,,"8-A, Jalan Besar Mambau, 70300 Seremban, Negeri Sembilan, Malaysia",Seremban,4875054373
101.8572624,2.4551665,Klinik Desa Teluk Kemang,doctor,,"Jln Pantai, Taman Bayu, 71050 Port Dickson, Negeri Sembilan, Malaysia",Port Dickson,417965570
102.232413,5.8728718,Klinik Kesihatan Pulai Chondong,clinic,,"Kampung Galang, 16700 Pulai Chondong, Kelantan, Malaysia",Pulai Chondong,11515074114
116.0556035,5.9533791,Neigo Pharmacy,pharmacy,,"NO.7, GROUND FLOOR, Jalan Serih, Tanjung Aru, 88100 Kota Kinabalu, Sabah, Malaysia",Kota Kinabalu,9847171447
102.2396206,6.1173863,Farmasi Rimadex,pharmacy,,"NO.6000- 6002, GROUND FLOOR, Jalan Hamzah, Bandar Kota Bharu, 15050 Kota Bharu, Kelantan, Malaysia",Kota Bharu,12228679472
103.8738455,1.4940839,Caring,pharmacy,,"No 8, Jalan Suria 2, Bandar Baru Seri Alam, 81750 Masai, Johor Darul Ta'zim, Malaysia",Masai,8085872113
103.2840959,3.7806411,Klinik Kesihatan Kampung Kurnia.,clinic,,"Batu, 3, Jalan Gambang, Perkampungan Belukar Maju, 25150 Kuantan, Pahang, Malaysia",Kuantan,11147303805
102.9542523,2.5196506,Klinik Desa,hospital,,"19, Jalan Segamat, Felda Tenang, 85300 Tenang, Johor Darul Ta'zim, Malaysia",Tenang,286946163
110.31453,1.7505303,Bilik Solat,pharmacy,,"Q827+6R, 93010 Kuching, Sarawak, Malaysia",Kuching,2403002621
103.657064,1.4800057,Medini Dental Clinic,dentist,,"91, Jalan Indah 15/2, Taman Bukit Indah, 79100 Johor Bahru, Johor Darul Ta'zim, Malaysia",Johor Bahru,10605293587
111.3404994,1.7477089,Hospital Saratok,hospital,,"Jalan Saratok, 95400 Saratok, Sarawak, Malaysia",Saratok,4180503525
103.6690314,1.5145384,Lou Dental Centre,dentist,,"103,103A & 103B, Jalan Sutera Tanjung 8/2, Taman Sutera Utama, 81300 Johor Bahru, Johor Darul Ta'zim, Malaysia",Johor Bahru,7553897821
110.7858804,1.3695436,Hospital Simunjan,hospital,,"Jalan Simunjan, 94800 Simunjan, Sarawak, Malaysia",Simunjan,2445324705
103.7687025,1.4930911,Dental Clinic,dentist,,"61, Jalan Perisai, Taman Sri Tebrau, 80500 Johor Bahru, Johor Darul Ta'zim, Malaysia",Johor Bahru,11211309937
102.584004,2.5859013,Yan Sew Trading and Medical Hall Sdn Bhd,pharmacy,,"Lot 1184, Batu, 2, Jalan Tampin, 73400 Gemas, Negeri Sembilan, Malaysia",Gemas,4436181535
102.2285431,2.7358452,Klinik Kesihatan,clinic,,"Jalan Macpherson, Kampung Tebat Kering, 72000 Kuala Pilah, Negeri Sembilan, Malaysia",Kuala Pilah,10859850596
101.4332888,3.1357757,Klink Pergigian Asfaliza,dentist,,"Pangsapuri Ehsan, 2A, Selangor, 42200 Klang, Selangor, Malaysia",Klang,8202225323
102.5860478,2.1626309,Klinik Desa Serom 3,doctor,,"Serom 3 Muar, 84400 Sungai Mati, Johor, Malaysia",Sungai Mati,338742056
100.4177796,6.2228651,Mary Eve Clinic,doctor,,"3, Jalan KSB 17, Kota Syahbandar, 75200 Melaka, Malaysia",Melaka,7048572921
101.4726596,2.9243302,Uni Klinik,clinic,,"No 1G, Jalan Indah 50, Kampung Medan, 42500 Telok Panglima Garang, Selangor, Malaysia",Telok Panglima Garang,12707492830
102.1575866,6.1901,Unit Kecemasan Dan Trauma,hospital,,"16200 Tumpat, Kelantan, Malaysia",Tumpat,11552919632
102.1573809,6.1901025,Unit Farmasi,pharmacy,,"2899-P (PT 335 & 336, Jln Kebun Sultan, Bandar Kota Bharu, 15350 Kota Bharu, Kelantan, Malaysia",Kota Bharu,11552919614
102.157198,6.1912645,Melur Ward (Paediatric),clinic,,,,11552919612
100.3892994,6.1194695,Georgetown Pharmacy,pharmacy,,"11, Jalan Meranti 2, Dataran Shahab, 05300 Alor Setar, Kedah, Malaysia",Alor Setar,11541805493
100.5076134,5.6540096,Farmasi Zuffa Ria Indah,pharmacy,,"A102, Lorong Ria Indah 12, Taman Ria Indah, 08000 Sungai Petani, Kedah, Malaysia",Sungai Petani,2992497111
102.2162841,2.38477,Klinik Anda 24 Jam,clinic,,"KM 7-1, Jalan Perniagaan Jelatang 1, Pusat Perniagaan Jelatang, 78000 Alor Gajah, Melaka, Malaysia",Alor Gajah,9875478772
102.2307121,6.1147279,Klinik Pergigian Norazleen,dentist,,"Pt 369, Tingkat Bawah Seksyen 17, Bandar Kota Bharu, 15050 Kota Bharu, Kelantan, Malaysia",Kota Bharu,9901476053
103.6468329,1.5938578,Klinik Sukimi,clinic,,"2, Jalan Impian Senai Utama, Taman Impian Senai, 81400 Senai, Johor Darul Ta'zim, Malaysia",Senai,11516670270
104.2725009,1.3883338,Klinik Kesihatan Bayu Damai Pengerang,clinic,,"1.388526, 104.275025, 81900 Bandar Penawar, Johor Darul Ta'zim, Malaysia",Bandar Penawar,11516600883
103.645733,1.5971052,Klinik Senai,clinic,,"10, Jalan Seni, Kampung Baru Senai, 81400 Senai, Johor Darul Ta'zim, Malaysia",Senai,11516670274
103.6457387,1.5963059,Farmasi Breeds,pharmacy,,"32, Jalan Impian Senai Utama, Taman Impian Senai, 81400 Senai, Johor Darul Ta'zim, Malaysia",Senai,11516670272
102.7717741,2.1497125,Klinik Pagoh,clinic,,"82-4, Jalan Besar, Pagoh, 84600 Muar, Johor Darul Ta'zim, Malaysia",Muar,9891929903
100.3663655,6.1232488,O2 Clinic,clinic,,"No. 8A & 8B, Ground & Mezzanine Floor, Samila Business Center, Aman Walk, Lebuhraya Darul Aman, Kampung Lubok Peringgi, 05100 Alor Setar, Kedah, Malaysia",Alor Setar,4810859401
104.108929,1.925678,Klinik Kesihatan Tanjung Sedili,clinic,,"Jalan Dato Usman Awang, Tanjung Sedili, 81900 Tanjung Sedeli, Johor Darul Ta'zim, Malaysia",Tanjung Sedeli,11515698686
102.5111961,5.7457637,Klinik Pakar Darul Iman,clinic,,"Lot 449, Kampung Nyior 7, Kampung Jawik, 22000 Jerteh, Terengganu, Malaysia",Jerteh,10287639675
102.376972,5.8390864,Klinik Primer,clinic,,"Lot 585, Klinik Primer, Bangunan Kedai, Wakaf Lanas, 16800 Pasir Puteh, Kelantan, Malaysia",Pasir Puteh,8929854800
102.5806345,5.6744386,Gpharmax,pharmacy,,"Lot 8852 (PT8127) Tingkat Bawah RK Taman SL Wira Perdana,Jalan Besar, Kampung Gong Penaga, 22020 Jerteh, Terengganu, Malaysia",Jerteh,11947864574
100.4802838,6.0295236,Farmasi Tanah Merah Utara,pharmacy,,"Caltex Petrol Station, K128, Tanah Merah, 06700 Pendang, Kedah, Malaysia",Pendang,6215299132
102.4954999,5.7377062,Farmasi Zuq,pharmacy,,"Lot 415, Jalan Haji Jusoh, Kampung Tanduk, 22000 Jerteh, Terengganu, Malaysia",Jerteh,10764045513
102.2139547,6.1143797,Farmasi,pharmacy,,"PT 2905 (Tingkat Bawah), Desa SBJ Putra, Kampung Pasir Pekan, 16250 Wakaf Bharu, Kelantan, Malaysia",Wakaf Bharu,8855760533
102.2138963,6.114131,Farmasi Alpro,pharmacy,,"PT 2905 (Tingkat Bawah), Desa SBJ Putra, Kampung Pasir Pekan, 16250 Wakaf Bharu, Kelantan, Malaysia",Tumpat,8855757242
102.208894,6.1207063,Klinik Zaini Pasir Pekan,clinic,,"D/A Depan Shell, Lot 2876, Kota Kubang labu, Wakaf baru, Tumpat, Tumpat, 16210 Wakaf Bharu, Kelantan, Malaysia",Wakaf Bharu,10205647323
100.4849017,5.648673,Klinik pergigian Sungai Petani,dentist,,"Jalan Kapal Terbang, Kampung Teroi, 08000 Sungai Petani, Kedah, Malaysia",Sungai Petani,3866642876
102.5548424,5.782168,Farmasi Ibnu Sina (Besut),pharmacy,,"Lot 5682, Taman D'Lahar, Kampung Gong Kepas, 22200 Besut, Terengganu, Malaysia",Besut,10951829789
102.1620024,6.1489089,Klinik Dr Wan,clinic,,"Chabang Empat Tok Mek Ngah, Jalan Kota Bharu - Pengkalan Kubor, 16210 Tumpat, Kelantan, Malaysia",Tumpat,10137312836
100.5020109,6.1660639,Farmasi Arif,pharmacy,,"13, Susuran Angsana, Taman Angsana, 06400 Pokok Sena, Kedah, Malaysia",Pokok Sena,3921103447
100.3417098,6.6520225,โรงพยาบาลปาดังเบซาร์,hospital,,"Padangbesa, Sadao District, Songkhla 90240, Negara Thai",Padangbesa,7688165144
100.3446645,6.1847764,Farmasi Sri Gunung,pharmacy,,"No 2,depan sek.keb.seri gunung, Jalan Gunung Keriang, Kampung Simpang Empat, 05150 Alor Setar, Kedah, Malaysia",Alor Setar,4752394293
100.3689828,6.1530049,Otto Pharma Sdn Bhd,pharmacy,,"Arau, 02600 Arau, Perlis, Malaysia",Arau,4474560062
100.4193775,6.2378274,Zaharah Dialysis Centre,doctor,,"Jalan Jitra, Bandar Darulaman Jaya, 06000 Jitra, Kedah, Mala, Bandar Darulaman, 06000 Jitra, Kedah, Malaysia",Jitra,5036015281
100.4183833,6.5256917,หอมยา Pharmacy,pharmacy,,"161 163 หมู่7 ถนนกาญจนวานิช Tambon Samnak Kham, Amphoe Sadao, Chang Wat Songkhla 90320, Negara Thai",Tambon Samnak Kham,4805232228
103.7595047,1.4659796,Maria Hospital,hospital,,"Wisma Maria, Jalan Ngee Heng, Bandar Johor Bahru, 80000 Johor Bahru, Johor Darul Ta'zim, Malaysia",Johor Bahru,10858968181
101.8544193,2.4624813,Klinik Mesra,doctor,,"Jln Pantai, Teluk Kemang Square, 71050 Port Dickson, Negeri Sembilan, Malaysia",Port Dickson,417965592
103.6302044,1.3107871,"Drs Koo, Loh & Fok",doctor,,"14 Tech Park Cres, Singapore 638118",Singapore,4584787689
101.6264097,3.0788451,Farmasi Nadi Utama,pharmacy,,"No. 16G, Petaling Jaya Commercial Centre, Jalan PJS 5/30, Kampung Ghandi, 46150 Petaling Jaya, Selangor, Malaysia",Petaling Jaya,4734662569
100.347717,6.1231482,Klinik Pergigian Izznara,dentist,,"109B, Susuran Tuanku Haminah, Pusat Perdagangan Tuanku Haminah, 05150 Alor Setar, Kedah, Malaysia",Alor Setar,7575144129
103.6884188,1.5079149,Farmasi My Pharmacy,pharmacy,,"Lot No. Ns001, Kipmall Tampoi, Jalan Titiwangsa 1, Taman Tampoi Indah, 81200 Johor Bahru, Johor Darul Ta'zim, Malaysia",Johor Bahru,7555668738
103.6667718,1.5168178,Klinik Pergigian L&L,dentist,,"15, Jalan Sutera Tanjung 8/2, Taman Sutera Utama, 81300 Skudai, Johor Darul Ta'zim, Malaysia",Skudai,7553897832
103.6672461,1.5160755,Kedai Kelengkapan Peribadi Watsons,pharmacy,,"No. 39, Ground Floor, Jalan Sutera Tanjung 8/2, Taman Sutera Utama, 81300 Skudai, Johor Darul Ta'zim, Malaysia",Skudai,7553897837
103.6692775,1.5151901,Farmasi Wellness Pharmacy,pharmacy,,"96, Jalan Sutera Tanjung 8/3, Taman Sutera Utama, 81300 Skudai, Johor Darul Ta'zim, Malaysia",Skudai,4146230190
103.6671,1.5170225,Farmasi Loving,pharmacy,,"39, Jalan Bestari 1/5, Taman Nusa Bestari 2, 81300 Skudai, Johor Darul Ta'zim, Malaysia",Skudai,7555418253
103.68477,1.480911,Farmasi U Life Pharmacy,pharmacy,,"G-84 & 85, No. 01-01, Shopping Mall Ground Floor Bay Point, Persiaran Danga Perdana, 80200 Johor Bahru, Johor Darul Ta'zim, Malaysia",Johor Bahru,7554130980
102.2406981,6.1163879,Klinik Mesra,clinic,,"PT 193 & PT 194, Tingkat bawah, Seksyen 12, Jln Mahmood, Bandar Kota Bharu, 15200 Kota Bharu, Kelantan, Malaysia",Kota Bharu,10215067563
115.9226878,5.0045834,Klinik Kesihatan Paal,hospital,,"D/A Pejabat Kesihatan Kawasan Keningau, Peti Surat 97 Tenom, 89900 Tenom, Sabah, Malaysia",Tenom,3247816108
103.7803611,1.5602781,Farmasi Caring,pharmacy,,"No 31, Jalan Austin Heights 3, Taman Mount Austin, 81100 Johor Bahru, Johor Darul Ta'zim, Malaysia",Johor Bahru,10946619844
102.4751241,5.741483,Dialisis Jerteh,clinic,,"Lot 3907 Tingkat Bawah, Taman D'Wan Paa Jalan Besar, Kampung Padang Luas, 22000 Jerteh, Terengganu, Malaysia",Jerteh,10279562634
103.7749926,1.481659,Farmasi Big,pharmacy,,"Lot C1A & C1B, Village Grocer, The Mall, Mid Valley Southkey, AT-2, Lower Ground Floor, Mid Valley, The Mall, Southkey, 80150 Johor Bahru, Johor Darul Ta'zim, Malaysia",Johor Bahru,11732758866
103.7751313,1.4825598,Health Lane Family Pharmacy,pharmacy,,"No.78 GF, Jalan Pingai, Taman Pelangi, 80400 Johor Bahru, Johor Darul Ta'zim, Malaysia",Johor Bahru,11732758861
103.7736259,1.4806238,Pusat Akupunktur Dan Produk Herba Cina TCM Acupunture Centre,clinic,,"53, Jalan Perang, Taman Pelangi, 80400 Johor Bahru, Johor Darul Ta'zim, Malaysia",Johor Bahru,11733292045
103.7738302,1.4803582,Klinik Chen,clinic,,"190, Jalan Sri Pelangi, Taman Pelangi, 80400 Johor Bahru, Johor Darul Ta'zim, Malaysia",Johor Bahru,11733292042
103.775533,1.4829213,Ren Kang Healthcare Centre,clinic,,"59, Jalan Kuning, Taman Pelangi, 80400 Johor Bahru, Johor Darul Ta'zim, Malaysia",Johor Bahru,11733160200
103.7694626,1.4601646,Klinik Pergigian Puteri,dentist,,"G-168, 1, Jalan Tanjung Puteri, Tanjung Puteri, 80300 Johor Bahru, Johor, Malaysia",Johor Bahru,11707582110
103.7616179,1.4863067,Big Pharmacy,pharmacy,,"47, Jalan Serigala, Taman Abad, 80250 Johor Bahru, Johor Darul Ta'zim, Malaysia",Johor Bahru,11660211669
103.7600546,1.4855038,Klinik Zemlya Clinic,clinic,,"141, Jalan Harimau, Century Garden, 80250 Johor Bahru, Johor Darul Ta'zim, Malaysia",Johor Bahru,11676731327
103.7612441,1.4857652,Farmasi AM PM,pharmacy,,"3, Jalan Serampang, Taman Sri Tebrau, 80050 Johor Bahru, Johor Darul Ta'zim, Malaysia",Johor Bahru,11676731494
103.7600339,1.4865059,Kedai Ubat Johor Bahru,pharmacy,,"49, 51, Jalan Sutera, Taman Sentosa, 80150 Johor Bahru, Johor Darul Ta'zim, Malaysia",Johor Bahru,11676731315
103.7600234,1.4870113,Farmasi You,pharmacy,,"185, Jalan Harimau, Taman Abad, 80250 Johor Bahru, Johor Darul Ta'zim, Malaysia",Johor Bahru,11676731311
103.7609155,1.4852228,Kedai Ubat Dan Perniagaan Zhong Xing,clinic,,"18, Jalan Serigala, Taman Abad, 80250 Johor Bahru, Johor Darul Ta'zim, Malaysia",Johor Bahru,11676731454
103.7600628,1.4851093,Klinik Lihui,clinic,,"131, Jalan Harimau, Taman Abad, 80250 Johor Bahru, Johor Darul Ta'zim, Malaysia",Johor Bahru,11676731355
101.644392,3.9877606,Klinik Desa Pos Buntu,hospital,,"Jalan, Ulu Sungai, 27610 Raub, Pahang, Malaysia",Raub,2573560199
103.1022772,5.2327344,Farmasi Iman Medicare (Bukit Payong),dentist,,"Kampung Bukit Payung, 21400 Bukit Payong, Terengganu, Malaysia",Bukit Payong,11651490720
101.9192578,2.6684424,Poliklinik Foo & Yong,doctor,,"2, Jalan Bunga Raya 2/1, Taman Bunga Raya, 71700 Mantin, Negeri Sembilan, Malaysia",Seremban,4875054369
101.906527,3.5261429,Klinik Pakar,clinic,,"P-48-G & P, 49-G, Jalan MG 3, Pusat Perniagaan Mutiaramas Gemilang, 28700 Bentong, Pahang, Malaysia",Bentong,12875587075
103.7758349,1.4782165,Kedai Ubat Weng Thye Lian,pharmacy,,"123, Jalan Sri Pelangi, Taman Pelangi, 80400 Johor Bahru, Johor Darul Ta'zim, Malaysia",Johor Bahru,11757161483
103.7846687,1.5523799,Klinik Pergigian Austin,dentist,,"32, Jalan Austin Heights 8/9, Taman Mount Austin, 81100 Johor Bahru, Johor Darul Ta'zim, Malaysia",Johor Bahru,10933646170
103.785804,1.5519589,Klinik Lee,clinic,,"105, Jalan Mutiara Emas 2A, Taman Mount Austin, 81100 Johor Bahru, Johor Darul Ta'zim, Malaysia",Johor Bahru,10933495525
103.7834363,1.5546925,Klinik my Clinic,clinic,,"105, Jalan Mutiara Emas 10/19, Taman Mount Austin, 81100 Johor Bahru, Johor Darul Ta'zim, Malaysia",Johor Bahru,10933484556
103.7848243,1.5520729,Klinik Pergigian Q&M,dentist,,"29, Jalan Mutiara Emas 10/19, Taman Mount Austin, 81100 Johor Bahru, Johor Darul Ta'zim, Malaysia",Johor Bahru,10933646174
103.7754988,1.4833007,Klinik Irvine,clinic,,"69, Jalan Kuning, Taman Pelangi, 80400 Johor Bahru, Johor Darul Ta'zim, Malaysia",Johor Bahru,11733159485
103.7753959,1.4844444,Klinik Dr. Ko,clinic,,"101, Jalan Kuning, Taman Pelangi, 80400 Johor Bahru, Johor Darul Ta'zim, Malaysia",Johor Bahru,11733159475
103.7749898,1.4839066,Farmasi Sunway Multicare,pharmacy,,"25, Jalan Keris, Taman Sri Tebrau, 80050 Johor Bahru, Johor Darul Ta'zim, Malaysia",Johor Bahru,11733147464
103.7750091,1.4836543,Pakar Kanak-Kanak S.T. Lim,clinic,,"56, Jalan Kuning, Taman Pelangi, 80400 Johor Bahru, Johor Darul Ta'zim, Malaysia",Johor Bahru,11733147462
103.772916,1.4822359,Pusat Akupunktur Korean Advanced TCM,clinic,,"14, Jalan Pingai, Taman Pelangi, 80400 Johor Bahru, Johor Darul Ta'zim, Malaysia",Johor Bahru,11733147433
103.7742613,1.4820593,Farmasi Caring,pharmacy,,"Lot F-022, 1, The Mall, Mid Valley, No. 1, Persiaran, Southkey, 80150 Johor Bahru, Johor Darul Ta'zim, Malaysia",Johor Bahru,11733147413
103.7745064,1.4820871,Qin TCM Acumedic Centre,clinic,,"53, Jalan Perang, Taman Pelangi, 80400 Johor Bahru, Johor Darul Ta'zim, Malaysia",Johor Bahru,11733147410
103.7744389,1.4815893,Pusat Perubatan Akupunktur Huaren TCM Centre,clinic,,"38, Jalan Perang, Taman Pelangi, 80400 Johor Bahru, Johor Darul Ta'zim, Malaysia",Johor Bahru,11733147394
103.7738987,1.4815214,Klinik Pergigian SG Dental,dentist,,"24, Jalan Perang, Taman Pelangi, 80400 Johor Bahru, Johor Darul Ta'zim, Malaysia",Johor Bahru,11733147389
103.7737009,1.4814965,Klinik Pelangi,clinic,,"18, Jalan Perang, Taman Pelangi, 80400 Johor Bahru, Johor Darul Ta'zim, Malaysia",Johor Bahru,11733147386
103.5881527,1.553018,Klinik Komuniti Bandar Baru Kangkar Pulai,clinic,,"Aras Bawah Pangsapuri, 81110 Kangkar, Kenari B1, Jalan Pulai Harmoni 4, Bandar Baru Kangkar Pulai, 81110 Johor Bahru, Johor Darul Ta'zim, Malaysia",Johor Bahru,8191056479
117.9785183,5.5633848,Kinabatangan Hospital,hospital,,"W.D.T 200, Pekan Kota Kinabatangan, 90200 Kinabatangan, Sabah, Malaysia",Kinabatangan,1319904966
102.3615503,6.0723652,Klinik Pancho,clinic,,"575, Jalan Hospital, 15400 Kota Bharu, Kelantan, Malaysia",Kota Bharu,8971279650
103.5935158,1.3369397,MJ Healthcare Centre,clinic,,"KPMG Tower, Level 2-2, No. 8, First Avenue, Persiaran Bandar Utama, Bandar Utama, 47800 Petaling Jaya, Selangor, Malaysia",Petaling Jaya,11880550836
102.2385505,6.0910252,Klinik Primer Wakaf Che Yeh,clinic,,"2890, Jalan Kuala Krai, Wakaf Che Yeh, 15100 Kota Bharu, Kelantan, Malaysia",Kota Bharu,10224838290
102.2018847,6.1220088,Klinik Anda,clinic,,"Lot 2262 & 2263 (Tingkat Bawah & Tingkat, Satu, Jalan Puteri Saadong, 16250 Wakaf Bharu, Kelantan, Malaysia",Wakaf Bharu,11817540361
103.8343549,2.4271362,Dental Clinic Dr. G,dentist,,"90-2, Jalan Jemaluang, Kampung Pengkalan Batu, 86800 Mersing, Johor Darul Ta'zim, Malaysia",Mersing,9711220917
102.7558732,2.1107614,Klinik Desa,doctor,,"Kampung Panjang Sari Pagoh, Johor, Kampung Panjang Sari, 84600 Muar, Johor, Malaysia",Muar,577502608
102.2017973,6.1211168,Farmasi Arda,pharmacy,,"No. 8, Wisma MDT 1, Jalan Puteri Saadong Tumpat, 16250 Wakaf Bharu, Kelantan, Malaysia",Wakaf Bharu,9016840463
101.5560625,3.0501727,Klinik Mediviron,doctor,,"Usj 10, 47620 Subang Jaya, Selangor, Malaysia",Subang Jaya,577449522
103.7756994,1.4785954,Kedai Ubat Seng Seng,pharmacy,,"No. 128, Jalan Sri Pelangi, Taman Pelangi, 80400 Johor Bahru, Johor Darul Ta'zim, Malaysia",Johor Bahru,11757154857
101.9057733,3.5265043,Klinik Dada,clinic,,"Jln Changkat Jong, 36000 Teluk Intan, Perak, Malaysia",Teluk Intan,12875626018
101.9054179,3.5262566,Klinik Nefrologi,clinic,,"Jalan Utama Hospital, 50586 Kuala Lumpur, Wilayah Persekutuan Kuala Lumpur, Malaysia",Kuala Lumpur,12875626017
101.9052818,3.5256931,Unit Rehabilitasi,clinic,,"Jalan Yaacob Latif, Bandar Tun Razak, 56000 Cheras, Wilayah Persekutuan Kuala Lumpur, Malaysia",Cheras,12875626001
101.9053207,3.5257219,Unit Fisioterapi,clinic,,"HM82+4X, Pekan Kuala Kubu Bharu, 44000 Kuala Kubu Baru, Selangor, Malaysia",Kuala Kubu Baru,12875587100
103.781613,1.5176433,Perkhidmatan Perunding Kesihatan Revine,doctor,,,,12068363934
100.7034637,4.8251768,Poliklinik Simpang,clinic,,"657, Jalan Taman Kota Jaya, Taman Kota Jaya, 34700 Simpang, Perak, Malaysia",Simpang,9846405684
103.4406492,4.2298498,Klinik Desa Kuala Kemaman,doctor,,"24000 Kemaman, Terengganu, Malaysia",Kemaman,2194455262
116.0767683,5.9279017,Klinik & Surgeri Dr. Goh,hospital,,"Jalan Bundusan, bundusan, 88300 Kota Kinabalu, Sabah, Malaysia",Kota Kinabalu,2467227890
116.0771362,5.9281584,Klinik Kissey,hospital,,"Lot 15, Block B, Penampang By-Pass Road, Plaza Grand Millenium, Jalan Pintas Penampang, 89500 Kota Kinabalu, Sabah, Malaysia",Kota Kinabalu,2467227887
102.1948627,6.0390558,Klinik Desa Salor,hospital,,"Jalan Wakaf Che Yeh - Salor - Pasir Mas, 15100 Pasir Mas, Kelantan, Malaysia","Kota Bharu, Kelantan",2513653432
102.197005,6.0403312,Klinik Sakit Puan Salor,hospital,,"PT673-C, Kampung Kasar, 17000 Pasir Mas, Kelantan, Malaysia",Kota Bharu,2514648719
117.8506346,5.5846641,Hospital Kota Kinabatangan,hospital,,"W.D.T 200, Pekan Kota Kinabatangan, 90200 Kinabatangan, Sabah, Malaysia",Kinabatangan,6147237286
102.6455409,2.129118,Klinik Desa Jorak,hospital,,"Kampung Serpang, 84300 Bukit Pasir, Johor Darul Ta'zim, Malaysia",Bukit Pasir,274829066
103.6803399,1.518417,Pusat Perubatan Tradisional Cina Nature Concept TCM Healthcare,doctor,,"10, Jalan Pertama 4, Pusat Perdagangan Danga Utama, 81200 Johor Bahru, Johor Darul Ta'zim, Malaysia",Johor Bahru,7555547033
101.7047916,2.8969773,Farmasi Ich Liebe Dich,pharmacy,,"No.3, Jalan Pinggiran Putra 4A/14, Desa Pingggiran Putra, 43800 Kajang, Selangor, Malaysia",Kajang,4894231480
102.1186083,6.0129717,"Hospital Pasir Mas, Lati",hospital,,"Kampung Banggol Manok, 17000 Pasir Mas, Kelantan, Malaysia",Pasir Mas,4511513789
102.2165215,6.1202889,Klinik Primer Wakaf Bharu,clinic,,"Gf & 1st Floor, PT 3301 Taman Sri Kota, SBJ, Kampung Pasir Pekan, 16250 Wakaf Bharu, Kelantan, Malaysia",Wakaf Bharu,8985427514
118.2869814,5.5104,Klinik Kesihatan Sukau,hospital,,"Jalan Kampung Sukau, 90200 Kinabatangan, Sabah, Malaysia",Kinabatangan,4746303827
116.0912224,5.9623577,City Parade Pharmacy,pharmacy,,"City Parade, Lot 55, Lorong Centre Point, Pusat Bandar Kota Kinabalu, 88000 Kota Kinabalu, Sabah, Malaysia",Kota Kinabalu,10313890000
100.6099847,6.2556889,Klinik Dr Latipah,clinic,,"Lot 102, Aked MDPT 3, Jalan Bendahara, Kedah, Kuala Nerang, 06300 Kuala Nerang, Kedah, Malaysia",Kuala Nerang,9394677996
102.2534697,6.133475,Farmasi Alpro,pharmacy,,"Lot 1368, Tingkat Bawah, Taman Koperatif Tanjong Chat, Jalan Long Yunus, 15300 Kota Bharu, Kelantan, Malaysia",Kota Bharu,12429574860
116.1070784,5.9676306,Klinik Malaysia,clinic,,"Lot 12, Bunga Raja Shopping Complex, Lrg Bunga Raja 5A, Taman Bunga Raja, 88300 Kota Kinabalu, Sabah, Malaysia",Kota Kinabalu,10235353373
102.4761599,5.7418112,Klinik Pergigian Padang Luas,dentist,,"22000 Jerteh, Terengganu, Malaysia",Jerteh,10279562636
102.2427089,6.1288265,Pusat Perkhidmatan Keluarga,clinic,,"Jln Kebun Sultan, Bandar Kota Bharu, 15350 Kota Bharu, Kelantan, Malaysia",Kota Bharu,10208990560
102.2414738,6.1276193,Klinik Balkhis,clinic,,"Jalan Padang Garong, Bandar Kota Bharu, 15000 Kota Bharu, Kelantan, Malaysia",Kota Bharu,10268953920
101.7397869,3.045601,Trust clinic,clinic,,"No 22 Ground Floor, Jalan Damai Perdana 1/9b, Bandar Damai Perdana, 56000 Cheras, Wilayah Persekutuan Kuala Lumpur, Malaysia",Cheras,2997540409
103.7604135,1.4630866,KPJ Medical Suites,clinic,,"39-B, Jalan Abdul Samad, Kolam Ayer, 80100 Johor Bahru, Johor Darul Ta'zim, Malaysia",Johor Bahru,12466420732
100.4639947,5.1037598,Klinik Desa Titi Serong,clinic,,"Titi Serong, 34200 Parit Buntar, Perak, Malaysia",Parit Buntar,12422703469
103.7849655,1.5216783,Klinik Pergigian Anna,dentist,,"65, Jalan Molek 3/10, Taman Molek, 81100 Johor Bahru, Johor Darul Ta'zim, Malaysia",Johor Bahru,12068364045
102.2329029,6.177268,Unit Kecemasan,clinic,,"16200 Tumpat, Kelantan, Malaysia",Tumpat,12069059213
102.2332087,6.1772836,Unit Pesakit Luar,clinic,,"Hospital Universiti Sains Malaysia, Kubang Kerian, 15200 Kota Bharu, Kelantan, Malaysia",Kota Bharu,12069059252
102.2330432,6.1772715,Unit Farmasi,pharmacy,,"No. Lot 125, Taman Maktab, Pengkalan Chepa, Kelantan, Taman Orkid, 16100 Kota Bharu, Kelantan, Malaysia",Kota Bharu,12069059223
103.7819336,1.5169908,Klinik OverseaA,clinic,,"33, Jalan Ponderosa 2/2, 81100 Johor Bahru, Johor Darul Ta'zim, Malaysia",Johor Bahru,12068334964
103.3063424,1.6720019,Klinik Desa Parit Marjunit,clinic,,"Kampung Parit Marjunid Parit Ismail, 82200, Johor, Malaysia",Johor,8848022084
116.0613361,5.9612582,Kinlife Pharmacy,pharmacy,,"LOTB8, BLOCK B, LORONG CYBER SQUARE 1, CYBER SQUARE, Jln Lintas, Kampung Kepayan, 88200 Kota Kinabalu, Sabah, Malaysia",Kota Kinabalu,10112435846
102.162109,6.1488874,Unique,dentist,,"PT 39 (RUJ-B) Tingkat Bawah, Chabang Empat Tok Mek Ngah, Jalan Kota Bharu - Pengkalan Kubor, Kampung Bendang Luas, 16210 Tumpat, Kelantan, Malaysia",Tumpat,10137269207
